tilt_x,tilt_y,tilt_magnitude,pressure,gas_raw,temperature,humidity,distance_cm,vib_rms,risk_label
-13.506057566082914,7.655078593165035,15.524619777819973,967.6918687439124,388.21402488618673,39.085553577726486,84.5333992441881,7.049550874228563,1.332265608679517,MODERATE_RISK
12.90049343218233,5.524248749522662,14.033533234377654,970.1537143539991,397.24646164270985,45.21477082734017,83.27224751600396,5.5016409541886535,1.076856997863358,MODERATE_RISK
10.083364825641773,6.887218739906806,12.210979820567768,982.9149743597296,641.7844539958708,43.10852364963798,87.09538569913389,11.946611309371544,1.1800469421516184,MODERATE_RISK
1.376792920582164,1.250293442413387,1.859782900853506,1025.3392394419789,191.23813852600233,22.244457829698376,57.315600286699265,46.34296790522149,0.19022191296290403,LOW_RISK
-31.043606262993453,24.749622286712587,39.70200616022705,885.294523957736,889.3717511709643,65.07894163211711,93.9723759600254,1.2559008054831677,4.525060964087606,HIGH_RISK
-7.106253577761871,3.7827116283276956,8.050325904864904,990.894412835617,564.3504650524152,46.35217260608769,78.77271726267178,8.817440143087603,0.9735284837202317,MODERATE_RISK
8.626006210609678,7.9179270474434915,11.709037188177085,982.0138989380949,383.6929657982539,47.56226197076154,84.82641801445061,8.330084596375396,1.0106059366120421,MODERATE_RISK
-26.223154048689196,29.51070078794357,39.47828858064668,926.6523113715492,729.5773124468589,73.35646055882978,93.8929625121075,3.271342936570366,2.798341799563318,HIGH_RISK
0.1804434475678483,-0.48401975826320365,0.5165607071384165,1019.7411724359328,101.09668549220714,29.389200750174837,61.41873843594314,46.19928872924648,0.07526884824484063,LOW_RISK
-22.98263207606849,23.667654954475406,32.9902905138472,923.2028618800414,940.3294307829306,72.87264603310412,98.2997998857548,2.324264837067666,2.1229164779070486,HIGH_RISK
39.86274221230018,-26.68240627647312,47.968625385631704,921.1861084222974,738.0140743754987,60.038108476152324,92.23528086273812,1.2717959697504249,3.57876551257889,HIGH_RISK
-1.0153830004589381,0.7410452794241082,1.2570404702227176,1007.985068087398,212.3555464943277,22.54270742361482,47.951418622278496,40.30016085424967,0.12415384048954518,LOW_RISK
-0.36861459612891645,-1.5935902922203196,1.6356670626805836,1004.5329357012608,116.17838027577966,25.906736993978388,42.956405542388275,40.5320249314044,0.03773375086294694,LOW_RISK
6.869743457109713,-4.458999449165324,8.189997024062853,972.2451768482098,506.13701600516055,38.2899274499898,78.5695286729568,7.082466325517984,0.9541622146385278,MODERATE_RISK
-18.365956934116923,-26.80542037990862,32.49367532073677,898.9117776608883,777.6616325430316,68.393313369455,92.75750100343585,1.5137118479655873,6.290859993328274,HIGH_RISK
0.5530099633093517,1.0454316067661034,1.1826864605401413,1012.8859020375901,212.62924979504177,19.22558295132094,65.27663504395544,45.187874296679325,0.09595480641278217,LOW_RISK
-13.446213911292313,6.585948634932153,14.972487701454146,968.0793480133531,583.8315679295043,46.311389644353824,83.97150704483147,10.001752966079888,0.6321846882498866,MODERATE_RISK
-2.2727865932978286,-0.20102575000937653,2.281659538765848,1006.9621117389202,200.36134678908945,28.99052830768098,53.798258538818885,56.01006962329808,0.08504907795923686,LOW_RISK
-35.68235125291538,-19.854859838048718,40.834368491810814,922.4538252308024,907.6382558200014,52.03921572455209,98.32382882295772,2.9200228791341694,5.298890179207912,HIGH_RISK
23.526775519126275,35.690226033085295,42.74694609700298,927.5338750942827,973.6660669653847,64.52867216308304,95.94184973083703,2.8724294307347082,4.299902380231077,HIGH_RISK
-2.217782985551141,-0.25894094991122946,2.2328483572650115,1006.6706405409424,274.2301814736571,29.144350604185025,69.29468983443661,42.44505414902137,0.2968158603417849,LOW_RISK
-0.9340492797308907,-3.2293358894287243,3.3617046782426034,1024.628958893588,148.26372919001042,16.97017255701996,69.05257391501223,41.842814862584085,0.020030240089105963,LOW_RISK
0.3740755255661329,0.9570766521611358,1.0275836788016566,1007.4023497942762,182.57494846105357,21.02853599565782,63.13729222099534,40.56979876510812,0.11785789233564281,LOW_RISK
-35.73721233409831,-35.27444599248276,50.213891359752346,934.049858623108,941.5447046922318,74.4670744031446,94.23292945236928,2.7208123556571584,2.1121689306651286,HIGH_RISK
-7.7488852341472905,8.73325830371012,11.675402475773915,964.703890289106,471.86081521104586,47.69330125351661,85.59090961396026,9.257914379453782,0.9321560976736305,MODERATE_RISK
-26.146236733487658,-35.96859793559209,44.46758069398266,915.7590788636456,750.6953139380716,62.52404384216293,91.26538205628151,1.6137779602217335,2.4407172244393665,HIGH_RISK
25.226571734075534,-42.29030765715254,49.24276640473272,944.1909988760018,875.1477952355142,67.1265809772305,91.51441224713028,1.6963548689753867,5.028990316411601,HIGH_RISK
9.532192067047323,4.517442533715569,10.548458306714894,976.9298964177293,529.8524533482098,47.35974084710725,79.29526609900353,6.671764984119445,0.6643750781316186,MODERATE_RISK
1.3493998131498761,1.378614724481653,1.929108191441461,1016.5971857671095,131.7183182269568,30.244669991210497,47.20735055392912,41.714325188609706,0.07461642238184361,LOW_RISK
9.47321282999486,-2.614825294521456,9.827465219640741,980.032323845325,619.9199735482889,46.41308351499702,85.35697505306254,8.918304295763498,0.8254547071536491,MODERATE_RISK
8.308922414531974,2.073009843424452,8.56361848178949,976.0338199621209,533.1344274998851,46.25038910623361,84.56128804367202,6.812615619327887,1.2336649090634775,MODERATE_RISK
9.615943422586163,2.7234844459297296,9.994185081015823,984.2472180551342,587.4585480270022,46.073143007690526,83.48033072221592,10.912700135681451,1.3552920850705459,MODERATE_RISK
0.2801501467156175,1.4627964446736446,1.4893815975950009,1015.1805754793343,213.77530620813707,27.96983565437048,40.38464948531818,56.62349457161709,0.020482416309139963,LOW_RISK
23.33874471392955,37.52364529362002,44.18960240761831,928.2416374891852,808.841568527458,73.63730641083514,98.56434849740775,2.0702828816126333,4.047723448945797,HIGH_RISK
-0.7395014019882492,3.7394992761491856,3.811917779787868,1021.0808644062544,265.77190996911315,23.77752355572675,53.74614415756648,51.14015104804068,0.04210893131479077,LOW_RISK
-2.003016538065152,-0.12465835894304214,2.00689186510307,1008.0518781852138,233.1717287769484,25.056597059863034,53.46554096956009,39.81004322505385,0.1803544469878452,LOW_RISK
15.362940650953567,-33.200446385738736,36.582640495965215,919.0230545580903,844.7185562013264,55.98214619929815,94.90516167621813,1.3048053873776264,2.2937486243739658,HIGH_RISK
-1.2273310248502087,-0.10574816708863682,1.2318782892000613,1016.9121829292151,238.4382389603352,29.58412057656826,48.393007926611226,38.00460785907762,0.06462535528921205,LOW_RISK
1.2192931782584402,0.4010884711078544,1.2835683917124185,1018.4536007402891,206.2750652096502,28.438339489374226,53.66396716019085,41.73268552137596,0.14043026042701132,LOW_RISK
5.286710862754341,-4.4128673864563845,6.886414910300944,980.557421780429,621.924191199638,44.487218801549055,84.18922356234722,10.16934142294348,0.9630017853217787,MODERATE_RISK
0.25977138877677297,-2.389490600297504,2.403569533701311,1014.7676493408832,146.88023579774972,37.60822693804834,43.614454673154036,45.53603981020067,0.01171780465051323,LOW_RISK
-1.7943099361210062,-2.6095706681671493,3.1669239364122577,1012.42422597654,150.9795366973108,26.974619390572602,48.540242165393906,46.4922590699072,0.018785693760457134,LOW_RISK
2.7471881487815306,0.20480299662410617,2.7548116073938536,1008.0498085247448,117.32798795953651,22.96314654960346,50.41865422917093,38.122445552156286,0.32173532805117055,LOW_RISK
0.5213725580425066,1.2120866974217177,1.3194633402813711,1023.981807324247,116.15703011247591,21.348756322813948,49.507390414556326,39.32989907032521,0.011307609957512335,LOW_RISK
-12.564046234749249,0.4353745109886298,12.571587360144118,966.7483410025446,592.517305784686,41.324477182476386,81.19549062878407,11.819438911285536,0.831484855063513,MODERATE_RISK
-13.03912532488952,3.7923133640515667,13.579411986140613,973.9255511820575,578.8534363535304,41.63786051599057,83.7575008352031,7.654699776156738,1.2278680061190077,MODERATE_RISK
19.534019995466814,-38.47097385453479,43.14619063717673,915.0355354414195,955.4022405615414,70.90304116202945,94.32975744606101,1.889153435985428,2.8361297557010143,HIGH_RISK
-2.5873767487695494,2.603945704747874,3.6708380069608335,1019.8857987354539,151.84174939653806,20.130869231118083,53.41908268757802,50.83754911493223,0.026495007792755595,LOW_RISK
-15.8148390436096,-19.645799925647452,25.220360598013823,885.8035834296659,927.3367192198407,61.41991128674921,97.96957149774725,2.9835530767269907,5.588505298546714,HIGH_RISK
12.67685572127123,-0.16589202602867603,12.67794112394544,960.0681018779106,435.15223937305035,47.99805144133801,86.83876111985882,7.416145946048811,0.5427928479930472,MODERATE_RISK
-7.047034286583196,-2.3547736419053686,7.430050547667318,986.2342728709576,643.3966623054674,47.69012963503,79.69557994370136,5.7809295921572215,0.6311670582865799,MODERATE_RISK
-39.672731537394256,-17.63568552979544,43.41593062165077,892.8667358981818,822.4643486287375,65.47529163476062,92.84682842348339,0.8580025635820259,4.983029290386543,HIGH_RISK
1.5807030780523545,0.8149470435545818,1.7784152790511392,1002.9038163370307,133.63487354898268,23.114945037189923,59.14673245121834,40.81954164890187,0.057663406832590657,LOW_RISK
-41.221377430234924,-21.56342046788081,46.52078094271959,925.9582048199942,898.2933704059258,55.623128487730874,93.93914927383625,3.789969506024223,2.3713295829016707,HIGH_RISK
-1.0200370823677363,-0.9584426215342533,1.3996742150153143,1013.4170919063677,126.29504275305962,26.5166124749045,51.200594830954955,41.1646627229985,0.01644708914530662,LOW_RISK
-42.808218693603266,-20.61955859105731,47.515363664918,915.4420382710457,735.1432977205825,53.15914926759778,94.52704186507891,0.8782979448332653,4.943749312574864,HIGH_RISK
-6.548898673848759,5.303694332122612,8.427173156458075,975.9546204135829,437.23501061580055,47.32427782978815,80.17233474592435,8.965012345110107,1.0529902893515857,MODERATE_RISK
0.9486116085832814,-0.9339740426016779,1.3312293176581869,1011.8358066950738,232.0011089924197,20.719233748422674,44.781846543142066,44.28170235051441,0.031548975148321584,LOW_RISK
41.56797284549506,-43.700266112384725,60.312599220868066,937.9062222073254,824.1656314888872,62.093665647864135,93.69502836111097,1.494198231791184,5.392394590937142,HIGH_RISK
-11.392190077345333,4.838397917534266,12.377079185606165,966.9656572582875,446.7291689081792,45.06529632303191,84.24400487472163,10.41591700509256,0.7921078558299286,MODERATE_RISK
-0.5454183183207838,1.0641777257085592,1.1958074150355955,1008.5111523547836,252.33297693982018,27.761890744486053,61.87720747292704,52.244100541688574,0.2045970481172974,LOW_RISK
0.41995293947973045,1.3246646657207384,1.3896391430823694,1011.6380677284199,162.15776199992234,26.949220948179978,56.65887475984544,36.3540855524829,0.03314473995133055,LOW_RISK
-1.684083032343448,-0.8230873616114422,1.8744621801123618,1025.0654754089462,221.00818127071855,18.820250613292966,65.54467544939641,35.981247579537516,0.09687903849377033,LOW_RISK
2.448616955897453,-0.16683909202305047,2.4542942528017266,999.0212993279479,214.76777965400092,20.92121872116457,56.14283992363334,35.47662653267268,0.08178787812145405,LOW_RISK
-0.5776234206244748,0.5937053001561136,0.8283325416083687,1006.3129582743128,267.69643164283093,23.758769178460387,69.673759573262,36.1030053474639,0.10060751207476827,LOW_RISK
7.623652353360731,7.077022687594482,10.402130806985156,985.4671271377576,495.84295837247123,39.490897487682474,80.33254321822548,11.404900336987609,1.0418445891944157,MODERATE_RISK
-11.33981259329738,0.468730076053,11.349495915471422,964.8119480240929,518.4388469770108,43.322348476766976,82.60509159908179,9.71475555651526,0.7508543060544117,MODERATE_RISK
11.245928975503482,-2.5145380575168286,11.523620098075487,981.368701583954,460.2216326945173,43.75475277886365,87.85344718687311,7.528597453396033,0.6497774941384424,MODERATE_RISK
-12.028503370554384,2.995575876533026,12.395901264833663,968.8505589748396,642.113567453638,45.83912380587233,81.34665009984545,9.683668923711721,0.56090764690304,MODERATE_RISK
0.8150402885699026,0.8731465552029236,1.194435255195878,1037.1320720208273,176.2555902438474,23.14167568753753,41.47445171035531,45.46761748219305,0.07649080566541702,LOW_RISK
7.975696593735878,2.8762862501506747,8.478487998938014,975.4909473130567,583.9725285178197,39.00018090024322,78.53375494177261,10.780932356183861,1.0266648273485721,MODERATE_RISK
41.23738549162027,-15.444102684553924,44.03455767820928,944.0770877986539,826.6820433832113,61.68495808978825,98.53314190189916,0.8594818827573598,4.881290499287688,HIGH_RISK
-38.90977871937216,23.45356489813676,45.43171344360258,942.5672376004775,904.7709180373827,73.84510333008416,95.03166910147743,1.3451257539949997,6.03028831442815,HIGH_RISK
7.041834646983447,0.25900721197932675,7.046596336623362,972.5415168255602,383.413502378005,46.32997742239418,79.95783806860405,10.76359617379904,0.9056194597446697,MODERATE_RISK
-0.5140717747901542,3.132562057171091,3.174462920190418,1006.2926953498024,248.84246505722862,27.77143033694975,41.67779050384677,41.79442869887678,0.01584284190700138,LOW_RISK
-0.4643196589709854,2.908393498587427,2.945224183034722,1024.7009342546494,106.63642513350467,27.21355593229771,44.79248380701833,45.698268447826756,0.14972615267077408,LOW_RISK
40.96112404503174,27.20861347422767,49.174407268643314,939.2822338571647,911.2790746542532,73.64297533997723,97.80833958868722,3.710287621180113,4.827657159359978,HIGH_RISK
24.597409054209045,-42.34719420413094,48.97261876949676,936.0320068290781,778.3216164195042,69.68923312946198,94.65024088218904,2.42425058138402,2.190872458979351,HIGH_RISK
-35.481635332059085,-16.548076293269403,39.15080171395074,895.4218016962549,774.9017221903156,52.50430788514524,93.20232108613443,2.267569967866602,6.306702265743327,HIGH_RISK
17.310800891136946,-16.2250063605919,23.72582261785322,919.8401152839781,795.5324473223292,62.78191098046351,95.15009556641206,2.6686324300933957,3.6439670997708573,HIGH_RISK
-8.955034009636282,-4.348752278713816,9.955113283903959,986.9836856937346,454.8333657379326,46.5780093728259,82.97746816956376,9.543386810333702,0.5485250154107931,MODERATE_RISK
-6.841342528625982,1.5213643901073994,7.0084604016483825,950.0883859184854,506.4211291050108,44.3689897216548,85.78514294852557,9.18291116401318,1.3015763476525555,MODERATE_RISK
-1.6215848106123936,0.3197949423565337,1.6528176255006632,1012.9984866370017,229.0429485381669,24.976181163149082,42.15720151949337,51.95127663755995,0.08653423594889643,LOW_RISK
-12.938433674069287,1.9910475341032756,13.090734747192336,998.4910855802503,493.4169207864507,47.791532397514885,83.59402115898241,6.72455438562323,0.8311996953032864,MODERATE_RISK
-25.404221979537112,-27.48562982801087,37.427721563408554,934.6082003942963,959.1745526715733,74.85349326428357,94.03953446734423,3.6580087044615706,3.1966492239146156,HIGH_RISK
0.3898241913726353,-0.2596077364258044,0.4683578514250176,1011.4643819629216,212.3437365287913,28.55001586965624,54.89546266691815,46.972899927421096,0.007675330628116412,LOW_RISK
32.866521036974575,-22.324203560849973,39.73132605011012,927.7747075171874,782.4972280481812,60.925127711822945,94.20989163170502,4.101758238393195,1.9812205552782842,HIGH_RISK
9.618273513619494,0.7909224316698942,9.650737986066812,987.5194745451315,635.4205922015428,47.94505104220559,80.98683983814135,11.035082260820888,1.2063535248043715,MODERATE_RISK
-32.49961434731313,21.618399950506276,39.03306481874221,923.4075571738596,770.6463837457765,70.66205538392146,91.21855609313394,0.592776561707371,6.036532585346899,HIGH_RISK
19.74509671228278,15.180661211052191,24.906250600645308,882.8170176646612,745.2401475231509,74.1224443041172,98.70113330357505,3.1939994432738765,4.979935480586219,HIGH_RISK
0.8927355381553704,0.7945391315350963,1.1951021599119065,1019.4814920280969,260.0528222404141,25.92736836853939,62.279079690450715,48.577465483847426,0.05512863635226939,LOW_RISK
-8.03980388419006,7.370887445404742,10.907264928893166,978.9488149000258,412.50340048914734,45.79203136765108,82.6472195619875,9.439808527739356,0.947189652518116,MODERATE_RISK
-36.397590937538126,35.66679324097342,50.95983483245118,927.4122995615267,796.6303917019397,57.38425213755199,93.14965296029361,0.5654710561603311,4.361228494114103,HIGH_RISK
-5.321735550192781,-2.98020489401598,6.099384434227971,968.4686261007006,565.8368609993621,44.38723408817006,85.52518660570362,10.847264797617505,1.240388113145332,MODERATE_RISK
10.9517356605818,0.20436645074797455,10.9536422995025,977.5200376120193,387.77637005372003,40.66659658388201,85.46372674792354,10.506036900059993,0.9455832049938405,MODERATE_RISK
2.3267279632837843,0.08551968734562676,2.3282990856095784,1017.6618102019162,217.86208242053806,25.44214126989576,58.67726193498345,41.014432168875096,0.01884693600542402,LOW_RISK
-28.04807701090227,-29.434330793879262,40.65801831487872,880.4235605199719,767.8890166360766,62.754132131805605,91.48602983670416,1.3128303730417246,1.7288202595155426,HIGH_RISK
28.661032005106904,-31.14290806418511,42.324171324339574,902.2088125968334,853.799325721818,52.677177839131126,98.83255522706779,0.9142117685388382,2.3516277703819144,HIGH_RISK
0.4150361989950286,-1.1309468833000145,1.2046974306116278,1006.5688567869598,154.94439410147527,25.19723332608089,67.59377715338309,36.154748481303,0.24973775123331926,LOW_RISK
8.906639736343823,-8.086419205848172,12.029896382169255,978.1402260248611,574.1764191673738,42.91267628490001,87.79803163104154,11.568774045153766,0.9795970729767827,MODERATE_RISK
-19.11033086065285,-38.29102385397167,42.794944250332286,935.0186785514177,951.9011443127745,61.980963165738906,97.36306539298094,1.342466153971447,3.8902230599803405,HIGH_RISK
-1.079766312592063,1.3254899062300085,1.709625333611519,1022.2182453385958,192.43776221290503,19.308100298953306,51.28777987991266,32.232252019720505,0.032426218269702725,LOW_RISK
1.069497645258582,1.7815190826923457,2.0778920701544217,1015.7792476574622,150.96637110863253,27.17688140936139,56.73637550733657,33.973528136220466,0.009731195266329776,LOW_RISK
-13.943957924911384,-1.9957455049823651,14.086055612993878,976.166617511695,469.6868340734664,40.05233926780309,86.3497407336489,11.373289404460671,0.6646979449418889,MODERATE_RISK
-7.733488582320698,0.3043957106696158,7.739476881647665,978.3531725639731,433.5681968963434,40.53549775931909,87.66614992264215,10.196601628005016,1.09237766739203,MODERATE_RISK
2.3212578019950927,1.1902330808283195,2.6086189008786165,1004.4316628013086,245.91254313660997,24.005536584933292,60.94211639210205,37.59209614224316,0.21606160687758852,LOW_RISK
-8.351605994318206,-1.2775473219951627,8.44875433683977,974.1383789590051,639.6263221805073,46.34737954776968,87.70293732748752,11.932315981914353,1.3639864174139076,MODERATE_RISK
-1.3458815572287472,1.8281427775459749,2.270132855403399,1012.6772059851355,206.7423199531058,20.840773875892463,49.8859124132199,32.38861041256025,0.019281820146016617,LOW_RISK
-0.4914932198966523,0.07791882871094916,0.4976313184196361,1004.1393350577539,244.8943035209098,25.702144918314392,65.08236702385842,37.607265315006,0.02266837413647527,LOW_RISK
-7.203105671264823,0.09574976888853226,7.203742036584157,977.1411098228614,626.1691812348854,39.71432204474718,81.35124266696225,10.680336062822786,1.3916859399854415,MODERATE_RISK
15.241578648758436,-37.10164930879205,40.11032412158843,908.4789421390218,722.9570751612086,68.4969995839625,91.803729692068,0.9816436388658225,4.89617188400256,HIGH_RISK
-0.8885908863583037,1.044581171185073,1.3714020513742184,1036.8427554024697,245.73058122365785,29.82643261945566,42.3552960536083,38.60823685598838,0.04624692025004497,LOW_RISK
-33.680634410896445,-21.24998572465608,39.8239504270803,906.5483839979837,860.5546100300547,60.453410539000195,95.07002474100918,1.2177946515224174,1.9947479170843958,HIGH_RISK
29.743624307041557,21.24856758192701,36.55386178233639,903.4688803880827,758.5167166078177,68.15408359989746,93.20703903773608,1.3394232019381578,2.115066823664774,HIGH_RISK
0.8083650655269881,3.0091393322386844,3.115826310947118,1019.7556414939838,110.28910438707146,28.89240624406029,49.70573841211114,43.63533339887243,0.07020884180282398,LOW_RISK
-16.94970781016305,16.935378322141016,23.960376327677874,933.734396772626,784.361514624692,68.84276812122201,96.34251658255945,4.347661205645151,3.612740855464703,HIGH_RISK
0.745071229516849,2.0990331548790033,2.227346251110287,1007.8485738002049,243.74804589681017,25.72425097108433,54.59448297197269,44.986069446665496,0.015856352016680883,LOW_RISK
1.9582182107314936,0.01552892976507091,1.9582797829983591,1018.5773940164357,263.45361331553613,30.404291569652557,58.01604304619244,37.606114380768574,0.06163151977525625,LOW_RISK
-5.848187597640731,0.05329470847361306,5.848430430735254,970.4465757685468,554.1763103235164,45.57937739606166,86.97338965568768,10.994678293147174,0.8104658762833089,MODERATE_RISK
11.36088753675468,7.290812879955918,13.499100639424796,988.3399818587693,486.6902592943619,44.98726923703879,87.14528763636864,9.370424554550429,1.2731699250053083,MODERATE_RISK
26.634632661746288,-15.669686186931528,30.902147534161358,890.2943033244441,933.3617861136199,62.22682152948332,96.70523187114392,1.4417599189043209,1.8056704845535618,HIGH_RISK
-13.112599471063099,0.8964171142393045,13.143204652261389,993.9612327625434,534.7701985401858,41.454463858055135,87.30026837888163,7.4310912970720855,0.641092493601502,MODERATE_RISK
3.9485730972560864,2.060487817744437,4.453856705311448,1009.636724190723,215.8133208991275,22.609329266980573,55.609708785741574,37.93637120549722,0.007215788880069968,LOW_RISK
-6.260581034230428,7.642769281683579,9.879615234370814,967.2519782186447,474.3447804273228,45.10667245942835,82.5185866513424,10.048886492035734,0.8073961086695944,MODERATE_RISK
7.024071251573665,5.885649430689439,9.163975456544968,960.8056680345499,419.21287465061283,39.83845726889298,86.73907238785166,7.610012075024603,1.334465391991413,MODERATE_RISK
-30.151913525399877,32.69881939428266,44.47865419527785,939.146168470504,934.2171531387236,72.55097735554794,93.34662666565208,1.1233559392164736,4.121533746984027,HIGH_RISK
-7.298854529414815,2.289153388499478,7.649411786381865,960.8953258358722,593.3295683121155,38.49244401408289,80.60487579057349,6.96869262054615,1.0672149311446137,MODERATE_RISK
1.7825899101721259,-1.2088050997442832,2.153795848499865,1011.751367852749,129.75835774783542,31.661407670494125,62.89884735991845,46.679840867202884,0.07118501883106179,LOW_RISK
-1.054764637688831,-1.2648698929742876,1.6469439234751246,1019.8127521008996,124.1302119243497,21.135373106518333,42.67029204688026,45.42047194125098,0.13337831154481744,LOW_RISK
0.5658178125967813,-0.4290063328201662,0.7100677648306629,1014.9677054653642,113.56291912920572,24.848427673132676,42.50137161306279,50.90945021279447,0.027306687141633347,LOW_RISK
-16.914929760783405,20.588015469386818,26.64547296971752,908.6634002490166,783.7384851733374,72.43436989344488,97.10263093115435,3.6956526711434123,6.4182758284224555,HIGH_RISK
-10.602642815714443,4.507508254116088,11.52100973606679,975.5990977407951,405.6316425827169,39.13398327344909,82.71582596094233,6.9186058560775,0.8191643849988066,MODERATE_RISK
-8.88905458054305,-1.237386739179521,8.974765583466272,976.434059610713,531.7124878103851,38.10567122774443,79.40833427653013,6.9450683598924705,0.757479000384472,MODERATE_RISK
10.14682720434559,0.4198125913217301,10.155508107755121,971.3876980708562,426.0169645075989,43.81943641505783,82.39617230008865,10.911107000207409,0.6824922884319552,MODERATE_RISK
-0.0986253916094817,2.937521181330891,2.93917635718542,1021.1335974849218,93.52094989447663,29.737026580784693,57.39211344819316,43.209602769103405,0.059032229139951736,LOW_RISK
2.4429233183569377,-0.37303668927532063,2.4712407229805766,1012.1982192346267,220.42149082275853,19.506388444121004,54.2335953953357,43.394204806471485,0.11858000554503953,LOW_RISK
-1.3257861543016995,-0.029456698390021824,1.3261133526279458,1016.6570976495443,185.98811738604658,25.9715280526011,44.6983844467795,48.13217336226972,0.05090542273913044,LOW_RISK
-8.633809494305119,2.3870196737552014,8.957707815442944,985.3700532436916,497.0566377570263,47.11135770130083,87.07575703963266,9.50516403044555,0.8692750522039236,MODERATE_RISK
12.604553395453436,6.0878511067125665,13.997739010152253,962.7298592271146,485.659865845872,47.19429600558408,82.45319618223752,7.454033639061674,0.5734324673482343,MODERATE_RISK
34.282381039008385,-28.068594383098485,44.30719625914812,934.972140139288,955.6017649782923,63.236950176803724,95.4725418208739,1.1393739520009216,4.136811664882355,HIGH_RISK
25.50952577616986,-21.66107719111381,33.4654772923451,886.6147767758388,722.338516132532,65.29875330185442,91.95258740786193,0.6557906355979122,3.3162587845369185,HIGH_RISK
7.365926317903934,4.065586671146315,8.413433633267239,980.2252076644239,545.4709476226361,44.99242735245474,86.34449957347763,7.765219763599019,0.9396622759961777,MODERATE_RISK
-23.14107045075169,44.47763434655403,50.13750191894702,904.6273020111271,948.023109325142,74.39646406658932,91.87218528575595,2.514486124354927,1.852343541496401,HIGH_RISK
19.384960614355116,23.13284829239649,30.18120885814765,909.6011822307282,878.0210382081245,54.44060958238371,91.29569880176449,2.652794313287303,4.325888921198903,HIGH_RISK
22.94942318750649,-20.35895139380656,30.67837881138178,938.2059143739056,730.2948486677602,65.83762192393674,96.86707167492004,2.2977671929653134,2.681057150720246,HIGH_RISK
-0.09401864590975781,0.4632495188984457,0.4726940051855384,1005.92046467615,147.86105346191349,30.81310190417018,65.3598992706618,46.24725472965036,0.012126630018700155,LOW_RISK
-24.833582074852703,-27.710292288535427,37.209771530936756,887.1893738761432,878.9474502077678,54.50733912429364,91.19312621697867,2.8299002702164255,4.045048386323208,HIGH_RISK
31.11222647709978,-37.91049301349182,49.042594924089826,905.7251040908575,892.6588155978025,58.96709256701328,92.02598564516052,0.8177827211955799,3.8899135542505827,HIGH_RISK
33.89429957118353,23.853781320182314,41.44666966949469,885.4368008879123,765.5365648103989,73.1966231303063,94.7309129506609,2.0853226149444923,4.248933659672743,HIGH_RISK
2.161909933599173,1.6369651808914036,2.7117355262719864,1016.0314118683067,198.84836546171942,28.847948756287366,45.04709737325476,46.79172255538002,0.39884114596036724,LOW_RISK
7.226162346359685,4.860946335564931,8.708973621109932,974.3669677721866,393.91981578188785,47.08153943227503,87.67754323373121,10.380132887165303,0.7543900874816101,MODERATE_RISK
22.429502954238142,-18.033745173494626,28.78017664568302,904.7901980997818,893.8366189458178,64.1954209326955,96.931359126904,0.9856139993709854,6.306757237965808,HIGH_RISK
-2.375854235228585,-1.1593165017354137,2.6436145895817798,1017.5978350293608,93.63732395309253,20.267775261062443,67.97944301627436,46.95604663618697,0.0188234570471663,LOW_RISK
36.18122951874505,-17.12739932357973,40.03035319701124,915.375900363935,806.6331003527233,57.40209512501251,94.49015424034071,3.2210904758632113,3.468683478389676,HIGH_RISK
-0.028524311854033244,-0.8647656010900792,0.8652359107176678,1022.9455518830912,188.05988135229995,26.525238449059138,69.65111700164714,36.238114524295014,0.26346746524286685,LOW_RISK
-5.100391285806475,2.4579042352751173,5.661738646221139,959.8333745371408,390.86608806719767,46.08014749062784,81.90113213433933,5.563519504226628,0.5886635661216805,MODERATE_RISK
-0.3351941779887764,-1.4844422048555064,1.5218159535613527,995.555104709364,99.07218425460071,26.390246455214207,53.914294740231284,44.021073645157095,0.04697522016858599,LOW_RISK
37.37403146298033,15.193483288941025,40.34427050086757,940.2670084289136,967.405821660144,58.85665772806438,91.42161675669934,0.7986917207922501,6.1698402871038045,HIGH_RISK
-7.26609608012196,6.419988807217658,9.695999614808352,968.3886288780902,639.1828743856988,45.608016717561014,83.25489230209317,7.4150189479518716,1.1646948869330984,MODERATE_RISK
34.57529978360259,-37.1527530372865,50.752127180795,905.8607711854216,952.5642944525732,74.7531351400236,91.78612164650656,3.6828704058644015,4.841315800030157,HIGH_RISK
-7.668514139215452,1.0123266900421815,7.735044565528957,970.7340036371396,540.0976536903988,38.432231514177786,80.6490719349782,6.431941861943557,1.0467305550528063,MODERATE_RISK
-13.838401605077456,3.1209437840099774,14.185966625026326,978.9752775657315,570.322165417795,44.19664151619709,78.38131614091472,9.476296387976067,1.0310112214463263,MODERATE_RISK
-0.7124179667414343,0.05112520238883911,0.7142500582116176,1006.059727613415,250.1149056030232,21.762476715668985,60.121819763278026,40.926219985882256,0.05757197821989665,LOW_RISK
-0.6178154491837011,0.5510482602242671,0.8278587526542496,1017.5270326889795,205.13015788545528,29.100436610327094,52.190992158323844,41.10952607083643,0.0691310407846918,LOW_RISK
12.737559051520092,6.312501583179087,14.215944809565064,969.3318668219766,554.4227785556087,43.135220769124835,80.36171982482877,6.603832248322275,1.1869219161627558,MODERATE_RISK
-12.096966578074309,-2.474093936846529,12.347377907855076,975.4663736656596,575.4823738836195,43.41434476609845,83.06251734497327,11.084682285719396,1.092283304845701,MODERATE_RISK
1.5052993468380362,1.7412401810677791,2.3017044753303955,1012.1757667025096,94.02162792825139,24.39480311906991,42.32450879666448,39.96044152285897,0.038237696791969186,LOW_RISK
-30.336422023774915,-35.075923481364015,46.3747658676039,908.2289650129693,824.3195870549575,59.92506927755183,97.78094228183099,4.454440969547852,5.102409090629653,HIGH_RISK
43.755558245442785,36.609606398581,57.050961061399825,929.2990355004924,910.4107581084535,63.82294510630625,95.50883938043329,3.183453418190459,4.921470803103491,HIGH_RISK
-0.09911969797097486,0.48475157127717217,0.49478156835268694,1017.694101170738,156.19036900469501,24.920505458526755,67.62269353164201,39.332894908536886,0.20685008194333646,LOW_RISK
-28.60060613742586,-25.57039235484028,38.364562249667806,926.0906342925502,971.4728985189703,57.358817208556616,94.28353512271293,3.5847267844729123,6.324819321077523,HIGH_RISK
-20.791162238813325,15.58587840890757,25.984457527874394,901.219213713839,908.6704205474052,53.810261031475875,93.95176167628429,2.018272114279703,3.4910547309631785,HIGH_RISK
-13.14570315015033,3.6025665533593467,13.63040707694586,983.8557708169504,553.6582265548718,41.84339027958528,84.51400358700917,5.60364696194652,1.3575825683222753,MODERATE_RISK
0.18301472196804217,1.1131912366078383,1.1281352391081167,1006.8154739227201,89.84418290815232,24.07572209016928,46.406124336518545,38.20912539261203,0.1007488454795984,LOW_RISK
-23.537001302395552,30.427413428485757,38.46840155578296,942.0255261156891,766.6525207552254,66.37137284474912,98.47866059417527,2.7294862308720886,3.236386146087785,HIGH_RISK
8.68862905806515,8.274075941890217,11.998025154200194,977.8378802783808,415.9712219557754,38.424709104884116,81.98256409157011,9.029152799716968,0.8320081491685342,MODERATE_RISK
26.40317996147412,-33.94734328437259,43.00639520053995,935.9960794012494,720.1325971441453,54.53983563865666,96.01778866326386,0.576155870116994,4.370038532820443,HIGH_RISK
-13.634956361670485,2.6729221647347776,13.894479043252714,966.3956153193317,398.78708155676634,42.93195519787929,81.88181001045679,11.448759124259682,1.204912146990166,MODERATE_RISK
0.07109800697462103,-2.392054600900193,2.3931109753380735,1010.8892806860968,260.48065522213494,20.693283490115945,57.89180799077384,50.31426846516608,0.03239813415907463,LOW_RISK
-12.22408231273658,5.3206454893852175,13.331821211382733,975.1469409554437,474.9125712311577,44.705800508269355,87.37054633565775,6.042550418682722,0.881521328738869,MODERATE_RISK
0.32096986610133305,-1.2757806813139503,1.3155371533176077,1003.3487006213816,168.4066841862247,25.842673860812443,65.24846379273446,40.54625568223868,0.14728779541122608,LOW_RISK
-27.603842369868545,-37.5983018139391,46.64337480149358,890.5840894789151,853.1898752039575,63.781130321293396,94.20690591043942,2.696211759430676,3.52942596185986,HIGH_RISK
-13.589113564609708,4.559611828608338,14.333669017367626,956.30268338045,386.4276316797526,38.88519052563068,81.38110920736132,10.911278600210304,1.2075173802159636,MODERATE_RISK
29.922341384742786,-37.21093716468284,47.74934930047807,891.9030248859937,849.6249864732617,55.85394695437698,91.97802429032183,3.8915376692702646,1.7260874026146165,HIGH_RISK
0.8802856407004054,2.450147298451644,2.6034831655559465,1013.4297271424964,200.7057613002242,29.037887154383874,60.92294851711577,53.55514404595394,0.04592639500294725,LOW_RISK
-0.3969852498569341,-1.4828866607263762,1.5351059042177497,1029.438849753837,246.472707932199,26.24443996457278,62.707805353810414,44.91052511495825,0.0481656363181035,LOW_RISK
0.32114061619530593,-0.9020514659268205,0.9575114320732816,1029.4444769862948,178.50707614285784,30.45025141084981,65.0887393930738,40.09337031741268,0.06235488138125063,LOW_RISK
-16.59992369515767,-18.747117159726088,25.040205040804945,910.3066435258272,792.6260648178885,62.96780971119931,96.4952798294657,0.6936917857071112,1.8170382793767483,HIGH_RISK
8.891005098907987,0.22021443641898863,8.893731841404662,967.2918636938591,598.2985837803109,45.30560080897465,79.22234192854526,11.364002226243926,1.1951669499109174,MODERATE_RISK
-5.487209675620887,8.708802039864384,10.293332939032602,984.9437873099205,640.8065553803949,39.51610637930476,79.27782954573843,9.878805729307324,1.302823012126976,MODERATE_RISK
-1.9193654501035522,-0.2532325847850159,1.9359985725842135,1016.9563082409448,136.65688069851547,22.796072785847002,52.78954881972104,51.06064602116743,0.11250024137871323,LOW_RISK
-5.523509828488322,1.615997353064567,5.755050674887127,976.0311792571721,451.9685325226575,43.29563093648337,87.32282144070781,11.215622243602853,1.1972510862985413,MODERATE_RISK
11.987522317874536,-2.7557644722133947,12.300200370231927,969.3691892294763,536.1877777705091,38.33133462193211,81.44673141012548,5.547518176257115,1.191280914697226,MODERATE_RISK
4.618321212682856,-1.3312382667031502,4.806358928154581,1002.541153602214,112.53216302109703,26.163588230360023,54.84477854801639,38.274927580346656,0.007008086703867797,LOW_RISK
-6.571255862087242,-6.565723521278819,9.28924803000167,980.8099953996169,509.88814152881787,38.31615011271242,86.02221318971301,11.830614983334081,1.074762859192183,MODERATE_RISK
-44.26471494993167,35.76316193441752,56.90666693056337,919.5105198220065,939.3385555757349,64.27510858854895,91.39734964720647,3.7664334054188657,2.621679635887057,HIGH_RISK
0.14651414782324756,-0.6649233767872655,0.6808740650888037,1004.3178044804107,115.37939016479679,27.10614673468923,63.239578593790526,51.22282580177628,0.13117945246791732,LOW_RISK
33.30923344620288,-42.541427096443456,54.03034380952664,935.7548610363166,796.8882152874354,59.08993375861099,95.75951951195195,3.4729490111163375,4.686236466709559,HIGH_RISK
0.7386768960122236,-1.541512711388937,1.709358065495912,1004.4715797789372,130.4629472270306,28.351056886186356,69.33561080505345,41.59913261826024,4.2262662150665705e-06,LOW_RISK
1.9003667237799342,2.508858580256555,3.1473425394413326,1020.3450991207784,257.98267527257246,28.72973948381867,56.372490393383075,44.45488290018268,0.05880433668821744,LOW_RISK
-6.333205298147448,6.734196410326419,9.24439779765757,963.9024987211172,628.5052545050099,46.191386377516324,85.08358936038661,9.745349356882764,0.7063870552768885,MODERATE_RISK
9.560220809056688,4.223304110300509,10.451512786482237,962.0227162431877,558.09114330588,39.36385392933677,86.57553127099914,11.467497654746168,0.8231203550210775,MODERATE_RISK
1.7033484602708984,-1.039357796693861,1.9954098843735233,1018.086122610843,118.68706859129651,26.44259156574318,50.93699282559594,41.577541346936016,0.04264494590115099,LOW_RISK
-25.13988093935769,24.594608604025396,35.1697083586185,918.1540563954413,751.9240475109792,53.4214660118178,91.87073858262036,1.9155216258544403,3.5917603315435604,HIGH_RISK
-8.050425979433236,5.316596140238168,9.647567204675434,963.6893137006502,401.5543879719758,43.86110535898135,83.94498365749759,8.109431549480417,0.6442399391365282,MODERATE_RISK
-6.4366693992748765,-2.350994701414672,6.852582654856595,957.8106958704616,638.2624922510624,39.6055781076317,87.22694983954366,7.159539707613261,0.6623417919875642,MODERATE_RISK
-41.8931230715621,-38.103666230093026,56.62970193161342,943.5059268739931,747.949823457983,71.71997390050517,93.83800748757021,1.4666512414983255,4.811305949447613,HIGH_RISK
-43.03367060288345,-37.96764712931045,57.38849217476716,887.17094929714,824.5914022461268,54.125062665552974,98.3833259484257,2.087437064679287,1.7344009669555858,HIGH_RISK
-1.512129466376106,0.7739088265561491,1.6986672407815495,1018.4590899345892,116.89181021197668,27.86349097876384,55.740169200568666,42.144080129579066,0.343897343092028,LOW_RISK
43.11568646627563,-38.48764958822685,57.79499623915831,910.5757629348582,807.2200976767006,57.83654008393488,93.6427840952573,1.5602169279555493,6.079024701151569,HIGH_RISK
-20.74034288105618,16.903486826298106,26.756114996587442,917.3805708830042,807.705481976734,56.694812544836246,95.2368388325277,2.1910316833364134,3.312964784458748,HIGH_RISK
10.181473747980839,7.9822869459297054,12.937515703100916,971.3297738527835,430.5382244268924,44.69926342161323,83.56695670820854,8.475141334738511,0.7953815754838557,MODERATE_RISK
7.0034327288711395,-0.5959940818926306,7.02874661184158,970.4077960201076,558.4773057232792,44.94019945824565,84.77998015242585,6.123842028524734,1.0756415736618044,MODERATE_RISK
-30.811319904860433,-32.865126458583084,45.049461388770304,941.8724473744735,914.3703110637535,61.911544831046896,92.17987624643767,2.2135813957026347,4.522583388588533,HIGH_RISK
0.04247756419569176,1.6140107078978976,1.614569573808782,1010.3729626203803,119.72632277237382,29.086061571127455,55.97080704583945,40.89560538795157,0.04152351941485862,LOW_RISK
-0.3295078317562679,-0.5229782016117888,0.6181275034730438,1013.2542236708528,271.6236017838868,25.55954893135651,55.367816916287815,44.11943783020069,0.020708064469449613,LOW_RISK
-0.02024583710690088,0.5988346839079188,0.5991768291341516,1017.0608621548497,171.8248046573362,23.40040375147545,45.94589159265004,43.930624162226806,0.06954057635548842,LOW_RISK
0.4984710179693875,-0.9652773455702145,1.086385617369135,1021.391291734748,88.31579196931875,21.05784159711628,57.77480437529215,52.952017842868194,0.02096060933046955,LOW_RISK
13.023084858302743,6.443644578937732,14.530013581763365,965.5509127731493,631.7123164863051,47.51499439227352,87.9732061163977,5.5263938108646915,1.2933779432378054,MODERATE_RISK
-39.865877195026556,21.711771975098515,45.394814757058015,916.567768494703,921.9872171768936,62.06696287916837,98.17422493495387,3.1796560751857443,2.0893033399129255,HIGH_RISK
8.52499888590928,0.5149705173184247,8.540538662078738,972.574169637102,390.74753446996357,39.90792265475839,84.82229267576584,7.557495253677233,0.7591000364418582,MODERATE_RISK
-6.385767167694461,-1.2576112839727625,6.508425958830611,947.7754585900806,586.1129401415619,46.38881080505121,79.72640640780291,7.183384153307784,0.9195719326960445,MODERATE_RISK
0.9158786179257348,1.1400839455344038,1.462403858596813,1004.9136447020552,273.12779505336005,23.80327291029026,42.15206031242275,48.67238372500609,0.26111504025509363,LOW_RISK
43.00686934808199,24.932828760010672,49.711535493273686,930.6605485258744,723.9711978963501,68.77437720015035,96.33197392723442,2.5132401235237958,2.315909597920763,HIGH_RISK
13.416960291537876,-0.6360953066386821,13.43203040138876,983.4527329704209,475.8859681352635,46.79563237612781,80.5283620307479,5.978146688355156,0.8861654907095029,MODERATE_RISK
-1.5528634836290611,0.5717375773241666,1.6547715419697944,1015.165236004283,160.14083336689333,18.827527088228518,45.60721889350354,37.46732984904801,0.05179586985300472,LOW_RISK
-1.846296474650933,1.0517591134663475,2.124854796231493,1001.5097978739805,259.59292936955774,26.849934496267416,68.43569701760983,54.49367490677619,0.02279433053445125,LOW_RISK
42.718647294747896,-40.53591262436285,58.89009287633236,942.1672754415523,870.7569007542944,64.44417812510335,95.55927557351391,1.0041521226751655,6.191220202696217,HIGH_RISK
-6.77737653486829,4.2274988894725825,7.987776884457604,959.2565828226803,427.6856969950132,43.26689358926351,82.27493871994321,8.63609038871591,1.3836272204460442,MODERATE_RISK
-0.7946403056505582,-0.3885632187310547,0.884553328135195,1009.6240127278159,230.47957646075758,28.80006331467858,45.62040373980366,51.89233677726904,0.0177597679820747,LOW_RISK
-5.980999908766785,3.994759648542178,7.192389349742484,969.0261893895486,464.3764733860047,43.01240477425353,84.08297613741897,11.388093664651425,0.5579536518196128,MODERATE_RISK
-6.63357165459346,8.057122942881936,10.436546507985305,987.1672349249794,619.847969969708,43.218274743638446,85.70111652230285,10.20579117952786,1.0603206411991688,MODERATE_RISK
-42.84435662686926,44.79024108852493,61.98229256439732,940.5668475402899,884.809798457099,64.70450589700992,91.30560635991344,3.44193762331486,4.653242369181475,HIGH_RISK
-2.2790549489310203,1.8415034887099382,2.9300557262922236,1003.2308524446951,243.67608495590704,18.53645285035811,58.5430889668509,42.015526076340144,0.06034132357526696,LOW_RISK
2.815193718837099,-1.4299929123880686,3.1575616231611328,1011.7737971387533,108.51131100662312,22.869098007132386,64.23107107132171,43.68346096561042,0.21366922356315216,LOW_RISK
13.021543983449755,4.453062178644576,13.761917398378444,983.5715838842328,627.6718492752937,44.13052025869479,84.91992522056745,9.165508976486262,0.5689117776381046,MODERATE_RISK
-2.8061878815387837,-2.3438187853298142,3.656251758968473,1020.1176089332533,120.45878983164073,25.908137915459555,59.181244016283266,45.21914399730214,0.10542824747687687,LOW_RISK
13.153567272751799,-4.267837484669411,13.82862136275184,966.2028263861545,458.41094897840657,39.86405414068111,83.42169910445715,9.612617014780252,0.6240069686075872,MODERATE_RISK
-30.292512348413016,-37.102817841962995,47.898386154364765,933.1600187989279,924.147065388052,54.72244651023838,92.01794538194426,1.2600951703706138,4.3916704797616735,HIGH_RISK
0.7071233345796062,-0.37506977189842916,0.8004378452440398,1011.405802998558,224.07679971728916,31.465200170887666,56.97665815305277,52.504215151401894,0.06762212123782078,LOW_RISK
-39.03936794566418,23.903884214404936,45.776281305198104,910.225130846735,882.8386064257515,71.32260277661035,97.95655795954117,4.27443128729462,6.110747440291714,HIGH_RISK
1.3344461934351557,-1.0787299788636302,1.7159268662949203,1016.1998651785401,251.73962424891477,23.985295689830476,53.96460917319098,37.888851752468966,0.04110556413234497,LOW_RISK
25.686806624681267,-37.1026903599427,45.126728958784,914.5249925084514,759.4792958677716,62.40681115952987,97.44559348268226,2.553635111102692,3.917638558931722,HIGH_RISK
-7.180931572216893,1.5658886297406087,7.349679275016856,971.5073811465204,583.3738318633655,40.60831080025009,84.72567195094624,10.57134271930774,1.0045911681506134,MODERATE_RISK
1.960714131423642,2.063560219967429,2.846520803822869,1013.6571016148481,158.6207815118802,25.68901754564415,50.11637471218857,39.81928214012402,0.21521750876849477,LOW_RISK
-0.1336800592691826,-1.94524792193377,1.9498358484841392,1018.7676624419615,266.9459830976602,30.42229174284139,60.49526689719454,50.47089773760738,0.05105580532047603,LOW_RISK
5.062618285729621,-4.277558381498735,6.627790703857055,988.5761963305014,439.1797733261296,42.16631850119411,85.46093462194227,9.734594571538954,0.9101420286411455,MODERATE_RISK
-0.9698593263637898,-2.1275485993995478,2.3381809501708375,1010.1529548016839,149.09617074468915,16.912805440152212,57.56963006286398,45.37254796913386,0.03973465749365627,LOW_RISK
-0.796303159380481,2.4233742353223473,2.5508511140526227,996.2843987789195,139.65449084682456,25.142264296131973,46.860122541538104,49.850875412839294,0.024780870450250295,LOW_RISK
-28.6555613410315,-15.570967607782153,32.61282306106327,929.8557601111974,880.6559302708487,52.903524691216184,93.14594154531247,3.410692729231334,2.0177213005565964,HIGH_RISK
9.005168153528198,3.0087794169371467,9.494514577012513,972.8317294977786,493.5842040010507,41.72366298228603,79.9416207741451,5.986178211980105,0.7866466819374907,MODERATE_RISK
-9.223726967240063,-5.259535317925624,10.617902378845766,995.5409244143598,612.6223567474883,41.901959672499025,78.55390730020939,7.7655532354219545,1.0125426546680087,MODERATE_RISK
1.2407748735540358,-0.4210126153001611,1.3102571919607673,1029.9663097735581,189.97371255524104,28.075358703875587,42.84547579759468,46.83373203946128,0.20542777276371357,LOW_RISK
-9.255140107714247,5.1208068847443,10.57734756752682,979.2026852905656,557.6001699543082,47.85437384369661,86.28125191856901,6.959123258012735,0.9182513806250336,MODERATE_RISK
-29.45673693811319,18.98585245282575,35.04514152349326,899.7550394348623,895.2191672619795,74.25080793790931,92.90484501977663,2.9965526331124073,5.537513018380977,HIGH_RISK
-15.728781101993409,35.47745016427244,38.80778304815749,883.8102330898828,886.5439871274525,65.94672800720278,96.1762801965367,1.9292378776322008,4.817228551575621,HIGH_RISK
-5.797113564425721,10.687210669586408,12.158248129355243,974.378639335307,444.93825144949494,44.991931979813764,87.27614235148056,11.383370186487207,0.8888384421738287,MODERATE_RISK
-15.322169453939475,-21.53994913165304,26.433658191204568,895.1821083730379,782.7384269862906,59.158493979353736,95.76776607510288,2.2269749692997047,1.8563035821974598,HIGH_RISK
21.356596183498723,41.73878780110192,46.88529201839791,903.8265117916469,971.0448422986515,60.73942326254339,91.65439291061959,2.7518769396168117,6.495771673460899,HIGH_RISK
-35.31434811987489,18.74711833881502,39.98196629908596,885.1990872661453,738.9755058300473,62.94901620641483,96.46558280547998,0.7457916641770357,4.46503835222633,HIGH_RISK
-9.523758244779817,8.451912682372217,12.733294903341235,979.4459199507313,390.5121009681302,47.35799831529292,79.54572151474767,6.585356234488568,0.6499096250759655,MODERATE_RISK
7.942798609184654,1.7889795679969374,8.14177484586599,984.5538857117986,387.01521930596067,43.34659566749085,79.09597870335126,8.813502877743819,0.9924035974957719,MODERATE_RISK
2.1803011157359755,-0.14750944019212484,2.1852853338237854,1014.7279246311658,165.22424759044617,26.452462510978094,62.21528563654956,46.0114020381061,0.14976498725957574,LOW_RISK
-7.500496096081889,4.037181294568032,8.517997093950529,968.8891493752328,604.487617209032,43.44253909350863,82.38122347080864,11.393347294998737,0.7890613330707176,MODERATE_RISK
-0.6664398901141674,0.031190561513111843,0.667169377491868,1022.8506316514149,104.65675585978937,22.254883456979663,66.80529914179954,44.19022591529336,0.04964550237084898,LOW_RISK
-33.901566064488854,-19.19130571947475,38.956673328753915,928.6202371829764,932.7769940061726,74.7092847043127,95.69090003620784,3.6201204303733494,2.5425271163885457,HIGH_RISK
29.999505948145053,19.424519242118023,35.73908651490975,894.0038591622663,891.4157829249357,73.42495143472911,96.80737949596804,1.881847092253115,2.432804306525255,HIGH_RISK
-37.536905667242465,-21.11109874969729,43.06620226454766,890.499054949452,869.3093392962335,53.334681423168455,94.60699385121792,0.864857115010599,2.6585970999205406,HIGH_RISK
28.462222525425187,-31.875685308137406,42.73356321382793,927.0080092772259,851.9145212383866,65.29870593056171,96.80127321039863,3.549068090149788,4.261571586883463,HIGH_RISK
1.6793623671518652,-0.6561874504851156,1.8030085774560454,1018.7933489842529,226.87313529844369,17.017872878193046,42.583483315191216,40.694751639172125,0.39473815451952876,LOW_RISK
-10.363341309050604,3.7670425985979175,11.026760767674523,965.5343548147218,646.6508591185859,40.68378365277148,81.49928533771407,7.2126419514288695,0.6872784933650993,MODERATE_RISK
-5.374363606308226,4.9060464893442415,7.276886444655936,963.2816869952748,589.087604994659,38.4013938816541,78.68932702124089,9.391701716868749,0.5237048315736968,MODERATE_RISK
-42.3640770576955,41.03483741194108,58.97942782339281,937.231666872051,801.643824663657,57.576792595970325,97.6907455662867,0.6185583327041502,3.3590897911911104,HIGH_RISK
-1.816524299643685,-0.22140387944800302,1.8299672699342482,1005.9005079081112,90.91308165653979,24.570940936756234,57.447665135492656,46.74961857624696,0.009548113185047313,LOW_RISK
7.281509144951958,8.655945119232399,11.311311212020566,977.2702886038894,470.1373573727142,46.62251628302487,78.69507796515194,7.956922755364751,0.8496172783498969,MODERATE_RISK
-9.602927656714286,-1.928077988843619,9.794575249144364,973.8641188637895,404.8232426986262,47.14815975764981,85.35947201723222,6.034310331632569,0.8240188440690531,MODERATE_RISK
-21.0890824249255,27.4304432529488,34.60026899575415,926.2056837753082,720.774834003406,62.97931512009599,92.6726736235592,0.8274576159793825,5.029833459312625,HIGH_RISK
-10.089107294666974,5.324844412799023,11.408069688769407,967.243936385624,500.26709232722817,38.71899418657496,82.07435652766144,7.556170409725589,0.5489482694014151,MODERATE_RISK
0.9753017669379914,0.40369041186766097,1.0555470075871798,1018.3738383616065,126.54566978311037,20.244146321860153,47.23733008114084,41.1920606748189,0.1498295863772606,LOW_RISK
1.7378933685111062,-2.084358700145394,2.713821024162551,1017.2357739879743,82.2605073178045,27.06117728649787,63.42046224063587,50.11420735775382,0.013318832485172002,LOW_RISK
9.908265669202775,4.160071206892563,10.746158430709965,993.6419952588735,392.9089871996695,47.07289561452572,87.28132186015443,6.55857889564588,1.3468609591330414,MODERATE_RISK
2.1601758231742094,0.13437102188287323,2.164350978595713,1011.1791647970414,99.47337875824422,23.3724590219825,48.52864867286378,49.10149187254483,0.10527465448012996,LOW_RISK
-3.452881747103377,-0.9146743564790734,3.5719772588693894,1032.1609799569549,175.48323789607073,21.448921953845836,66.64816589534519,51.092401074358435,0.0340043852623096,LOW_RISK
0.24967831231958415,0.23978458799610056,0.3461732344985896,1014.984204510101,215.54464824026408,26.545530615392245,52.48212011226059,46.822807386777285,0.10429489046533083,LOW_RISK
-0.8567684846741952,-0.24460044591564584,0.891000344822071,1015.9234113379591,104.76920534116348,27.923835905504866,43.930438559513966,46.09194493772087,0.08966896826880166,LOW_RISK
12.894394103340748,4.147229876899615,13.544922109193447,972.321012658415,432.09229779905473,41.75176398313103,85.89847908485348,7.110285066228252,1.1165406581377575,MODERATE_RISK
-0.9025599183440953,-0.38606480613501765,0.9816620807270539,1019.7069807730985,244.7247221497947,23.409281225541584,41.568373098062786,44.058987806135896,0.04045237370901777,LOW_RISK
-36.443080754977785,18.729139104447555,40.97412337692631,935.1955995593353,974.2309871759306,64.95436610110066,95.22089865086706,3.5732611917128865,3.5879604811426957,HIGH_RISK
1.457356426431533,-1.2588145010085094,1.9257470502666207,1012.9021844014891,226.04434355144983,22.847808966039445,61.44088267019866,47.59396508725861,0.13041585224058574,LOW_RISK
-0.07535716417370543,-0.2904891889195772,0.3001044336084634,1017.6281183790237,255.02672372423044,21.82990621153915,48.120508129051935,46.60108288974414,0.09364847670004321,LOW_RISK
-35.58708084347454,21.365353653267235,41.50805535904052,912.544009862356,883.3346200632244,64.41458320439239,93.26756687604356,2.9744478395592275,6.185055187056113,HIGH_RISK
-26.457973676075593,30.64914589771955,40.48943708306659,913.943889175802,925.7980785029143,64.69953784958184,95.65964904375657,1.622338734773963,4.785553834953181,HIGH_RISK
10.225577844341185,-0.185630477854692,10.22726263107533,965.392204417551,643.9853482056137,42.051821038009614,78.64000082752386,8.934240507337602,1.035779676659105,MODERATE_RISK
-5.932189094927136,1.0081831706884414,6.017250265996241,963.3068473491353,401.5361248717892,46.89042117690161,85.5987870403879,6.557869200585474,0.7909221055496063,MODERATE_RISK
-11.284819915465041,3.0754031456039677,11.696378286994106,967.2621942110934,570.3057733296808,41.921348291027755,84.5613704408202,10.39572007501313,1.171011156561816,MODERATE_RISK
16.91414232293805,41.900579685176126,45.18569229827511,887.5303824895889,869.6213911017767,61.718941295445006,98.86501127985291,3.711510151559339,1.9752465637013077,HIGH_RISK
0.688770118842655,-1.1282346083858747,1.3218614179142054,1002.8810666860008,225.86196009544125,24.113853609665046,63.43871942217076,37.275320389232995,0.24061145513856882,LOW_RISK
-39.12880391331342,-43.412649742580854,58.44417381876946,921.9017304294127,797.1411413833024,66.11419857041453,92.76974924861965,0.5587169402709411,6.021049349945757,HIGH_RISK
30.226149752762268,-28.008602559382975,41.20803254471008,902.2596585442813,924.7472878436372,65.22608482821086,94.90242391095052,2.4996841096448024,5.828144380422481,HIGH_RISK
0.007865549577274748,1.7785562319944954,1.7785736243508756,1008.8765593233019,101.60891187528142,26.583195394838988,68.02098973391918,48.429289093042094,0.0581440131149325,LOW_RISK
1.0763133836939436,-0.8746161578534077,1.3868683872296474,1011.8551659367773,143.15463024989918,28.3790975031268,63.414134151404646,42.26002090629431,0.010807879712107296,LOW_RISK
12.368641914091867,0.1892394059618665,12.370089504599347,981.7796997089653,445.70982261972154,47.4191054485148,87.89722890466307,10.616298609106373,1.0364886749030862,MODERATE_RISK
2.3469654837210094,-1.9244883362828544,3.0351115858015074,1014.8285256592447,163.83657518042426,21.842645977121304,64.05477699626545,51.795947470820124,0.003931667718057731,LOW_RISK
-12.326150619679371,-3.0514590149127114,12.698243627317686,981.7313369223297,628.8982848779019,42.525336440293,87.33954131795238,7.8595094248866495,0.8553568997885189,MODERATE_RISK
21.775865448665108,28.102100333839232,35.551601359313395,901.9629893985749,877.9002731595316,55.77112873281572,96.09970903102098,4.238506930110313,4.534364687899973,HIGH_RISK
0.7072025357039936,-2.15741696747605,2.2703707622456104,1019.5624534990042,225.73125684732054,28.50467666876493,50.55129453876425,39.61809406298971,0.0009370585879527763,LOW_RISK
8.873797172791702,8.353788704960447,12.187291002965784,967.9468327608415,453.2943790156676,46.28054972969273,86.2107857744685,11.677180533344538,1.1362972672673763,MODERATE_RISK
-7.50842343627034,7.509340118113367,10.619162467343674,963.7708532255243,539.6914814896168,42.3270491462655,81.68133589981139,10.670431228154317,1.2683261425829355,MODERATE_RISK
-10.491607186129777,4.283782778415491,11.332458525875976,979.7281506992783,563.3486567237815,45.733531134834294,81.70923425109065,7.10665029856894,1.0908233544982484,MODERATE_RISK
-1.509026072249553,0.09671162221518037,1.51212196088821,1013.2052318493676,215.92663647902873,31.235156737987577,42.644267301723765,47.25481317388238,0.09821512444523216,LOW_RISK
0.1137068372905895,-0.320164306395312,0.33975642442229087,1001.1070100265536,198.69227654094476,22.56941461850611,53.218093421775244,44.240163088419806,0.00495625963385501,LOW_RISK
-12.196207796918028,-1.7538684229643398,12.321669492024022,966.1015522905885,395.07631963664807,38.173887429254336,83.51790063579496,6.6512576964094245,0.8145270463623523,MODERATE_RISK
2.773434142418018,0.8694497598203634,2.9065236670603,1005.9879505588247,246.52235466522623,23.637605172360555,42.680197068756,50.99649786460793,0.03328789611307636,LOW_RISK
25.62391909043086,15.495681893595798,29.94497264818353,911.8276307616604,935.2288276575456,73.91496848953113,94.6458563302407,4.182010504534473,4.472093022887602,HIGH_RISK
-9.441503276653549,7.124954614091921,11.828227355606987,965.1923515633746,606.3002746516164,40.0509375372361,80.21269998625881,7.812897461339796,0.5188846966576729,MODERATE_RISK
25.01494571106216,-21.17845934151591,32.77612925602457,939.7196953401246,878.8039101491798,73.09327167740916,96.28654066767872,0.9067075857239675,5.470866285691496,HIGH_RISK
2.1623529309868506,-0.6856443848794078,2.268452869394488,1010.7821376923534,150.62057778767792,20.385230874640566,49.25056365028596,40.63505516555324,0.09361765231364272,LOW_RISK
42.961375087158686,-30.360025698424792,52.606186991536966,881.1004987667478,884.057700095547,67.41942486182573,91.48687321443825,1.377606318549525,2.368208997479402,HIGH_RISK
9.234545710930945,0.4009179542277701,9.24324454362727,973.2818953619733,459.9617064312416,40.141162434129356,84.7101247484487,5.505549033343121,0.6478489093120317,MODERATE_RISK
-8.815605615169357,1.3152825208144023,8.913185203492935,968.7076623661258,612.7447833551046,45.58305713513293,87.3778763045879,7.953735109393897,1.1550431022565495,MODERATE_RISK
7.341902311421783,1.0429074113925945,7.4156041843667815,970.0334894787176,529.2940020110981,43.99640144068967,80.43717132167527,5.855039987178748,0.9446903741825954,MODERATE_RISK
1.9073326424912382,-0.6474304690770726,2.0142204500505816,1011.142414271342,174.3479675036878,26.6707230089576,69.83692770053574,50.03303270516314,0.16417455437928952,LOW_RISK
15.660483470013558,-22.755742156348635,27.623803930682506,881.1839120105785,919.8648362795277,68.69816984706951,95.66864148986951,0.879100485565484,2.3781978912504824,HIGH_RISK
29.309036732878333,-33.69213100207557,44.65623501449974,926.9933875780604,882.342118716919,55.84957558542313,98.21330731741406,4.077875041901775,4.2601854086474455,HIGH_RISK
-5.237125989745259,0.3462051861128188,5.248556626669533,980.2122999064454,406.90851123743715,41.663031452623386,86.75699372942566,7.611686636145377,1.1397880648251881,MODERATE_RISK
-8.198930126520782,7.656441562427127,11.218001275558478,985.304387856368,541.0307071778545,43.65403391950504,78.61137630012223,7.977431549404361,1.3376654567261714,MODERATE_RISK
1.2786500021943359,2.4425949346928073,2.757030257922197,1018.7405476556536,137.8879043238976,23.96079943692995,53.29382035968744,43.84669166680146,0.11702676144533464,LOW_RISK
-40.49406782407061,-36.682223033148645,54.638402388742044,927.9795084903803,830.3537770402323,74.64803995784564,92.50058526255006,0.7960183027980099,5.8511421508907695,HIGH_RISK
-22.189563990482846,29.785630167148106,37.14243549556028,925.6623125935542,933.1679970747803,59.108247566008046,98.36206600089419,0.76617126043271,5.823971241559109,HIGH_RISK
-34.269806758523956,-37.02975940484997,50.45416471261465,890.3253849503776,975.9203896242592,61.24869986990302,95.67114970981275,1.7944729702172397,6.444895116525693,HIGH_RISK
1.7239099894285137,-0.36909373219492286,1.7629792496785082,1015.2753219043038,131.238302887871,28.49129740402254,67.9463322131956,44.4272028626374,0.01250523440280979,LOW_RISK
5.599651985693372,10.148842558873431,11.59116506852009,974.8186575649191,480.11713333710884,41.46002412972276,78.58063338891091,7.424761348977408,0.9315016058633052,MODERATE_RISK
9.101622326076363,-4.957700976929113,10.364281351988453,976.9731341229027,627.3178403677609,47.23602667977918,87.9624209861702,10.585490105953077,0.5890017559840852,MODERATE_RISK
11.002148480157892,2.829955191408727,11.360278058428932,964.736463776101,523.4236744452081,38.39932189265609,86.53550227958317,11.780795637333075,0.9086685298811076,MODERATE_RISK
-7.604171692000216,5.185721466568442,9.204082477370907,971.5501683804293,447.64699455325643,38.866785611508305,84.13706481849577,7.352293804252525,0.9275150812940769,MODERATE_RISK
39.734251387335064,44.52529928684646,59.67673759426858,928.0940662532773,846.6577943230103,55.8865714921101,97.04613920759434,1.844024652395249,3.22764911016358,HIGH_RISK
-15.666619185598151,41.448448229695146,44.31045945774283,883.5026451477656,739.6905377394636,71.75418425395084,97.26784118807049,3.4036138570595718,2.8389761229148083,HIGH_RISK
7.89316230153024,3.5710734522044976,8.663404453177625,977.2693194380025,465.89578346004254,39.25378884108188,85.84294704788726,5.841814591393451,1.0390699726914878,MODERATE_RISK
39.37106408621342,-30.270138646861795,49.662480616467,895.189852316473,838.1709362554765,53.15242480961435,94.61875882399715,3.121628492858346,6.46307888601102,HIGH_RISK
-5.179113353660701,3.186290706777233,6.080761761338915,974.8979439960907,533.5676576811768,38.16893355071518,84.42741900401425,11.403876052667638,0.5118200363389404,MODERATE_RISK
-26.155479081118767,-30.110327202631872,39.884093197820036,885.6783879531689,884.6730571130048,74.7252815283545,91.27548775717217,1.0826542074547034,2.7152972729924856,HIGH_RISK
-0.7604147630566946,1.785969412179512,1.9411124009483327,1009.0417212586593,209.95760935285992,25.009151744574016,68.22070563169694,47.0302806121404,0.07045187044249188,LOW_RISK
-7.4281645210312774,5.438523147419384,9.206256686434735,987.7427225873437,387.2280581398445,43.240724465067046,78.82458077983954,6.664864022146667,0.5196662394870009,MODERATE_RISK
36.48882991460515,43.37783583888228,56.68396025863051,895.54120054413,873.3294946211288,61.99108255917916,94.6307982163713,2.164601824390429,2.241811328462771,HIGH_RISK
-0.6488372817294313,-1.2047684260205171,1.3683774254561465,1013.2770040527773,116.96767958940498,25.109253519405755,56.22481191914619,52.49048816743892,0.2296793710771899,LOW_RISK
7.01144882830256,3.5812290105973235,7.873094429654025,970.0478490199527,415.3739296970759,45.86613061217902,83.89200906763853,9.911075532423638,0.7273575145415971,MODERATE_RISK
28.644893173159492,-17.178325577882404,33.400969664988,880.2254498508272,918.8712774388973,53.43525336636802,92.6217327720855,2.257322011172801,4.882859609614604,HIGH_RISK
1.5563099163868488,-3.544398653312758,3.871028593209992,1020.0374470576422,139.32249643141864,22.332605132193745,57.16851443626004,52.8971894584743,0.007369751843446435,LOW_RISK
9.426301900902104,4.916947797243012,10.631629375018841,979.3383524008888,389.71725379454034,42.579191671996206,86.61474812342695,7.237694155675818,0.5440206427506383,MODERATE_RISK
-1.6869631377568037,0.8343450141009898,1.8820138763318037,1025.5534553473003,126.74815840734885,27.284717624876833,43.51193238945588,53.11628345264027,0.015251412342433292,LOW_RISK
11.11836312697973,-1.9120920940902728,11.281582105346086,979.0684763513979,595.16612275051,45.69379146463173,83.65197521177751,9.941297967745534,0.5203054856815948,MODERATE_RISK
-38.59091809807239,-44.91224630739431,59.214599787790384,899.214933413705,932.954938474031,71.05718234510388,96.00318594393161,0.8152585565761368,1.815595249735722,HIGH_RISK
0.3863255860841466,-0.9356534410437076,1.0122721077853476,1010.6210521940081,87.85388284833046,30.573818110097726,55.35815892045783,46.79869487563394,0.08955013968283038,LOW_RISK
-35.01778937947047,-28.084412997472345,44.88852666815373,889.9169542376235,827.0318873441964,58.30309958855251,91.04550578823502,2.024399398370518,2.6451058979497617,HIGH_RISK
31.870089821753343,22.362317762623846,38.93296650607539,906.9423391340317,851.34971947572,56.03345945842868,98.88527878046591,3.4582255003972175,4.661722095657369,HIGH_RISK
0.48624952873266314,-0.9142683032389247,1.035531329559912,1008.7835859684318,138.67068428820198,23.82302997745417,53.78844255198779,33.66973952925359,0.04549385298779412,LOW_RISK
32.15975835920125,28.97798349903277,43.28941655176736,911.9565165474132,937.1617023742533,59.179718961852004,95.95889810264083,3.739442531221436,2.8626835716863877,HIGH_RISK
-0.07419556447864942,-0.1928062671583961,0.20658954098371057,1015.6149959099768,251.7012909103109,29.384279629909592,46.929379315841906,47.19743024004256,0.009678124611916115,LOW_RISK
24.74378612364947,-42.094192214225416,48.828024431683325,912.6454682897348,891.6304449925401,53.37798004526026,91.64496761740627,2.9140421657040547,5.599638286499037,HIGH_RISK
12.997784024266597,-1.2813138445298695,13.060786910047337,984.6793194876499,581.9897651131826,38.956862073059064,78.70907922331841,7.932383172303877,0.776374171775007,MODERATE_RISK
-21.111673857915463,20.70963669468053,29.57349869576898,922.8029190675057,778.4996560245685,61.94291770963651,94.31747108658755,3.918129478343146,3.503700609944546,HIGH_RISK
30.767849694851204,-28.576639858457035,41.99148628525681,901.5413097072845,864.2340389963007,73.9367270217481,95.10630688309196,3.108951777466932,6.360050512179301,HIGH_RISK
-11.243821283141678,-1.8886488717733,11.401338149887508,974.1298477668187,509.5954276928278,39.96686434126861,78.96892161164168,8.273064927596565,1.1041968356479313,MODERATE_RISK
1.0825080960648528,0.6055951355049142,1.240390763506875,1018.6831422035056,190.69435524196996,25.42977749736357,60.375150986139786,42.15150518537134,0.053085871762216595,LOW_RISK
-1.167457088103469,2.757275515192684,2.994248539991981,1009.3675533170571,119.72891537948115,26.376215686253865,48.56738848715909,42.071036382756546,0.11144288830470833,LOW_RISK
-2.4914414002739873,2.010675669034717,3.201577251457071,1014.7014129609117,121.36357862667926,32.28217563176726,49.81020305488306,37.50409399021151,0.10967494458560134,LOW_RISK
-13.411022652889537,3.324155611268854,13.816857063900114,969.346500474989,473.735046712059,43.13857359269122,80.80429861573577,7.484217960448333,0.6876375860685106,MODERATE_RISK
-12.87231785894041,-1.0624446281207511,12.916089022975138,962.4173537063272,437.1105397909414,39.34296964395187,86.82281095045383,11.525949254332703,0.816183990727858,MODERATE_RISK
9.99516671784762,-5.916074773958849,11.614787920949786,986.0646177081207,517.6397480699484,42.38658684407103,82.52314174763478,10.54484482199359,0.6329511755574184,MODERATE_RISK
28.425020928523534,16.594487765188436,32.91441688646466,892.3561158297252,948.4063204167967,66.98081863999874,94.21674199528798,2.896659493468666,5.034186941264908,HIGH_RISK
-0.4041102516668367,1.290710232539618,1.3524932531753011,1013.0615827930061,84.18682356534666,15.432175182747905,46.65338475800639,40.28969908212878,0.2361109065883871,LOW_RISK
1.8018208832459173,1.10526584563865,2.113804883341037,1006.0872294210958,96.02114532192044,24.003712621387837,52.360532168549696,40.989002959824106,0.08128960034062085,LOW_RISK
-11.990914442150656,2.880757256820531,12.332104099937744,973.4530966886545,646.2096547883827,38.57179654530267,80.97076957796473,9.034223776396072,1.1517732019887394,MODERATE_RISK
6.210729430602661,7.565831867823769,9.788512242027986,966.7831917369498,558.2007032351419,45.10141882562528,85.85294666722673,10.264062043113896,1.149319040322514,MODERATE_RISK
0.5420934082626209,-0.0703808683187761,0.5466431467667818,1020.9731798767293,111.36254106336114,22.104038673029564,52.314961410921384,48.93203105997908,0.03449616285678219,LOW_RISK
-9.995743412938861,4.436955323559012,10.936245192961307,982.811753362876,612.3967110347828,40.57578782498,80.52707859709125,10.03045015538985,0.784206845095891,MODERATE_RISK
-12.266338458132406,-0.8405464273495284,12.295103800537357,968.9911282414619,633.5905167662258,47.90917474794512,80.01527002918243,10.531875281598277,1.1989386339770192,MODERATE_RISK
8.919545247079334,-4.390478916673826,9.941558858270312,984.878615824065,556.7378960516943,43.79221189571107,81.14090455233578,10.334576045941564,0.9333166258736464,MODERATE_RISK
-1.2588262848339578,-0.03833110648716792,1.2594097383748448,1009.4402330116427,160.64155122665045,31.435123422937494,40.1175512485328,46.63905536787062,0.1563648895483091,LOW_RISK
13.755709442393085,1.5919748794909532,13.84752419317159,973.3121526258406,527.2136439479051,42.92992429104532,78.05212518476925,10.71265079232154,1.0770934912115222,MODERATE_RISK
1.689847544321636,0.4886944748732497,1.7590926674912568,1025.4042713891342,240.83311299677683,27.000572132455535,53.133444318988595,44.83861552948691,0.05178784354063899,LOW_RISK
-21.056881683986695,38.63688939134169,44.00228957784113,926.0379936677203,964.5083660844568,65.18655533005676,94.21736341633928,1.5408960841413935,6.145985638010021,HIGH_RISK
0.22007052964998425,2.3979707557570755,2.408047919682369,1027.047573198089,276.5479081820772,27.66147574013132,59.26330705076563,42.5850803696358,0.09368544088804487,LOW_RISK
1.6211710883319328,-2.186327249197396,2.7218050147331265,1010.434629457468,106.14346471795146,22.662178832598247,67.94471160756778,43.823630450137806,0.07352008519951544,LOW_RISK
-0.3032889786508411,0.7120473493199292,0.7739480811040284,1020.3512434069906,180.05570704155207,22.640420974148437,41.18252755361089,46.606457353786936,0.04258550589974353,LOW_RISK
26.896379609208452,40.27881596587899,48.43344146037728,880.7874925571241,942.6190048584017,67.47655749175364,91.3559554145472,4.023060046432412,2.3769696242773213,HIGH_RISK
9.984524742519985,5.387359781876661,11.34523599372776,965.226358825163,542.7370461370525,45.44235258437239,80.2992516354556,9.599466724030057,0.5766926782115938,MODERATE_RISK
1.119380349040831,-1.690151203364708,2.0272206234285264,1004.2094452876771,209.74942277900362,24.207217294481122,52.400273796135764,40.447566482342395,0.02941368150903728,LOW_RISK
1.3044088801584903,-0.9689462686868029,1.6249121201586272,1008.167100889395,277.9010666768645,27.05953438430549,44.559405474221535,43.09255292587954,0.02892962548217375,LOW_RISK
-6.593389650755577,7.912484904397937,10.2995244768395,984.2304482722676,612.0272606832618,43.66667453750165,78.22344933766291,8.691791341520453,1.2712854251402381,MODERATE_RISK
-26.50545283530915,-28.800362912421242,39.14077073707117,923.9808162824095,949.1523624794949,57.328662204737384,96.57940366524444,2.404170587775761,4.761843725360764,HIGH_RISK
13.060861073617266,5.7494696570147195,14.270336132035004,962.2616267486579,467.3361803772341,46.27186714245322,86.83901814960109,8.08930959277841,0.5858364271082248,MODERATE_RISK
10.465400030913392,2.768016947874707,10.825272081142517,977.3773172790599,489.1509330675913,47.824473570470744,84.55848948573875,9.602632326058545,0.8548139625163709,MODERATE_RISK
-11.203067627266567,4.899317493943327,12.227511446225158,971.4745375726338,636.7788896821237,38.34195449921189,80.23371437827369,7.152462695536309,0.8773132473476241,MODERATE_RISK
20.10886752756101,18.555840864603784,27.362123152882294,939.3044798924967,725.7047815753666,53.500530446036116,96.60497384127756,3.850643623104222,2.6899704833911033,HIGH_RISK
10.033716848691444,6.20127820910542,11.795394237855737,956.6682954830127,495.4020824506815,42.411435993690766,84.79127737400873,11.606305576148678,1.016520265430058,MODERATE_RISK
0.49039106064624394,0.44033689824994393,0.6590750915655434,1010.8525868159458,182.34148942294019,26.229614278878753,42.562074528726214,44.9171579508874,0.007002010963634536,LOW_RISK
0.5064039931128033,-0.3397183378522901,0.6097979610606409,1006.3036581449891,124.09752788294985,32.79337057915925,43.39693669777376,52.65167282177205,0.031098147260275856,LOW_RISK
-1.605127149489229,-0.5544155040654509,1.6981783525812493,1004.0684688814747,87.79156926969284,26.893629662849865,64.17717527600324,41.481448003342834,0.1373141850355772,LOW_RISK
-25.832717369858784,31.43838912211828,40.69031331047635,919.351008693784,781.5837844544933,53.58563408242206,98.88151751741911,3.8991866826146255,4.185756562578041,HIGH_RISK
-0.04969045931069564,1.9654631191794125,1.9660911511425339,1013.0015285370328,89.43934033947579,22.73769452850404,64.35903227172405,48.92073208176749,0.06157949111847438,LOW_RISK
38.20443610135626,28.664405171779254,47.76219280638755,923.8427456198054,930.237105565197,66.72504170044112,96.90818597257115,1.8224524374449342,6.291818425175922,HIGH_RISK
12.066825811215425,5.977658112830338,13.466279429452708,963.5025854463211,612.6408036862978,45.6083103001945,86.77598373161419,8.848394877497153,1.2911287746888238,MODERATE_RISK
23.456813117979973,37.89569612158484,44.5679914982865,904.9714760882871,743.3232680309117,63.15929953280353,96.54705795355582,1.8177389533530404,3.0713221956738312,HIGH_RISK
42.43674833064475,-24.409827275270057,48.95627923450676,928.227835845429,944.6583308178219,60.69091780591961,98.3861926908284,3.2962636510850256,5.848798579595568,HIGH_RISK
11.709527768174954,0.7059402128621715,11.730788214685159,975.8919819661257,418.66332604766535,43.351067800006035,82.23857894169272,10.225580955548207,1.092899910638934,MODERATE_RISK
1.1865479205645704,1.6582888994369758,2.0390728387656982,1032.5509233729033,236.65959659120955,27.343616804658595,63.64105448725066,45.3418578298383,0.025218869005399634,LOW_RISK
-31.556398263559174,35.695548862389046,47.64429115807648,942.9407484050867,756.9572614789013,74.13816025149077,93.23784597446092,4.062599565618388,4.564620526294414,HIGH_RISK
-1.341910953329256,1.3425574711141732,1.8982058818551577,1008.8536778032358,92.48626545555607,30.165095356063517,53.04034444949411,45.36126024118958,0.05499767621053359,LOW_RISK
35.2096299234673,27.116507006582637,44.44123076137259,887.9877063149903,725.3243998923439,63.74797721416286,92.53956484288993,2.2865802772396506,5.853766308795054,HIGH_RISK
9.545520202433678,-2.106501931536716,9.775188301134532,990.089188942669,412.21088676248934,44.677560251985355,85.44186107231593,11.284769948755908,1.1377431719066018,MODERATE_RISK
1.2202644540009577,0.8367154595277934,1.4795736203079122,1017.2319447127312,148.19171428711167,21.884651828718262,66.69509182264932,37.49761725418499,0.047668821566538545,LOW_RISK
-13.756796423782744,4.726536894673556,14.54611971840298,981.9921243867199,398.9530850800827,43.61275514856212,86.88363682801264,6.56478881336305,1.014923972448818,MODERATE_RISK
-0.9774005214087256,3.869564006481478,3.9910947595248896,1020.3907787063945,277.6841987926962,19.30526945246431,49.345368970419585,54.094492661001624,0.005793778517894759,LOW_RISK
-1.295986154519724,1.432957812855766,1.9320839024564131,1023.2074366458943,236.69391200985353,18.89132857364141,66.43774203289036,40.52286019537479,0.0036735484944946245,LOW_RISK
-10.639793149805826,4.12137160668232,11.410122794738985,970.5657058176496,531.1570958076777,43.43701419644918,82.18605185671915,11.484971291795079,1.1621664049041043,MODERATE_RISK
-12.113667282946892,1.411228996927954,12.195593561762717,957.1788491801517,535.1840364769591,45.71892146325254,86.36903445316655,9.620043855743026,0.7972583112428993,MODERATE_RISK
-0.03977081317382532,0.32614930976958434,0.3285651987713909,1011.9476567514216,275.6709574113713,26.51855859354386,45.12441118918632,43.29089089876932,0.046606826822711056,LOW_RISK
-6.686701591853993,-0.4440044963585166,6.7014265773258535,985.1795705242936,523.7476455512665,42.52093522390384,82.91491302259523,6.012243537295149,0.885321360239985,MODERATE_RISK
1.0674223171333348,1.992291212773587,2.2602244754911287,1019.8002211500389,188.86897752686423,12.969470641224971,55.51395676031914,40.00779573561641,0.023167260994032168,LOW_RISK
-0.7280453217436552,-1.253020579889636,1.4491758223693156,1030.0477743133322,162.26079441324626,14.1824334735889,46.22534486154637,36.26389166517372,0.014957504465595404,LOW_RISK
34.840179251657474,-40.11442293975352,53.13195853793691,938.1503174894244,893.6754858356426,58.588690794335506,97.87572622376453,1.3559053425562593,4.5159725429789805,HIGH_RISK
-8.522402840273722,-1.3898955622602585,8.634996227323807,976.1650805247588,619.9533455454415,45.6504318997049,83.86643012445634,7.720504406037676,0.576857922921573,MODERATE_RISK
-10.444467318779797,8.468179698086729,13.446076192411951,957.9885952573276,591.8177366329394,46.86726383144989,83.66204823507145,11.003554701777606,1.3842408486146556,MODERATE_RISK
1.050464819113487,1.972371680376071,2.234664713496111,1018.2316897912021,137.44424184103016,24.77043718799383,64.33313698915954,45.55564687648256,0.1256185783092687,LOW_RISK
0.32872549149590846,3.3469502192889484,3.3630545965175123,1016.117628945677,230.42286653939496,23.123476583158364,64.83774863635938,34.86161364164576,0.02901029682562204,LOW_RISK
-0.718122932495216,0.7630875348449008,1.047856446280308,1006.5855515439939,155.3352880858925,25.632356901292738,50.20668983353771,45.322529864312855,0.06285260308784474,LOW_RISK
-0.08332154834492816,1.1023166790747263,1.1054612346821255,1000.3973831940906,159.18744523918997,26.678822433429062,64.22877608688925,40.8145493319248,0.156091851210682,LOW_RISK
-3.707466750190934,-0.9033180905426708,3.8159262671693464,1032.6637318907642,239.95667288915666,28.018933192271238,66.08623506577655,43.96507705450816,0.10324117345665661,LOW_RISK
-2.133380564396511,1.3988862478096349,2.551116494175775,1020.1267030958384,195.39632248353638,20.681054714896607,55.65492625915568,52.50137304500494,0.031919574482946196,LOW_RISK
-34.50490597552931,43.215921500458954,55.301034416310415,935.5373266097906,787.4636688886728,58.870449303866145,93.82505126808842,3.5658209839907946,1.8274647886890947,HIGH_RISK
2.8142562588238293,2.342266795090279,3.661454906142036,1005.8561348458536,220.12229927889032,26.966022588987133,49.608962274902275,48.012901339891705,0.02673764659333175,LOW_RISK
-27.797070141346083,37.311184859500756,46.52742872825396,933.5816019527912,752.0570812565244,59.67785007670983,96.60051337994561,1.8289554635864644,2.005396910829157,HIGH_RISK
10.933200833457848,4.4763326775520405,11.81407781863839,964.2434951642512,542.290735731726,42.68288567672868,85.98046582836821,10.354512788424767,0.9981409374503905,MODERATE_RISK
-10.720341338073684,-6.458774396294942,12.515649607872799,983.2268242657415,430.40872591683666,39.55926252173831,81.41309240489893,8.119498433848413,0.7945316363296977,MODERATE_RISK
13.13390535259196,0.4995640202257421,13.143402680476157,935.7759974838166,421.5111586388622,42.81944279392721,87.42261173658561,10.040888863725755,0.9510499657068547,MODERATE_RISK
6.545245938156421,5.774391105091784,8.728335295204706,971.4614103717989,530.5181282234265,44.17859154062256,80.88458350418128,8.7064082736575,0.5943235905856301,MODERATE_RISK
9.521625141321142,8.660569530175126,12.871161949056372,976.3549137231677,444.44921726872417,38.676735366579834,82.1519763914191,7.335628137498118,0.7586419237300115,MODERATE_RISK
28.688876493833966,23.614328123043943,37.15761196822588,916.0239564957274,866.6248601075666,74.72290446875098,95.85625790610477,2.448767101153773,5.3440252366575205,HIGH_RISK
-0.8327992900397976,-1.8443243916786254,2.023632160060598,1020.2032367399752,224.80583775458425,27.891307579942048,60.011105713760614,51.136369110406314,0.08718119828567816,LOW_RISK
2.324901607526309,1.446130752432536,2.737966697717397,1008.6611858168247,112.04512019530125,18.553730563588687,52.07579066470426,34.57103780547498,0.08400690444043976,LOW_RISK
10.53293857840636,-1.7383755795938844,10.675427146124383,970.4925972269725,552.6355391938105,45.047842934477266,87.75831889782707,8.787475375176236,1.1603624105537205,MODERATE_RISK
31.974259025585226,25.002540043380495,40.589164180308806,882.5386516230685,902.1237343436005,74.91151679661486,96.0450483772333,3.0481376362908383,6.167299603874387,HIGH_RISK
12.72932523207371,1.5401962740326296,12.822165395378912,958.180312160146,449.4209590111192,42.14690154165786,87.25328053864163,7.431076245717065,0.7686447015086317,MODERATE_RISK
42.877467457294074,42.92918742728533,60.674478561569074,933.8630172895373,886.8449853939148,68.16317121324876,94.85852883509057,3.6675858066472324,5.892502078225284,HIGH_RISK
0.33613872271562517,-0.04095680926489779,0.3386247202052047,1008.9635882955816,142.98368891777915,28.960664955837156,66.44906047526231,51.13517298524436,0.005616322299474569,LOW_RISK
24.018807196159457,16.098291475266027,28.914669072097368,934.1362908062276,848.575086372274,70.03805767779146,93.1718747745529,1.9613344541899411,4.890424694112292,HIGH_RISK
-18.009584975798383,-36.376231666308456,40.59033605726177,932.8570035629738,771.0655515887586,65.63467750308449,92.36367623157302,2.654526590129216,5.415126669586149,HIGH_RISK
-0.43754062468991517,-1.5341888477976084,1.5953611562779741,1009.3169105149436,241.6811477787382,24.505084214900656,62.25986173378517,47.29497000837146,0.04596284445957204,LOW_RISK
37.27710332227368,-31.900891426829517,49.06372698772314,925.0535913875841,878.4479269511057,71.59287601382545,97.60865655704019,2.442539632524936,2.570203597679245,HIGH_RISK
-19.787316983601407,16.62118777043707,25.841861316663078,939.4408818905853,861.249638815588,66.56483559562675,95.85847232758515,2.8985648157899533,3.9776709482485404,HIGH_RISK
7.663337140822595,9.009167636488126,11.827587988945847,979.3426364992207,639.1262462705196,44.20874187556801,82.00589357319811,9.473649896468542,0.8570677741364656,MODERATE_RISK
30.64624347580542,-23.22622815180734,38.45321720400199,905.0035906118333,725.7850326287586,53.946948495947446,97.42141483710056,1.3962096481294002,1.7981270680242705,HIGH_RISK
13.481010454415333,7.476378331051405,15.41537790068964,969.9627766317054,448.26512145459355,41.63333781916264,82.585487714794,5.776841200807035,0.9204107834238255,MODERATE_RISK
11.408570792682537,1.2266362012815089,11.474324551011419,979.5754193400478,521.5572155111828,43.87933733034264,78.23995945800073,10.875564230705002,0.8660681484721802,MODERATE_RISK
0.723708622864778,-2.3557509054347654,2.4644099698032287,1024.2327877974121,266.0796840338651,20.590921038176578,42.58407314647109,38.22014827570018,0.0018209131335547983,LOW_RISK
9.368104074209763,1.8617430406247866,9.551306774182285,972.6921384789728,412.6742435221352,38.328354290838774,84.62803086375736,7.05366663922385,1.048604739714329,MODERATE_RISK
-1.2701905771026074,0.8250781485368278,1.514641229253058,1009.8160446376107,96.70498293600374,27.024963957223704,52.009896052322745,42.40666640189395,0.1922414467865062,LOW_RISK
3.0911218873229807,0.8074441185744494,3.194839671549678,1021.6285416529715,259.5870586887474,21.572592539488802,68.51510684767405,47.68884095184242,0.05924563152394837,LOW_RISK
-1.334271644438285,1.1383928846801477,1.753915385941532,1021.1486761327128,135.04783620740164,29.46733510211982,59.32639047968854,46.691787209679795,0.09975081616026543,LOW_RISK
5.821203571738298,10.96370622482317,12.413269722673597,983.5827043018187,563.175200092359,43.50944193840603,78.60610357117814,6.222460878536208,0.7373284299059603,MODERATE_RISK
2.947087699374584,-0.20768397597566074,2.9543964767244826,1013.8576421433287,162.9651311042704,26.971945834057838,40.744516343354476,36.83038520470356,0.05243515786457135,LOW_RISK
-0.4516555433839332,-0.05776270425106081,0.45533422875052065,1014.4688389762698,211.2819207001314,22.886811813348082,68.31299146636043,45.46579168849871,0.05410544319642523,LOW_RISK
0.4931266644895267,0.35818373853977026,0.6094829757957909,1012.0677574494603,160.64212663676454,29.76759733765429,41.88722428054072,44.77819272244219,0.011170759136426914,LOW_RISK
13.239291930964983,5.924598862281412,14.504472500310404,963.0079567490436,586.0152374102302,46.07179770202491,83.30463000040815,10.583419390220802,1.3154175101988392,MODERATE_RISK
9.25052867895921,3.6849895147639207,9.95748103508949,994.0749067255326,603.9505927356494,45.65432216744772,81.97960376445116,10.348705016375998,0.9554665086200391,MODERATE_RISK
0.9090149270184594,-0.3618864819278137,0.9784017392382666,1021.610707792678,84.7892530540967,23.165445455595663,66.10074776560496,45.422634918921624,0.06776356761110353,LOW_RISK
1.917677793910948,0.5544632882971409,1.9962258537872009,1015.8860698845841,164.4384467761356,25.972366910642794,54.12449258097695,33.09630447238251,0.19710124066931392,LOW_RISK
2.379025224218028,1.0621630150328856,2.6053697027426623,1022.802875224379,123.74277778130784,27.28802511320189,57.88775725698106,48.06166107001256,0.0016490078508787876,LOW_RISK
-17.26804766684037,-32.66633991420913,36.94963103489565,928.6886147935465,784.1177585568613,69.48051563902177,98.94030455924383,1.7138439385328046,6.471101187732559,HIGH_RISK
0.9239034104163957,-2.018969520370123,2.2203232728507376,1012.1740257247861,202.02158440724693,26.143213147178933,48.605399369416,46.541460318194105,0.10171118581131093,LOW_RISK
-40.52792482299723,28.2761164733188,49.417117006875316,928.5323431344436,972.3239280748635,69.73060071543038,96.39111519157105,3.648224383382932,4.56204310341249,HIGH_RISK
36.62865931451017,-23.896032880644373,43.734186520516076,915.395610491311,908.5580223241352,55.068349069398906,94.73566638836328,1.3701246951774686,5.593590639564229,HIGH_RISK
-1.061504198428171,0.6285285140490677,1.233628491991557,1009.8839056505516,278.3925494477287,23.339598844146522,50.78271480492451,45.1718765451323,0.08522577618746262,LOW_RISK
35.43462216991338,20.89242260444103,41.13521326803929,904.3410633865482,761.4207912365039,72.25775850071385,91.4329237424292,3.2140209073069768,6.139651242947741,HIGH_RISK
-40.57500731638436,42.79241635751093,58.97051904502124,932.4427594436247,731.7980857228838,72.13201860540644,94.10568879714482,0.7304935267366472,3.2137533185398137,HIGH_RISK
21.59931241962059,15.08252986661763,26.344126559401985,901.6262528256043,744.5774786401289,63.65554571753452,93.97987226003286,1.8453388814186904,5.509723518581218,HIGH_RISK
-32.37375555611578,-31.13878894932297,44.91864007333276,925.0701892949953,835.7551517371232,72.72797867799818,96.50393614908545,3.121045049203037,2.758948697138809,HIGH_RISK
9.740920165425429,0.6266592965902031,9.761056681691521,978.999965529436,634.9270781465287,47.82548761539599,80.07888055263145,6.55895468097439,1.0870872813981958,MODERATE_RISK
-13.425317018889016,-1.0485337940563917,13.466200658498645,987.6871389457657,438.0479003688656,45.99829454049902,83.56815117969393,9.738094999704353,0.8141872878446739,MODERATE_RISK
-15.7888332200516,30.340763662000526,34.20305825571708,884.1373390717508,914.6322889450687,69.63648429976001,93.41465038299587,0.5475456353895347,1.843208334779234,HIGH_RISK
0.4454770098497791,-1.2704420224774917,1.3462810623274026,1000.1044895107667,246.98944113888075,19.668890410081403,64.09511534898193,35.475277729946804,0.011605588933617796,LOW_RISK
6.146348324300249,-1.039208527951101,6.2335826045858065,951.4429650987264,531.9479191164136,38.699440101386315,82.7200748211733,10.2224202584645,0.6006558243574511,MODERATE_RISK
-20.248395412739637,44.54224821410022,48.92861527528824,925.9909340241143,797.0458652838827,60.34586808762422,98.6739086772038,0.998418278477792,4.549432267774161,HIGH_RISK
-20.20073790634148,-29.089467699948713,35.4156313374061,914.203563987061,949.7995190879292,74.87048645643625,93.24403606701992,1.9416634117920055,5.866945738277336,HIGH_RISK
-31.360349520046345,31.759590357900287,44.633430315416085,894.7677019547007,762.5168142381114,63.86763398281535,95.73183908859527,4.023693196352953,2.600218794849666,HIGH_RISK
-18.695756641284905,40.73791961005601,44.823090149447914,885.6776192512929,926.8495712120844,65.67267311612643,93.05576062175315,0.8695396279849765,2.101949579853795,HIGH_RISK
-22.115830534018066,-38.42443893255887,44.33449523217053,915.0344805909774,968.1689673982427,62.40581838873423,97.19529369269523,2.0688809144081115,4.841971621508713,HIGH_RISK
-1.3791363513507047,-0.366234952935973,1.4269355684013727,1010.4176743124718,163.4386837129153,23.6142939759724,61.09840162126751,43.28397036578481,0.007124027109670527,LOW_RISK
-43.39525134875824,-30.11231086124186,52.819495501433636,898.2841617093359,744.308183030152,74.37138217077225,95.48889908566463,2.253829122165654,2.1312572425356238,HIGH_RISK
-1.3779779197262974,0.34982419689525246,1.421689176995669,1005.8542720949636,252.28360921910348,24.57672497000921,40.10968934033948,40.929946653542224,0.006332114110286236,LOW_RISK
9.276779475112544,7.6958153821646675,12.053390055342591,975.8735742526027,589.0263050061908,39.692475974428945,78.50362998993396,8.278331852083431,1.124206210373423,MODERATE_RISK
25.276264969780527,27.34022371245065,37.23408926601271,935.0500221771367,792.4651469742059,70.4526770835713,96.31486953323716,2.379100039354765,2.028162306345506,HIGH_RISK
43.64261036837871,16.880869166591523,46.79360195139606,944.2004475294704,934.967412338522,65.59182608348684,93.62240774913688,1.9553332313605738,1.8884736579397792,HIGH_RISK
-6.488608140512231,6.1818409619290104,8.961986012023507,970.7009989479211,622.5355210368247,40.33848369085478,84.81997447280733,7.574871733267271,0.5807104309934421,MODERATE_RISK
-0.9191830357265793,1.9565103643172288,2.161673023111559,1016.5188584616142,101.08027547929245,25.182255524567594,49.61689673082773,45.67595170493693,0.055631127473623206,LOW_RISK
0.3895837525822228,-0.7332741326794112,0.8303411671914077,1029.7023485186364,136.06695051028248,20.490015604187846,62.46997052214871,46.16521475764742,0.19920817482401046,LOW_RISK
37.526333295434696,-30.461229922340255,48.33334479406249,891.9264082834015,974.6179993285253,59.75975944611235,97.67882792429401,2.1295333032177353,2.1208558650274174,HIGH_RISK
-1.7748877689986626,0.4611100467136511,1.8338072602433755,1017.7668474071488,151.7243163907183,26.29783441741007,51.155103536992584,39.42959320883456,0.06499706218497518,LOW_RISK
26.125022537819685,17.209513038160257,31.28392784821296,932.1653319834762,942.9061562344915,74.21171233847113,96.02029191956301,3.4620671982298186,4.8800164394343595,HIGH_RISK
-5.675198800036264,5.980670660634424,8.244774282592973,977.3873792529135,456.2746859487819,40.166842439890026,86.25414437573811,9.731295717398554,0.723107275475788,MODERATE_RISK
0.9815484845310867,-0.43771690337331615,1.0747248554788327,1018.4621759307161,214.0868667593835,29.32022423655724,59.01349854241863,49.82077942085989,0.0004270731666973125,LOW_RISK
0.36500917398403776,-0.07709058538272937,0.3730611953113878,1000.2062140502788,168.83668137567332,25.136032384912586,65.96935109118196,46.6967790637811,0.06367497012047578,LOW_RISK
-22.816350423292135,-40.19711863669697,46.22114443986815,911.1086996087373,828.1183951719479,66.71019908663786,94.72245757134945,2.9000660323519236,4.434318946298977,HIGH_RISK
-2.800897788887622,0.46473106534054126,2.8391906217949026,1008.0696655549187,245.21293690965712,27.533307304284953,52.963487104057876,32.467142147316416,0.17086727275546834,LOW_RISK
-11.75471582627074,2.126487895640991,11.94551358990845,963.263696074532,566.1214819940224,45.420925925582445,84.46774961081933,8.76233817261732,0.9967767757446018,MODERATE_RISK
-43.96472815313354,16.72775486249546,47.03950578310399,939.6848236202794,746.6625127404081,57.490414912520876,95.7736317855037,1.5171796582307966,4.169684027535925,HIGH_RISK
-11.485980090570761,0.2549478712798847,11.488809209750942,965.2717210741704,555.2420061624177,38.40500686481919,85.33880973273742,7.051477729303435,0.7627186524113092,MODERATE_RISK
-35.47218485865953,-24.00079216394687,42.82889122010852,916.7537776784827,785.5321835147383,57.003636890330235,95.69174217632438,1.4181315366886422,3.481362182366781,HIGH_RISK
-2.172020850624366,-0.69796568517008,2.2814097994928337,1006.1360733741734,166.1071641826074,29.028628802386677,50.36860506702369,47.19289645460503,0.10168603459403672,LOW_RISK
28.71075841442818,41.624555601220074,50.565910233384706,898.9703777845783,832.9559473171685,59.99543943309687,95.39906847590201,0.883398535074996,2.255997712400953,HIGH_RISK
0.5117279622249659,-0.09388969184928361,0.5202699122171774,1014.46406393799,260.84865828151305,32.56176274062313,66.81919172387514,37.671630713289524,0.02324983429969145,LOW_RISK
-0.6121130595323271,-0.42199133567732006,0.743477696394959,1009.9851932867182,168.36674096039093,18.308424394753704,44.151927579043736,39.264202444941446,0.07926420158801252,LOW_RISK
5.601173695359548,6.118417445678772,8.295069547940757,970.8873956951652,417.28258728254247,38.576426955973936,79.86935345041677,10.264706576148342,1.2011881458138531,MODERATE_RISK
2.1704668265305993,2.4183309423831365,3.2495000833909082,1027.1608108148266,129.7079641854852,24.13615791859907,63.062925421634816,42.42414550453991,0.014820041802727977,LOW_RISK
-17.078779483999263,31.565583268042083,35.88970264177139,939.8290305532261,867.4650060481524,53.45933398418087,93.48990437491787,1.8914292845603602,3.643096277427394,HIGH_RISK
0.8546509203483059,1.5840852135990777,1.7999317097032992,1022.3349611774636,176.64641517508704,25.55458073484034,58.1140923653126,45.09799808288814,0.024644199718418105,LOW_RISK
0.07212741999207299,2.3148652924082835,2.315988706084553,1018.1048047457253,242.87735585375228,29.02369804718567,65.6319853997704,45.437368768403694,0.034491760352497416,LOW_RISK
5.105885849302979,7.314585646178575,8.920383034455082,981.0378146955296,455.87754009295463,43.800435552980986,81.9198111290696,8.739871962827463,0.5158548564269966,MODERATE_RISK
-13.12610910047034,2.1782784435570863,13.305624265517036,984.0996254086056,607.5341633556566,41.44099764029737,86.70143005551738,7.806965962370597,0.6338293864677934,MODERATE_RISK
1.7447456282324394,-1.6384691470088684,2.3934741387648577,1007.8443353667071,216.5064919075443,27.99960095769484,53.821365140448265,37.532451108734286,0.02122702604012837,LOW_RISK
-0.8383827709073826,-3.795431284119495,3.8869247874157917,1012.3201676550243,228.45844629738943,25.325113688224796,47.198467111708936,49.986327838294365,0.012627510493184682,LOW_RISK
-13.91721220351344,-2.2521450914148726,14.098260638476207,979.4575985121713,409.8353648314763,39.47069904550344,79.5854153559161,10.886517124586012,0.6435140880080904,MODERATE_RISK
3.682950209866341,-1.2992622723217513,3.9054071107418755,1006.5519005516024,113.77169267407899,13.342976040732236,46.46077848563826,52.37939575251983,0.13465053113241504,LOW_RISK
-1.8773091362856662,-1.3585984512939284,2.3173431651440612,1016.9833678557286,252.28913720426485,27.07548472176049,50.69214207548994,43.156903171071505,0.237612832280818,LOW_RISK
13.766281024748574,1.6194075076907195,13.861203913380603,960.8061564420395,400.92156833665234,47.39218494877685,84.08512342525347,5.957859908806692,0.7665568831414421,MODERATE_RISK
33.61028583951648,-23.833706782623516,41.203117518145106,915.3455250745925,879.115024517859,65.33459520471172,97.84382672128251,3.800465483640353,5.15566142257527,HIGH_RISK
-38.336774274994625,30.69124003844617,49.10865989730743,902.2373501279768,954.3753583208041,58.35927910075221,93.51217000466713,2.195498973737858,5.054536623191689,HIGH_RISK
-6.386681592257752,-5.4331659529004295,8.385045857515655,970.0296930933409,566.1218312208032,47.203002705727485,86.08110346614343,8.046362569433876,0.5789270382460784,MODERATE_RISK
33.32782868364086,-30.224230639902224,44.99164680849234,920.9777202063877,924.7194306081094,56.83462793240797,98.08625886335703,1.8841051361069887,3.589841206701143,HIGH_RISK
29.73115409514368,25.47312346348743,39.151264894192785,927.4884431512801,732.1576035909032,63.74800878185603,91.57289529671614,3.0791009357913994,3.771446139929011,HIGH_RISK
-5.1096185187488725,11.223786343870959,12.33213612072157,974.4804522909923,421.9721188822435,46.89096242716239,78.54739635909937,7.726071615532888,1.20071946823994,MODERATE_RISK
5.355067576304223,-4.6605011852161775,7.099085859755901,981.8677407050335,544.4043124781102,41.302152251600276,82.89894142130825,11.148806166099309,1.3759763715503388,MODERATE_RISK
35.89083800749418,43.470143600183206,56.37202885741064,885.5271094776259,955.2987587528045,64.14161683299803,92.93901167719405,2.1427526867030875,4.563904555677158,HIGH_RISK
-0.36808217400430576,0.892131512497929,0.965081925233075,1011.3778411271442,274.7600826714299,24.628223173545646,51.36110066743478,41.85928130415411,0.016417019399639278,LOW_RISK
-40.72833705976672,24.352921549563888,47.453790445581696,898.9634359356759,950.638138358091,53.45309514893785,91.32672354359991,0.8855642899777338,3.809330112495311,HIGH_RISK
7.785334212753803,6.286721495562359,10.006712545438722,972.4481282848571,604.5144425606563,45.60205624529161,82.95471563065334,9.869641250482388,0.8863302871362532,MODERATE_RISK
20.783713074573175,44.165498257157786,48.811412246207254,893.654872191355,767.4505779801494,65.12933921240887,94.71578609567737,3.0847606781329486,4.998056294151155,HIGH_RISK
9.914889272029617,5.812037992856199,11.492815795400704,981.5066762879209,584.8662126895069,39.99323858950574,83.50765726372153,10.438017485699426,0.8609088377956701,MODERATE_RISK
-13.42708478058405,4.717175279929397,14.231596829820917,959.3502610655822,394.089947830918,41.96539227564484,85.46903655355523,9.668884324964464,1.2545591796380227,MODERATE_RISK
-28.78835015320812,-26.78820383452201,39.3239999138391,883.1882427375427,871.165240255551,55.33616473843281,98.15869637365002,3.4087205917839163,5.663739498997565,HIGH_RISK
-8.688546302986346,2.519992903206381,9.046612686047094,985.8648012289038,600.5855128184487,43.830064830045515,78.46448817285761,10.248458136534854,0.875984604462088,MODERATE_RISK
0.01888860117269229,-1.3999019386097942,1.4000293628984075,999.5911363392564,99.32896685755045,24.13147570021519,55.45576678414641,37.096980295954154,0.10286690918235548,LOW_RISK
20.6770593284781,-40.13446772430339,45.14771624331129,943.9582812818543,725.2013427508039,67.41245630161214,97.7523273075686,4.112735659652559,2.903303917827627,HIGH_RISK
0.5016851849805375,1.690057705241375,1.7629472686029772,1006.1565526217323,219.4048332008599,33.619714709532566,43.86263312104167,43.59417978767721,0.06997710210197386,LOW_RISK
10.624302228096107,0.29672800653379494,10.628445104707906,980.3080158367273,404.2961002143976,39.08563144702809,79.97767627617519,11.994472184061284,1.1411548717576891,MODERATE_RISK
2.213034325424328,-2.7029706563700295,3.4933610312568235,1018.1860475966135,151.31923519724114,25.016919435976607,67.46248604400111,45.806497713313476,0.0009714694765480167,LOW_RISK
42.45167189328463,25.808211591990318,49.68106512658556,918.748540228337,965.905730704843,57.501288325587346,96.71239039505987,3.806170624289506,3.284333756151381,HIGH_RISK
36.664425562283895,32.87504690702167,49.24478460660714,886.3506928994046,900.904439670091,62.18334857226422,93.40336149944505,3.805774057099079,5.648902473774301,HIGH_RISK
1.140621984216446,0.6105784306868027,1.293763707520744,1014.8484834697497,117.42485408210035,23.988946979615257,51.49176419263011,47.90890885314181,0.17280007352532406,LOW_RISK
7.189717351846705,0.29371498867770574,7.195714286574998,967.4997731843429,422.25713275172325,38.97609998229707,85.16662418133697,11.10333057034483,0.5469415077679963,MODERATE_RISK
-35.502797712540115,-41.023068069632,54.25256454088787,881.7704116679739,894.5972248316576,63.69951653806858,93.30272234461441,0.9816929047230762,4.831351045188827,HIGH_RISK
-1.3134273800771359,1.5360937887171935,2.0210580423312514,1019.5729751684137,96.12308103392036,23.16946700264954,44.64524183942365,49.33593706413869,0.06817135510901101,LOW_RISK
10.148898352744625,1.6431868092333282,10.281060288918697,977.3359508126158,487.68588600673405,44.82961593542065,85.45080171162218,10.072653218227682,1.122827625637802,MODERATE_RISK
0.8563357660397505,-1.8657948530869275,2.052925078517128,1003.2467381282422,219.4327384275961,31.573512623218136,47.669986699954435,38.8372984438986,0.08357748273105717,LOW_RISK
-40.37878096269038,16.142781347685855,43.48603616877631,907.0965359186885,972.6789437839655,72.70317287973909,93.21591825427909,3.877268965625294,2.7296400816374753,HIGH_RISK
-1.3832479862664382,2.062314628722277,2.483247192558981,1018.2076915677291,151.6279433058289,27.34119774606535,62.333265035126615,45.662485717478226,0.21190063047712948,LOW_RISK
-1.6166171668939593,-0.2205030024427329,1.6315859273671465,1008.4466114740903,152.09490102831077,22.683503561457016,49.59162548019563,43.70912430984283,0.025661903109715358,LOW_RISK
-0.6018307078287544,-0.23779435954045502,0.6471061414597413,1025.519821679332,98.9930550456753,22.01230685971933,68.23836786720395,47.208733681887786,0.055968512872936665,LOW_RISK
-0.6229318708512019,1.7229560241430728,1.8321085057531619,1016.3632735653434,193.2036849775642,25.89308334368104,66.88770149414736,40.58140429654468,0.14084099962551666,LOW_RISK
-36.01180738905893,-43.61501915624875,56.56076526556748,929.9791135705859,963.1960698452295,55.77009566770245,98.80387594680305,0.8864858781483731,1.6659537693642095,HIGH_RISK
27.26434237176946,-42.19245397921318,50.23492348708302,915.3480079447733,890.6545908082618,74.59888832430882,98.47444214909179,3.537580367187866,5.674064721185857,HIGH_RISK
-43.2146321090775,-42.6004733098802,60.68199695584125,913.8116611234038,964.0806188637414,63.214818892170236,98.85838749056336,3.2889325617610825,6.324707183796079,HIGH_RISK
0.9493977266332662,0.3904827581568311,1.0265636014169703,1014.8028610476268,200.86259644806398,24.861797504184146,41.18672519687839,42.667129643986115,0.046806172644424146,LOW_RISK
-0.21356922753194024,2.25200047793323,2.262104764939079,1019.8878593430334,91.40538280072387,23.016487311959402,69.06833191522874,48.11543673944548,0.008520293192433671,LOW_RISK
11.345310700369994,4.335348326156236,12.145423829452621,986.0645715229465,587.3687626486022,41.48505799831591,81.20361970492306,8.404077559703957,1.329617980853158,MODERATE_RISK
-9.132432173383203,-2.6049066300285766,9.49667604757641,978.5641258353438,456.86845159963997,41.74264467850734,84.43740458377246,11.029749449809241,0.668091574643008,MODERATE_RISK
1.4035175897211918,1.4974663472219405,2.052380833500207,1014.0127535955305,112.29156681284802,28.400317329670212,54.313294530817785,36.52872052002461,0.02545765303217738,LOW_RISK
7.350801541465216,5.534427143976676,9.201313336366349,973.2386580228922,558.5890263817091,44.026329212856346,82.0724641726207,8.071513527656244,0.9101356559782676,MODERATE_RISK
-31.800130922317766,28.610095409012924,42.77599661012439,913.9989590832483,836.203889714923,59.991082354714734,94.68559210493203,2.142397686759098,5.866430543402261,HIGH_RISK
1.738994705046372,-0.7123554849337866,1.87924264561407,1011.2973562106064,239.24872189127743,29.21556620918353,57.16945556890229,48.866199933328794,0.14331242896831436,LOW_RISK
1.1511520937293631,0.9527577025229543,1.4942885874603724,1006.7132909514545,90.55305157192052,23.697555791405986,53.8201837496498,45.966897259620794,0.08321716174718838,LOW_RISK
35.75706942250863,15.321684086831553,38.901439779817515,939.2779576911097,907.5342426354347,59.35421322821097,95.993299647263,4.042908832947826,3.53960036290879,HIGH_RISK
7.089205215201405,1.7426494104833339,7.3002505129,976.4854790359263,525.2162122503131,41.420950057594254,79.66973873672553,6.186678517656572,0.9132169169978928,MODERATE_RISK
-25.255961158100824,35.68022594028638,43.71432370710294,884.8999765518441,922.7179349950502,71.99503490770088,98.03121962916697,1.540732684328138,5.21303856912182,HIGH_RISK
-1.1227298048348304,1.3917601921218559,1.788160688260292,1015.4219624866051,179.62598870960846,21.1210251214613,54.47479181582989,42.15425900663733,0.031748140055053525,LOW_RISK
1.8691277887464435,-0.35839814875454146,1.9031783741139063,1007.6758254525633,121.66307800170358,18.793951003764285,68.31322361034448,43.91738401231913,0.0070102019055061785,LOW_RISK
-0.28030746624203856,-0.7245915775251592,0.7769203497472765,1012.3158726736381,177.2347308209766,26.687120297003485,45.78518826826737,55.28905588548881,0.01158225241724364,LOW_RISK
5.9273752408788445,-2.500791310950893,6.433329964109647,977.1498281745455,455.70642821939464,45.70030468701516,83.47967796793928,9.880125060477972,0.8493453031642852,MODERATE_RISK
-1.7144554467459345,2.0462106449607664,2.6695197100653814,1017.1529782789686,241.08646585999728,22.80719880733291,55.02629817668797,36.883087350293785,0.08971579088796569,LOW_RISK
-1.8567232482402736,1.435053475191876,2.3466571324367336,1005.4006757508826,91.98866017226166,22.181086257556466,61.29211254403061,40.10705805005673,0.07420613075270956,LOW_RISK
0.3246878843729623,-2.054704469368617,2.0802001535193577,1019.5750047933021,278.5163590975527,24.64763502388371,42.49772974151897,43.80883162472191,0.025021351029227736,LOW_RISK
21.134458507517387,35.60277801247395,41.40317788058632,882.1998841041452,894.149310721963,66.11754722703498,92.32952735692409,1.8065354411239727,1.8954582466519936,HIGH_RISK
-29.033693114176245,-17.834516255368907,34.07382141631876,903.452025561846,768.521587807375,61.194883596499395,93.08832266645597,2.7642166243442126,3.7203587520738544,HIGH_RISK
0.44418041559686405,0.11795278547413589,0.459574913589624,1018.6138449379297,188.05930635806146,24.743688943405132,47.46930697484095,48.46961616595629,0.08189008340971084,LOW_RISK
-12.539561887603906,0.08012741540509394,12.539817890852639,973.4985216798256,488.51845048802267,46.357874364522004,82.844254708344,6.813548047353352,1.3443648368400583,MODERATE_RISK
-41.54489085437015,34.228931879919955,53.829338968091825,935.0846412066179,826.0826601893596,58.32934866583346,91.58863710527801,1.184742893614871,5.8130566618793225,HIGH_RISK
-9.283835213142982,-3.016090609714066,9.761475238446234,990.1933635109065,541.915304841576,43.44572091488834,82.6710369231427,7.087556542573144,0.9855706491613846,MODERATE_RISK
-1.6658637681987432,1.8257377812382447,2.4715219076589356,1016.0472003783975,198.75612638869046,22.67993466938526,57.10561647399413,47.6870600141019,0.0031719559956098556,LOW_RISK
-6.491741138496094,3.1685953684751955,7.223759382645924,985.5628848374612,407.42028292587827,39.86834406294583,79.51962525878216,9.288759010056914,0.673281335951396,MODERATE_RISK
-29.470842493942186,42.854059571854705,52.009623908376994,926.575689421514,836.9648207939691,57.58588696221912,95.22846769946945,2.097481017405434,1.9422010702368913,HIGH_RISK
-28.110722282960186,38.97975501775859,48.058651755060616,938.1411106098404,816.2161363461937,56.462688809510894,94.40130995724253,4.3982447349470455,2.25655536471059,HIGH_RISK
-15.732429444666664,-43.341903849780905,46.10889247807919,924.3057873933855,793.8947525989565,56.28024405900679,98.79846213800062,2.559413153844484,5.022788949700525,HIGH_RISK
-6.926064018564868,0.8004901020135511,6.97216947532693,979.2591096710141,431.49365831128125,38.652551891250056,80.50501424695939,9.16821759117548,1.2345130162885585,MODERATE_RISK
6.06790132876627,0.5346332914489693,6.0914086459512,967.9446205272154,453.5068348200273,46.91050616930535,82.03673657624027,8.859580415992562,0.8698118530897292,MODERATE_RISK
-0.2419285674990137,1.6622742251062748,1.6797871981964831,1003.7347048570614,182.81908851025196,21.800237973192264,41.584776817258074,38.40515750848745,0.06660603436810505,LOW_RISK
39.426819842192124,-31.31216868491786,50.34804892566767,921.3158236293202,963.8770172077346,70.81112861525793,94.16080602411832,4.085937974724686,3.259869098633267,HIGH_RISK
0.5659507395672783,-1.0920044118437016,1.2299487286480106,1009.3147804199504,183.7123377331468,19.26931484104139,62.70367668707191,47.192063497483225,0.03955237057475561,LOW_RISK
5.819595638739629,0.8608423619384198,5.88291959579128,987.2271179283193,566.4492129079041,44.403473462977374,86.88727728551714,6.457991239382766,1.1179938865849648,MODERATE_RISK
-6.130514331682718,0.4522822136002105,6.147175381563984,979.4769626639501,425.5136689858705,44.57494059256251,78.83193676851508,6.639590909460894,0.8238488288833028,MODERATE_RISK
-0.3893870270454072,-0.11946208686857272,0.4073001927697249,1006.4689285710473,161.93457385850382,17.875366342137468,59.84398615970956,42.61724288390379,0.000916402168834672,LOW_RISK
-0.7840845307785593,0.5259451489103388,0.9441434483533485,1016.3444681655136,137.6369051919059,28.524586883253477,69.25261509123044,43.188262212269485,0.298611749342818,LOW_RISK
0.09642002864319416,0.0657172079686644,0.11668578896657068,1024.6068240361092,227.59018947951844,24.683730632541774,68.55107219171612,60.49149717035629,0.04755989699550549,LOW_RISK
-9.311366531071522,-2.3834832431948696,9.611583586826347,972.3776643061715,467.62901462877494,44.17740500624998,80.03289555435956,11.725785687896828,1.1007759364017526,MODERATE_RISK
-5.501619738512619,-0.8818202827002355,5.571842312751966,971.2401642064814,402.6282770415344,47.356551294095446,86.88887939656483,5.976004777802021,1.1491286876867655,MODERATE_RISK
-13.441890789135472,2.976393774009546,13.767474273991139,966.4451730407442,405.24293762767724,39.24423376907213,83.89338377950548,7.873561811907186,1.0562200508133612,MODERATE_RISK
-1.090705763737303,-0.9176536363579282,1.4253867052034344,1011.2005619800369,275.31220466458086,28.16743724155227,43.634663837829564,42.838524104463346,0.2221464524498163,LOW_RISK
-7.67120184546655,-0.6895743373060088,7.7021328552914765,965.0142961351756,568.8322937479697,42.658717289076755,84.45468425518168,10.904446022594808,0.5687996080552542,MODERATE_RISK
-34.39405561294649,-41.15239131577671,53.632736015546236,887.5356781927379,811.6756564216357,67.3039524548644,91.1937787073451,2.9743116634620246,5.393417736836764,HIGH_RISK
-18.244487940397878,43.97201103708689,47.60671270790512,943.4556671408774,908.7133353805141,56.7676848026655,94.95612440417774,1.6185533122069073,6.101010051434587,HIGH_RISK
-33.03291184117528,-33.67355623471036,47.17077118512118,893.123639970996,925.6385760723135,64.49992316884035,96.7518299774152,1.8162451398581991,5.5873189470813,HIGH_RISK
-0.16849207453624473,-0.870785174707084,0.8869365251646671,1020.2032485151142,209.6466937615692,25.838136921051177,56.63861473633435,37.865867116093284,0.042870637125522214,LOW_RISK
-35.560163457640684,36.39506289000849,50.883453380266914,907.2370421104683,752.518522257148,61.02754628221501,92.61565979508552,2.868800720034056,5.188866702053751,HIGH_RISK
5.977466621118433,1.4490357584482918,6.15059442947158,990.1842203065218,583.2747500159641,38.40116578288515,80.93802028815507,10.03282743441951,0.5606814795833135,MODERATE_RISK
-9.429049913772754,-0.4243353288786347,9.438593261061339,966.8531434676233,508.4257658019419,45.68410543114034,82.292107795417,7.384729091724614,0.970379089818034,MODERATE_RISK
16.81205606378781,-20.68766793293151,26.657547403975244,888.2794421143103,939.4015351325131,63.628671238889446,95.84789016212046,3.315494132379799,5.149204263988704,HIGH_RISK
-10.409232897398208,1.9935131321464794,10.598406678379423,973.2131911239202,649.3779790385277,43.71351565706945,87.48244535722469,11.728856582939079,1.1848669859847276,MODERATE_RISK
13.866865933199843,2.749837528355643,14.13688711285803,975.6354190456094,510.11504358572057,43.218330484948495,84.60172641646957,11.028393712432335,0.5511986945205342,MODERATE_RISK
1.4310026452398035,-1.0776108983537962,1.7913720492779244,1020.3086644985873,208.30089625125035,21.546025580140263,65.31041588994933,47.28662140543383,0.041618832613678595,LOW_RISK
0.3629434073490512,3.1128913089378982,3.1339783372255847,1007.0968612017016,130.57162365002222,19.445829784675155,56.551371160599004,53.21770754560265,0.017583331078081653,LOW_RISK
-38.240303051203625,-31.565572175119442,49.58534182790886,909.8940799270855,954.1502619464228,69.71773079902692,94.04074356596655,4.111914116518212,3.98651706740282,HIGH_RISK
-0.3734462227186103,-0.547429094314328,0.6626769156720365,1011.4148740474558,196.6260438199167,23.97463728651003,52.73116078160904,40.00846612354472,0.014367719547658172,LOW_RISK
11.735567205887687,7.3191774608203035,13.83090367065314,982.990680731423,489.6233847708192,40.36326017609458,82.34502693719304,10.17844918462566,0.8721651689407389,MODERATE_RISK
-7.616694793016065,2.084890603337034,7.896885993721899,963.7271447629307,422.29122892144005,39.136512613116835,86.87407473968963,6.457458747127305,1.0941074998368174,MODERATE_RISK
36.57814155207647,-19.69652024783567,41.544113292705426,931.9861024449069,964.1061152164218,53.77833223572958,91.3488270686897,0.7522341023049748,4.947822350478996,HIGH_RISK
-35.311220554431515,31.369233797806952,47.23252191133966,899.3031122278521,842.9757793295548,68.52490693984628,97.809968988047,1.9931144462908783,5.542597335024171,HIGH_RISK
0.10997695078260583,0.6353985983901915,0.644845957217427,1020.7804846461398,128.1341029514306,20.46886019492902,49.08302822852275,45.64593736665855,0.03237543583504658,LOW_RISK
5.184598273883521,7.680739755127795,9.266812960643835,965.0117913066595,520.3304713380621,46.22363513812431,79.95193814275926,6.4137643363100345,0.8128219139217501,MODERATE_RISK
-11.925368485840284,8.656768219135596,14.736147716513589,977.9173272537831,604.3927899862807,38.67554843455687,78.44660028877223,11.533594751847492,1.0973256250211443,MODERATE_RISK
-1.2464251746165567,2.2162951215828928,2.5427425709005704,1002.6703363460514,268.1760339118408,25.50507094493627,61.20410788631516,51.683286788794916,0.050834987153889524,LOW_RISK
-1.468145573673461,3.0862432045675483,3.4176524901218883,1014.9402695382357,105.38888275099453,23.38255202923991,62.39356386571342,44.23001167401084,0.03007670727064027,LOW_RISK
-37.532114365440314,24.163125068845716,44.637609947589844,914.2736370621894,966.7625721130371,52.8106223286136,96.65764917173588,0.6116392175819354,2.9756355694190253,HIGH_RISK
-25.727985770593797,20.747819037089855,33.051493863480744,920.952906841688,911.1035901998074,74.54757005615676,95.0217704716378,2.143649172531414,4.090291238272512,HIGH_RISK
-36.794127965413296,25.046258283988507,44.509806860550086,915.5763682523047,912.0700874202248,69.45600297786675,97.70317339758971,1.5302761300947885,4.602107778247582,HIGH_RISK
-32.69258563596317,17.157994544440974,36.9215645978316,882.4365865631471,925.6019702288705,65.38847671314511,91.53738269516008,2.7184856365144463,4.575565206265014,HIGH_RISK
0.1489984581438388,-1.5362802364938073,1.543488744879829,1011.4116029553984,196.1290451819268,22.47990008186442,60.07462466604552,46.321273818036694,0.05637585876520771,LOW_RISK
26.42004791411757,19.090613853322726,32.59555903924561,913.9245315943507,905.9902255347433,52.46154319436023,91.91347014390368,2.3858253635231907,2.9084584548353263,HIGH_RISK
-0.3286507932132964,-2.034872706935108,2.061241925953657,1012.848363063666,176.65885699326503,21.701550998260956,53.49411972113286,48.41662255758046,0.05276065926301672,LOW_RISK
29.205257632231934,15.299813245757123,32.970158609264935,918.7938343887406,728.1957681798493,69.52622863098622,92.66468152385012,3.2078317502620504,4.131150499777634,HIGH_RISK
11.742954485818084,8.591510423134693,14.550293172538728,956.5808092106846,607.7289197894798,47.05955209749382,84.298837036712,6.600360366773131,0.5172137155613573,MODERATE_RISK
-8.09994459585659,4.908685038135797,9.471234938463125,956.1747924853254,393.18723829660087,40.33147303618087,85.29037623820189,9.45519206266351,1.399048665782466,MODERATE_RISK
-9.701359375701209,3.2206033434998904,10.22196945958402,966.5237278750311,556.2260406220499,38.16929352425535,78.64873637835107,8.89217432297183,1.2638632933338565,MODERATE_RISK
-7.912485224906637,0.2838510076293379,7.917574996733408,977.2623808866742,640.0647130622824,43.913425897986414,79.51182919337255,11.858453845778936,1.2964221114907941,MODERATE_RISK
-41.55161259089897,-36.478767124181914,55.292286621231796,909.5487469520568,931.779609824274,57.17457255819768,92.82522982607263,0.7632920717525757,6.173855947277271,HIGH_RISK
-0.13460354143084008,0.8334066990051727,0.844206633065876,1023.0346645367626,251.50612155038473,24.056333882751503,60.0012656618937,41.57162541204935,0.023272454399845283,LOW_RISK
12.641310619551257,-7.02316532437899,14.461244253297806,964.1798221495807,549.2673954147518,41.66015387591876,82.6659287343562,7.7435235168838705,1.2014269385429464,MODERATE_RISK
24.738741719353335,-21.225904062384068,32.596692242042074,924.2531108469798,873.8369090783204,57.794283518202775,93.05834054066436,3.514234338956504,6.11222425053665,HIGH_RISK
0.4840778405071342,-2.2183673531611934,2.270569327116318,999.0401181368135,182.89226554797884,26.553502916920674,53.08211440657938,50.90494952652836,0.21037679765438694,LOW_RISK
0.3840446014708135,-1.580523628719531,1.6265132021780917,1010.5688977506284,96.31498512227319,29.72051269496611,46.58168167588739,40.947356850891865,0.10258696311053285,LOW_RISK
12.54343281260978,2.124253705595726,12.722034449339967,981.1742863092733,584.2826745393407,43.03929007724244,83.84506035983314,10.611891350763752,0.7870331438887004,MODERATE_RISK
11.56011922211675,3.090534057277657,11.966108690328126,964.6889394670574,382.4855301954736,44.95329406452567,79.77619819455202,6.146746192668002,0.8948634867593708,MODERATE_RISK
1.1619510801440052,-0.08365361648655902,1.1649584714482748,1014.841585174372,122.06371125715873,36.25861777789021,45.800177008361565,51.8106620184254,0.1001839270781561,LOW_RISK
41.775344633355886,-17.391142183363772,45.25075961437146,899.3683459025319,822.2376572891014,72.98412100075018,95.93613765546968,1.4542820957827725,2.190775112166169,HIGH_RISK
-44.97898427890495,-39.766571382530586,60.03739856359434,917.2661746527891,794.8914425440612,52.39172360502408,96.36744634363288,1.079983062257842,3.9855580180070196,HIGH_RISK
-15.62292269173383,34.279013204575634,37.671294903565,908.7552926119847,944.8567917898861,62.68685802623814,93.77591454918888,2.1484493878590722,6.477177351383233,HIGH_RISK
-28.89732436451424,37.279028486025624,47.1675876030337,892.7211379318444,927.4030218779399,63.64631587150169,92.40672564302587,1.2043438336670444,2.7871776845779994,HIGH_RISK
-9.651530909610493,1.162497546752347,9.721288466318237,982.9850133790723,381.958155564089,38.52052398367307,84.84449048463198,11.681293211940595,1.3824040087727534,MODERATE_RISK
16.353329865611816,-36.35001530957037,39.85918978980269,891.8577345567924,917.8653570960162,62.484972546844496,96.41508413405262,3.1318983010608474,3.3164849705435744,HIGH_RISK
-2.1461626531770723,1.7006551453005967,2.7382918137279386,1015.4104588671314,160.6961938053999,30.12375830666691,65.08355846635128,39.883733883122076,0.034445612848579506,LOW_RISK
37.00932195787699,-31.730157141077,48.74928495864566,918.046485222854,909.0467352055506,71.4228851528185,94.73005541842096,2.2232787526345756,3.480149107862178,HIGH_RISK
1.5982205625980268,-1.480769290726776,2.178758054275562,997.8286193652351,232.9301900769747,26.957018140305312,67.95194274261473,48.774793830709825,0.0812735254282945,LOW_RISK
-39.99687791963417,-44.8216787030434,60.07273195949202,909.0481204036774,813.2890089479054,54.33952421291147,97.87823723976398,0.7183611082047863,5.396793753533641,HIGH_RISK
-44.38127458999364,-26.346687165181407,51.61245449319718,943.1198098872784,952.8131261965875,63.310177552395686,92.14398040956351,1.2732559889808583,2.1001918381735174,HIGH_RISK
-0.16054553993183673,1.1300124316567988,1.1413601386463943,1008.6095740690397,150.94571134604251,25.100843470160328,63.7761930286401,50.35757967790519,0.0108239219122652,LOW_RISK
-1.0495882619888783,-0.3135348859290379,1.0954175662273127,1017.1079916214453,211.93805458609486,29.301373607827593,50.96100524651958,47.51249848064645,0.09283486826963254,LOW_RISK
30.219555020389468,17.90159500653389,35.12390367553563,930.8330096925944,734.2385821567146,67.97177383904392,94.0754647794332,1.9928989728865911,2.6457307325627952,HIGH_RISK
37.35454960580357,40.38696264374602,55.01335408643774,907.7643551321486,776.4194139756823,67.94101845170017,95.10129156293839,4.415863065807757,3.866976998862873,HIGH_RISK
-0.8990889681660332,-0.731867112218554,1.1593060176782435,1005.5927926808397,143.04788692989015,22.152107090964307,54.52639418042925,45.12692638986136,0.039351300976175334,LOW_RISK
10.49461847682944,3.6632109028817808,11.115580555832514,967.0677880279296,603.6472015332974,46.32262885970149,85.86796709064576,8.028894612521242,0.7714432096674481,MODERATE_RISK
5.125835416742283,1.1279774755155039,5.24847805604633,985.8962952290916,587.0084124350403,42.34076394196919,80.26282627293668,8.220356513242445,1.3911786414161214,MODERATE_RISK
-36.44611232032156,-27.14496401955676,45.44412145578926,930.4117145003862,895.4383907617689,72.07604399682721,97.18835347788651,3.3129354244492903,5.432076697457234,HIGH_RISK
9.688922497844214,-1.5863421625887661,9.817927511753107,972.2366470495579,519.3337220322841,38.22686842182448,79.67878901082847,6.093914363649196,0.7137290255050617,MODERATE_RISK
-0.4637581852029591,-2.3762039145082348,2.4210362859046537,999.0400293322684,116.56267770784518,16.31371438095821,42.48743744183444,50.492424380259095,0.04182703852446733,LOW_RISK
41.87651511202641,-29.336489838959697,51.1299535888618,889.5818948214878,799.3503969543876,59.136178229637295,93.83804136903807,2.8709119169594426,1.89405301239483,HIGH_RISK
0.7399768513213338,-0.2061727719415378,0.7681620612745026,1014.810199872225,266.34808066330163,26.480847559766964,69.25733605851876,42.41576558413086,0.22061993293725263,LOW_RISK
-41.48210516946734,-16.207212648318578,44.53581470141269,908.3628360576073,922.5516662513323,72.32936565450055,91.85290469048968,3.156086426879917,4.860394456546658,HIGH_RISK
-8.445417871671534,4.742477496873931,9.685875068134246,986.2068570642259,542.5816626541426,46.88735789386625,85.31075881734549,11.371545339180207,1.3907508192992433,MODERATE_RISK
3.0153068081495245,-0.6162214319318772,3.077629607416241,1023.0818440199125,255.85591123140134,21.235909197334482,54.25512598067885,47.639196749577934,0.2277731849430824,LOW_RISK
21.566054769886406,33.27738931127334,39.65449984190683,901.1586688060322,733.8281887814588,61.58700959027159,93.25215273973134,3.5273970620065875,5.89707601601649,HIGH_RISK
5.36439041895474,0.43590133253769436,5.382071584314124,965.8741180182237,648.7904616313823,46.95834676690162,78.98952301686535,8.024840100591732,0.570184549690985,MODERATE_RISK
-25.85332603316202,-43.53196320432491,50.63029021642747,934.5064236208711,841.5132690790671,72.60112534396492,95.25043841572955,2.4830105146414194,4.4614757962125084,HIGH_RISK
20.927921545232383,-29.60488283812264,36.25502707297803,880.6450084656008,801.0907978958865,60.679995539744894,94.37469385894634,2.5720178094290134,5.233025225927202,HIGH_RISK
38.03026299111838,-18.29333685172176,42.201268657994035,914.1630960254545,756.0923373832634,58.59926381640388,97.14509703691897,3.092441635505166,5.538472767451462,HIGH_RISK
5.126716969546016,-5.521742176252325,7.534776940748468,962.5484942403991,620.0691397388621,40.84888638903061,85.44280939294164,9.049939058011951,1.3941351695356246,MODERATE_RISK
0.7947062668729241,2.4918888218218047,2.615543528777061,1011.513863596605,197.6000926859257,27.725449306301222,68.09710654212518,47.40293379213856,0.13304098392205913,LOW_RISK
25.739034766789967,28.146824836472998,38.14107574651134,915.8711363292424,932.1351924591788,60.59106643968481,98.23413046788694,2.2004675956471886,5.273648590846641,HIGH_RISK
11.48734684827424,2.2629506401891497,11.708120396224519,977.0548642756002,490.14255018466,43.16124584202487,81.23939120160716,9.230644594304351,0.9212734589765885,MODERATE_RISK
11.734869210102417,-1.1897524682803957,11.795027185809662,976.3863502853045,465.12573853805907,38.27485194829371,82.31554289953107,9.161220683384034,1.2868448239323649,MODERATE_RISK
-12.84068341715286,3.447657082922106,13.295468776277406,961.8580047037689,463.38782846846397,39.103347738252026,82.76905425532276,11.68880520785066,1.173895989639627,MODERATE_RISK
7.091019913316163,4.676340841070096,8.494158408748127,981.8565639251372,399.04425971407693,47.842497664912905,81.76370627298267,5.661031825073494,1.3228082387097462,MODERATE_RISK
-44.89670217704247,38.46585255204222,59.12136398062466,887.9047874722181,909.2481817385051,61.87830861005041,92.71786801907383,2.4910357564076056,4.788945688381487,HIGH_RISK
38.07184420143513,18.176197667175632,42.188143862163344,882.6961910881394,796.6981662158347,67.1097750018611,95.47104891281725,3.976463946843929,5.4133797417695835,HIGH_RISK
-9.453149194476861,2.6410754296703067,9.815157111236005,974.5850889542262,412.95451711195534,41.072936432422935,86.54834151237336,11.45498167429361,0.9827146651096004,MODERATE_RISK
-8.296277053986268,0.38361875267040135,8.305141558329964,976.7567371249178,568.0655360447311,38.68600984895146,81.97681135145034,9.801890382907672,1.1117377663511856,MODERATE_RISK
24.80171049433795,-26.82813104352842,36.535920116149896,925.5521612846263,913.7094988664139,72.9035816912934,96.6518850800578,2.6961907900709092,3.384663519266572,HIGH_RISK
35.82673467548177,-43.80321117505686,56.58865811056129,898.4658539207225,955.4425532170181,64.48567307372079,98.51112799572246,0.7822318210616968,2.5100822270023686,HIGH_RISK
16.455778547300792,-33.31233611080998,37.15513941243364,889.0103691188868,863.7384022786537,59.88061400744794,97.89333806942602,1.819012369151062,3.8348796531205025,HIGH_RISK
-37.25611455290868,16.58915324461104,40.782570749679856,923.4982603221248,923.8743872381953,55.78984539702372,93.0117277639286,3.962830422100143,5.0447317658930295,HIGH_RISK
-11.35342955940458,-4.684588659181395,12.281927115322441,973.1512324375474,431.7588032136413,42.45405428577835,79.51706615503899,11.442224756867821,0.6246926982002249,MODERATE_RISK
-10.40665797005354,0.6249739219595598,10.425407546413156,977.6841327369456,477.5991502054544,44.78072512321917,81.95292497950672,9.173971477610399,0.5552659248270095,MODERATE_RISK
0.11114217062966278,0.42386992573244947,0.43819892290226514,1010.2937845693332,233.30546324432544,29.71405075919369,42.40190207586897,49.18577243165692,0.020975560892395446,LOW_RISK
10.312691645800395,3.5673148308644063,10.91225659906632,975.0922699299547,643.1444869330753,43.59061287765252,81.90640654804339,7.003634029995229,1.3557569308062,MODERATE_RISK
0.27968147215414146,-0.8303823625619919,0.8762172070442027,1005.6184846448268,195.56141005021692,23.72704988902952,63.33728220245611,43.19495388373715,0.005081462253836545,LOW_RISK
-25.73694256636944,27.14753140106417,37.40827012622161,912.0589648337136,786.3154576420635,57.15554210174507,97.47040884908364,2.164770030699218,4.006551160120372,HIGH_RISK
-0.11166887364925082,2.871047030800179,2.8732178807755977,1018.0754994486588,134.3997210688712,27.842196409191143,55.81022873744601,42.50683052105774,0.009774399363873509,LOW_RISK
18.77827249057568,-20.79495633365313,28.01881022900244,894.2411634755075,907.032516255136,74.73330791958676,93.88795807033974,2.503325065146408,2.133649363907393,HIGH_RISK
-1.2310234775275657,-2.4680981204353376,2.758065832122306,1022.3711923081702,237.47439162985458,21.6628727598615,51.70715648751985,44.047769070353915,0.1057388398301964,LOW_RISK
0.42148780160254895,-1.6550499092608104,1.707876508721859,1008.4699184424669,226.83025180832925,23.547533355377734,67.62312548908227,43.49509843803389,0.08972254750639713,LOW_RISK
3.18323429551895,-2.990603463857183,4.367686991784394,1001.6405944795875,235.90334028481269,25.819035529607138,59.43160163261836,39.42588906323793,0.10786226704791142,LOW_RISK
26.773345325307748,-33.871727956789016,43.17529356804538,939.0043994306308,810.4305088923384,59.086907374888604,93.42171248058528,1.861968346114137,2.628388034284847,HIGH_RISK
-7.621452700301633,-1.6894053162476719,7.8064480774229805,977.284821777182,462.80053018454146,43.25175789934224,84.46860224017222,6.8041839392217724,0.8495670504847567,MODERATE_RISK
-13.941514043561373,0.0021952284591462146,13.941514216391525,966.7181943612649,434.48588696239136,40.17155333491065,80.44811731284136,6.900757512919476,0.5729674245325689,MODERATE_RISK
0.7764885307036846,-1.391029701285861,1.593078173905411,993.0135193784456,82.77242718257202,27.003326364016846,63.21985261882027,50.50665082444775,0.04073821236903042,LOW_RISK
-11.814355222766952,6.062511535977883,13.279044975207581,984.3306660572099,464.96602294525815,47.855404806740395,82.63328901546274,10.251251103047254,0.5249527922856643,MODERATE_RISK
36.96359401231891,-41.13862907203999,55.30546161306704,907.2267597351979,960.9288460967881,64.26408305308702,92.30004124847346,1.3237286012493814,3.1133249939726815,HIGH_RISK
-9.263841383648483,-2.842970506516658,9.69026513993925,977.2740507899163,510.0542270629019,46.84194471228369,80.92596443623943,11.49378253368464,1.232073872888782,MODERATE_RISK
-16.304051979711446,42.1882571876806,45.2290963373249,903.6081914104826,979.1968312174208,58.464498425774906,97.01449661062134,2.6308132282068457,2.707948362107867,HIGH_RISK
0.3125742119213287,1.2006142878415234,1.2406358475102386,1025.3811524420287,92.04538898005949,20.618917924628782,64.07968732456659,43.48557378100504,0.0465572499252291,LOW_RISK
-0.32098326633826346,-0.31217528590880955,0.44775402443911944,1011.9776383167996,142.58390960576452,22.068124403504964,41.57041535293939,45.909949413113985,0.041924342613375874,LOW_RISK
7.92619635560238,-1.4967970800565995,8.066287260346634,964.2489695188325,452.8550323885955,42.337278828959775,84.09120622213297,6.225074397754573,0.9305931542367889,MODERATE_RISK
7.069652738609308,5.823743289323049,9.159474643474992,985.7147593025456,493.94141772834524,47.947536880619715,84.10248978289805,10.734258881847131,1.2153472354438941,MODERATE_RISK
7.8956332687245006,-5.07366170255229,9.385258003173643,965.3478592324946,526.3495540866519,38.08486012083443,87.98174737892465,11.363762506174805,0.9678518304396213,MODERATE_RISK
-29.835073643877664,19.347265212185192,35.55908168845527,903.1875363272999,837.3237138750167,56.53136523114544,93.39135327427262,1.3175984755037575,3.2237181268014012,HIGH_RISK
0.052895327957592914,-1.8364473544340485,1.8372089705113996,1019.1914593468778,157.45488228496828,24.769928987978147,65.05732180476596,42.87584326237181,0.38642495255349246,LOW_RISK
7.162044497559908,-3.4644563237347397,7.955962481315116,971.885328051008,465.1144296682757,46.72520516846182,81.2066472622285,8.068075395318113,0.7526767556717071,MODERATE_RISK
12.471646699559244,2.4065202141336988,12.701705040649507,988.011020630241,414.34511222120085,43.57704761906671,79.11972970486994,11.787155046412188,0.9127656386883193,MODERATE_RISK
0.7107493813676813,3.378653708016463,3.4526027228466263,1010.7082792259502,87.87836673856388,28.653894928069626,51.001657257813974,43.847068007381935,0.030396057444876345,LOW_RISK
-10.86202495220185,8.304690110965513,13.67301956048568,975.9274306577955,551.8670119157155,46.480279026572816,85.91532618666892,7.8425896332768446,0.7376993511611682,MODERATE_RISK
36.99658708744231,-30.068403878055832,47.67448340456964,882.954849663375,755.7158501894747,61.38556866982641,92.42108981235437,3.68872811363157,6.3564988666645394,HIGH_RISK
2.628405665135434,2.2819740778836772,3.4807933050741613,1000.7315778291036,195.1186857280164,20.374336733024574,65.8553146988449,48.21150617505588,0.08605640448372374,LOW_RISK
42.487464098479045,-42.167537537922115,59.860553184310085,927.2227248614525,721.1985833530238,71.72879270728961,93.5723976641017,2.4949573232493525,4.127546412613002,HIGH_RISK
-13.752630339437683,0.8726206024116003,13.780286933477656,978.1552294092025,609.847986610329,42.73630755484609,81.02773592356692,7.531394763607992,0.5185956664340884,MODERATE_RISK
-0.992679697152582,0.853474618777913,1.309134029057776,1009.9937094965858,253.22030907556695,21.875374487475543,51.470899931848834,58.515137822025416,0.025173970527613117,LOW_RISK
17.168586976509506,-26.850350100410907,31.870074980843828,926.9422598109188,841.5012183203177,64.82801402761557,97.16770419588302,2.8143858787181855,4.528649162415405,HIGH_RISK
-5.028094862207687,4.245890519304532,6.580982012228832,981.7699409737505,429.28351877234195,45.73418210905363,86.1747643930492,10.945867179503406,0.7069906519623007,MODERATE_RISK
27.406215682304662,-40.05740846656505,48.53551927281956,933.1330415989015,892.0379326215328,62.47534182672322,96.655511783375,1.6206962744464946,1.60061317990722,HIGH_RISK
-2.1230561130756214,1.4970151647894783,2.59777244247402,1016.2612762087801,263.01214650344446,25.572195079515808,52.222236440640565,57.48707563209927,0.08491065636676609,LOW_RISK
0.03150576244913857,-1.9677543485252393,1.9680065521251424,1016.6226928849156,161.31810747189445,28.544764754339184,55.90157017637142,53.36132952048764,0.018205819907682417,LOW_RISK
5.045229530287807,4.518958057634952,6.773132431892351,977.6930618956234,620.0277424102097,44.30754998040768,86.08586169429098,6.621807661320268,1.2053062337176432,MODERATE_RISK
33.17558905151687,27.68719895561758,43.211117723602996,938.390931279939,859.5703621721386,56.849660180994235,91.03583581535766,0.9991919679446264,5.812002717112188,HIGH_RISK
2.656200953453265,-0.26382871864850493,2.6692712672019203,1016.8879272971291,251.8223515293833,23.798136205117185,67.55564591329363,42.77596580914755,0.10109883118900413,LOW_RISK
-12.642190231896596,0.3046658471740673,12.645860790705234,984.7048845961338,431.12011344420904,43.33602401525428,78.00309731915006,11.71176026406997,0.7601447596512012,MODERATE_RISK
-0.08928803409270011,0.11400808711861725,0.1448109006966858,1016.4843580396936,130.60526818405066,26.573228200021294,52.260986868128015,44.401901878156146,0.013443660834364199,LOW_RISK
11.0947165130539,-3.1933037586756106,11.545125525528194,983.5140993676265,446.7371810405198,38.0131986898433,86.6799393333611,8.92836679612556,0.7114156350181147,MODERATE_RISK
-44.335412619841705,-21.397045963365926,49.22867445026336,922.761127864323,908.8032691217816,62.863397959851106,95.20834899912765,3.035565559569609,1.6554125647324927,HIGH_RISK
0.5779760695932552,0.6607121069405985,0.8778364456323012,1007.9541425776272,158.91446306378475,20.50602386704161,65.54611515693777,43.40576822252634,0.1748290282336208,LOW_RISK
12.868669041999569,1.2506787607147967,12.929301615904132,974.3298995827478,551.8139938221052,47.99459067186402,79.0401029772814,9.854290641079643,0.8362559950792772,MODERATE_RISK
18.642663669937875,-32.48156106399067,37.451311296991676,900.4433040742199,787.029018417912,72.11209205869712,91.05818385182873,2.28844562992713,1.710815745004513,HIGH_RISK
13.11654484797504,-1.9794254098701645,13.265062144678412,972.2870343685236,460.1106980758729,46.82805679188485,81.28312273542464,10.39487446444691,1.0604850731061697,MODERATE_RISK
4.080253749884428,-1.6553839758236564,4.403267737812416,1013.3043987564799,241.12976107266837,17.441402831615388,58.20148605910012,40.117999756681016,0.044185858004417586,LOW_RISK
-29.917629478454145,-24.897028804471933,38.92205797360635,912.3809470196775,868.439759468097,66.23963799197868,97.2337542669784,3.2262162925738145,6.4329910723644,HIGH_RISK
-1.2333305933496472,0.24086097157479688,1.256629762547485,1018.8406273616202,98.88377953209618,22.059195860947014,49.87221338382184,47.528677162364,0.01550565653755692,LOW_RISK
-5.4850846135441,2.5052500583479973,6.030126953273112,976.3517624134267,499.46715028824997,40.14871173849134,86.36445896259613,7.044177981992652,0.8304041906064817,MODERATE_RISK
-6.747374269566942,7.512570721990452,10.0978105739077,968.2646035210275,619.7891381330975,44.05003061338033,79.04758259538498,6.797787963218359,1.3287259283070307,MODERATE_RISK
-0.9172767044879224,0.2843724248981151,0.9603458901034864,1016.3405865424925,266.55058781206264,25.866732475857145,54.31439127967148,49.786524112967655,0.04538787561896413,LOW_RISK
23.69278806085968,-40.395585956317106,46.83109619527413,885.2991075103581,811.0836867476178,66.59503638493487,98.07331340154786,0.7960799610235765,3.943533117647265,HIGH_RISK
-0.04912990532399758,-3.182782348512892,3.1831615142185896,1018.0278257460271,215.09120906728512,23.020138078527708,68.84631168643328,44.07983800400498,0.07954765844226032,LOW_RISK
-0.1918763872211498,1.083572036741657,1.1004294192639088,1008.4031134339289,121.766187098918,20.515025039622433,56.774099693889056,51.885904682522806,0.010882299290231701,LOW_RISK
-19.060873852807735,21.18416754631191,28.497120322286328,923.3019166352883,767.5280078638641,64.9133273981531,97.92900847275337,0.6835754715001969,3.265049132929236,HIGH_RISK
-1.1974458668076806,-0.322381545433103,1.2400832491291194,1016.9170936284119,102.51809330583889,21.790879891441826,62.989122133567,44.358682597580845,0.04118274787379463,LOW_RISK
-13.804425373990894,2.5952350467183614,14.046259461287153,970.3404902192794,487.2311749845885,40.78628333089757,83.74642070621839,6.2844750410005625,0.8876062143342096,MODERATE_RISK
-43.15265556296309,-25.759106036237263,50.25617599779996,892.6936648160406,757.8081990240798,55.506186341381785,94.51928355129772,1.7767508404953638,5.9340601980098135,HIGH_RISK
-0.9059777800737309,1.8403998358264615,2.0513086783069467,1029.9575421829595,199.71259864355198,27.01300825899802,61.854818015423206,43.279509858688336,0.14260113123245052,LOW_RISK
24.183118804728508,-25.2783411138442,34.98310684589749,928.3274102425681,721.4958482040583,69.70228323546914,97.59343348275155,1.2822280438231561,6.429329428997175,HIGH_RISK
-25.44267096755049,16.833212354067992,30.50715562159448,935.1378490433699,917.7858032461127,69.22110858828312,93.81213299928581,3.2793484585212522,3.741160024806314,HIGH_RISK
-0.9372278665435183,0.10507824466977207,0.9430999476877281,1013.5981173491477,160.06256723459882,25.672061362130115,50.011126227268896,38.80205993737486,0.03196105140994343,LOW_RISK
-38.1011794704637,18.996557821203698,42.57427728211977,916.2792773486426,788.0736070510078,74.42441493986694,94.51970519606154,3.7963971585340284,2.196192275718989,HIGH_RISK
-41.68012836064345,-17.24273540165341,45.10593114315618,938.9514902046632,960.9215506286998,62.35686840360617,92.95834325132617,3.141967705284955,5.274197494583584,HIGH_RISK
-28.301869975003225,25.78450355481638,38.28624384358339,911.8255490416614,754.1759643285352,65.18583951199327,96.79985807367677,1.4833250731598842,5.2044797218603716,HIGH_RISK
31.612675090136957,21.485559971360033,38.22290561479431,890.4365545575315,912.889363764024,69.32786475235902,95.57560881295359,3.7613673045510794,4.543375570111957,HIGH_RISK
10.455741836817264,1.6229237169403974,10.580946023356253,984.4929649837532,533.6219091155351,47.63767649942309,84.34995070220924,6.940459723554481,1.147529203858818,MODERATE_RISK
0.6444273286988788,-2.812758704468617,2.8856365175707674,1018.0102357266845,180.89118833387107,22.734421635141107,58.83876206028724,49.49179784173493,0.058853580644181315,LOW_RISK
26.687857453158845,-44.18613974465717,51.620312678000104,923.5336276497086,895.5134987559168,69.45518387184413,95.77926313585266,2.3090510500944337,4.168823683575184,HIGH_RISK
10.571837857440077,1.1895769083277046,10.63855483159389,985.0082049776842,449.92958272258693,42.46721555989873,85.12958815559526,7.658489074178684,0.9244352050491143,MODERATE_RISK
-0.9799938488605678,-1.1549598465879627,1.5147013537443743,1002.607490994088,120.30567560126258,28.826812745542632,48.08318338910965,45.88075225943846,0.08887435485212879,LOW_RISK
-0.42267691329076085,0.028274434417271493,0.42362154887425396,1010.3179438370556,142.41280893040414,13.649974234410484,66.88708747438399,37.830970880357924,0.15470723335506867,LOW_RISK
11.439553591590158,5.486223865152567,12.68708156643729,967.201933242624,572.3072007978838,45.1567377685534,81.90038277654305,6.130851851391955,0.7391962911356917,MODERATE_RISK
-37.56133010647881,35.13684233570011,51.4339499619825,907.0870132738401,910.077257057599,56.60024355719736,95.49976490822942,1.706081615554547,5.636893422413044,HIGH_RISK
-1.4844072303878713,-0.6709828434881268,1.6290128304845246,1024.4769597610016,115.80632748831675,25.801838525654915,60.31113444646031,37.84584399187664,0.06776720920199565,LOW_RISK
-2.1111956615648326,1.4014798668589106,2.5340270201047663,1006.347793887655,235.9641768020136,23.447027785913846,51.881634323064006,35.632793480226916,0.016666165410194965,LOW_RISK
0.10470312748502837,0.2880736747350474,0.30651131623563266,1018.5805000072737,218.47086123088283,25.757313229169498,52.531257009189275,40.392744882855396,0.4419729504836061,LOW_RISK
-10.882426572817039,3.7798732615047035,11.52018445971212,965.3187140214767,425.7704432889548,40.10969289711699,80.97513505113778,9.472856243301026,0.6497888689962114,MODERATE_RISK
-30.683571991542514,33.60909270130139,45.508820050236885,885.3547813813831,735.5152036876478,72.56424314374767,93.04028535709168,2.3133178852695373,4.892983155717501,HIGH_RISK
0.08882765102173239,-0.44310211520854415,0.45191795282808206,1020.0862018165329,107.99747534435258,27.720920833670515,42.265812580776604,43.36096770061739,0.3042994665446699,LOW_RISK
9.29416790656115,4.627716265368353,10.382548574801183,972.8754829728695,587.0121520935937,42.18940842080128,83.50912639947886,10.816181413338072,1.1590162251853,MODERATE_RISK
1.4764835977148756,-0.049844985966691194,1.477324722918791,1031.0002418675851,269.149940445186,22.331243660889978,47.87530871449497,42.81131338797837,0.04487451944626418,LOW_RISK
-27.10462425841515,-28.658995432420305,39.44614905647134,895.300025451965,811.2210898998065,55.55354166439198,91.38738581133815,0.8624120640214321,3.454411431171523,HIGH_RISK
-22.537774904013812,-24.496523984328718,33.28709937706779,925.4505346383112,736.1404058483294,67.07925725023475,95.85141192643952,3.919476099133104,3.8185017112470865,HIGH_RISK
-21.184945338936213,40.26046559155524,45.49403256101308,915.4104137186815,872.8086020997347,66.82240437578902,94.75875056191877,0.7005057292832646,6.096345202787628,HIGH_RISK
8.6170883716037,0.264038151136172,8.62113264886251,980.052613431742,532.0050062191217,41.9294443937336,78.69816301485562,11.45521646248027,1.109906397291242,MODERATE_RISK
31.26586934658221,40.860194168057646,51.45007340567088,934.4759947359519,762.4746456942368,71.25757289054451,91.83000141536426,4.348233792110553,5.22510003850223,HIGH_RISK
-0.6784594788736151,1.6861690799790203,1.81754599137154,1023.3596534212373,128.2330428615524,21.022285912800832,59.38140832289788,37.10281850641201,0.0836514202562375,LOW_RISK
1.0045088232450576,-0.9770353406877436,1.401297981490727,1015.3578977226484,104.08946799931309,27.017933025532066,63.485458539599726,40.69345210151446,0.10541251455162924,LOW_RISK
1.088649935848038,-1.1276865751427765,1.5674296458148231,1013.9059644513085,115.41645107945797,28.387528415539656,49.28105686240038,50.83560394001648,0.1534800088461085,LOW_RISK
9.300893694104577,1.8825931915372218,9.489508977489646,955.2317843105241,495.0958446887244,45.98170802617845,78.45477951306037,9.61730820333274,1.3913580164827684,MODERATE_RISK
-8.218764946300201,2.1310945502231258,8.490563068756021,969.722985880794,418.00070811561136,47.38365015190259,81.54670826610311,7.913235006747961,1.0666031503956317,MODERATE_RISK
30.229799893536928,20.88923399686224,36.74507992342581,925.5184880845043,740.5282550022077,54.875727158998316,91.06771537293848,1.7522267488655587,4.530850865790384,HIGH_RISK
11.445564892607877,3.60067842080199,11.998576615620998,983.2257292120048,512.1035009923542,43.35935993129071,86.71636770520055,9.221675450334978,1.1436547573486227,MODERATE_RISK
-36.79712124983381,25.11125065464435,44.54888373141741,910.2888158324798,867.3679593892249,52.92553974362275,96.87931905727653,3.8075152810385076,5.165071643697752,HIGH_RISK
-41.29225465738446,22.105201106082284,46.83684671955009,909.9458592498892,737.7149085818858,61.10242718561328,91.89960538586827,1.436737183477153,2.9309235583033386,HIGH_RISK
-0.304568079064489,0.45268784972919895,0.5456079215677487,1008.7318079666325,206.29175851660412,22.41771171185842,41.09022244948727,40.81509822780207,0.008398973235759775,LOW_RISK
-30.191901139573773,-39.723123715656655,49.89466356386382,940.4512388232672,873.9207753614298,54.207046186853006,95.03236146498769,0.9032608562615541,5.2086901985050105,HIGH_RISK
-8.319942694003004,3.3358605987047616,8.96378337341353,981.1886033014464,477.5355543910728,41.98628961644075,83.71682326099271,6.103925798643072,0.9907281016357733,MODERATE_RISK
-1.5365814620014349,-1.3810103896190493,2.0659797398818376,1004.6815705628076,100.56851843149533,25.725004650408202,41.58129369560317,49.102767514439485,0.04194260661244749,LOW_RISK
7.471150839959194,0.5703398073172004,7.492888786658561,964.6540204039335,539.9602690134118,47.81541393044313,84.15789798980124,7.064451909951716,1.1914483530195703,MODERATE_RISK
43.859156093222126,21.28405295415707,48.75075879783807,929.9512799036748,808.0547004707493,72.42661406914867,94.23754177158301,4.471851201252925,2.8829043695091734,HIGH_RISK
9.849374305247022,-2.1028935798984296,10.071362152819164,980.7535672452012,497.01282899103404,44.73516527472109,84.83764824777805,6.884018678136908,0.6016339321599875,MODERATE_RISK
-0.23990779494514067,1.1387327404539702,1.1637302111130605,1002.3223543103958,82.57949395790509,31.553438929083764,55.15346667232019,45.4099440691236,0.07446352982589159,LOW_RISK
-6.90825065452006,-2.6710296635996844,7.406640707466934,960.9328056744044,619.8430918081805,42.00149553905845,81.40763489348888,11.59564986411408,0.5965867944266136,MODERATE_RISK
0.7725715294590718,-2.1039079076995404,2.2412709011209215,1010.7455357558148,86.93454084521328,16.688752720575213,57.72598802185344,45.145952519677834,0.19681815499503064,LOW_RISK
-1.6882335709475647,-0.11675579551920305,1.6922660860106156,1013.1978294781643,177.9288152064065,29.28771946084719,55.82738867276051,54.764586912447555,0.031169353388454182,LOW_RISK
-34.09887355335146,-30.70801719177712,45.888075765474525,926.8159510503738,870.830428590928,70.50050137518951,96.69910108450118,3.464610693142635,3.9378538552194016,HIGH_RISK
-29.44682903332038,19.06911604561891,35.08200289149524,907.7651426747288,888.5087528256527,57.79993543029928,96.49790731470242,3.644762376260634,3.5870161363989803,HIGH_RISK
6.138900128420673,-3.9289256947092346,7.288521928434447,979.7803781519228,546.871559262074,39.24096876109682,86.7444438820616,6.889187493343114,0.96276936282891,MODERATE_RISK
12.471595186996286,5.622870401989461,13.68054670201005,967.0301333118613,631.0958914462163,42.68409545024359,86.44333549199338,7.898595545748645,1.1135623568590496,MODERATE_RISK
43.90650414489164,38.6676579724231,58.50614394486858,941.0453501160828,971.5926915180694,65.29611229167975,97.22263983312163,0.6677100678580321,1.7577317342648446,HIGH_RISK
32.430487087448086,30.26464345472985,44.35859709426189,936.538560577657,974.013022308635,70.81618258605523,91.80237573542311,0.5222800224142023,2.184123665928388,HIGH_RISK
-0.46381856377682185,1.759093528889047,1.8192134848563855,1020.2451134457018,246.72880209503447,28.31291876073849,69.98382043179019,49.76239078476403,0.2514192609863518,LOW_RISK
-26.950838588002203,44.08375700462123,51.66938486414407,899.7167998556741,878.2149655347015,74.97223556967738,95.42589496911698,3.5651525503593016,4.8584287220945335,HIGH_RISK
-0.6595965874112624,0.22018951797832403,0.695378373227202,1008.1655372687648,101.80272312818573,30.24076763232359,45.73316868073435,37.807944166027205,0.05482630248443055,LOW_RISK
-20.64841046691966,32.24864656658569,38.292715497689066,920.1333646928545,916.179873799287,67.36173479290177,92.62092560556941,2.509919490575222,5.561603225536559,HIGH_RISK
3.113101197968158,-1.120817518721735,3.3087204443809286,1013.9354972912269,184.68027418440164,22.75695637208056,60.78635283089957,42.26296238616563,0.11266267590744723,LOW_RISK
23.775230850871907,33.31926199895332,40.93207571290694,913.4134095940806,756.473400235916,58.675902730024795,98.3587281919094,1.6673500938418613,2.257737067204189,HIGH_RISK
1.0193966234020138,3.315784502387027,3.468947440085164,1021.3101095186954,134.12878839635312,27.784671988637157,66.4375204504567,41.7531759019306,0.03925103891951587,LOW_RISK
37.023459031932575,22.504018714477326,43.32628967486987,889.6721369633497,978.304782926743,66.23917217045285,91.0485649825105,2.9366448521581607,4.6937390072603575,HIGH_RISK
7.079325241523535,2.4259759211603673,7.4834621028854125,974.3791130178571,485.6447509598753,44.394684394921036,83.95319545782895,9.939824337192162,1.016525699563621,MODERATE_RISK
24.52674418859054,-42.55355015781366,49.11584073927802,923.8855578913483,821.5243945367878,62.3459353415129,91.16501305611011,2.711467278147513,2.2521815172641135,HIGH_RISK
7.849367135713821,3.3670156828541575,8.541039693140995,984.2193637800762,427.388092165684,41.352478357003314,78.68525987596988,6.841877498838948,1.2356116910445105,MODERATE_RISK
-6.823912297913879,-2.6344130546379407,7.314773488773736,969.0918165190857,384.9772366192003,45.67937551618011,80.64591034768729,6.898346471760415,0.5168572628543779,MODERATE_RISK
-10.457687990694204,0.8458683972728152,10.491841185236014,974.0268884929841,581.8913716518095,42.24433888857579,79.57636035832981,7.156314553688479,1.1243534553161978,MODERATE_RISK
21.230239450773198,-41.15006727808538,46.303899448406284,941.5621249194633,888.9170178657998,73.41219764538052,94.9173845241325,3.3099982928763083,6.331317400661019,HIGH_RISK
-9.993260824465532,6.192467037076619,11.756356149380556,974.6243649063381,618.35918569419,44.12668529739479,80.84655393493593,6.7950722108000186,0.9407210379447933,MODERATE_RISK
1.6630553708743616,-0.021678406317418655,1.6631966570115886,1016.3139118779275,151.43846679860897,29.42333226517885,50.794747019096995,45.62087842372307,0.010461847470638176,LOW_RISK
5.902172332408322,1.332741037206427,6.0507715965569515,956.2675988818085,566.2976230156627,38.9946159745219,85.09390745251129,10.145694311761272,1.378210402709703,MODERATE_RISK
2.632191272976547,2.849822902342823,3.8794228272065894,1013.4412243462797,268.2948475012131,31.709508351221956,44.94192688243185,44.08235913921423,0.058175382703517145,LOW_RISK
0.9680639243777214,-1.5672137910315502,1.8420930564119389,1001.0011399795542,152.96449404155973,28.191375119583068,58.113782718583536,49.317641212607604,0.12560238291161832,LOW_RISK
-0.9676796319076864,0.5197558225960737,1.0984306920017834,1020.6597232179328,116.35577344347239,27.3653969670336,43.06996538602189,46.15803737084046,0.31559766812363105,LOW_RISK
40.282963084509035,-29.155183915345827,49.726671555670784,911.0053982132524,789.1761694844804,70.64751376739568,94.42017723648203,3.4238601263437247,4.424489874030271,HIGH_RISK
-23.14549733199214,-43.06696680606659,48.8925114574829,922.4367510430604,930.4058391891703,55.14154558265775,97.15303121297424,1.025249744714201,4.468421834079557,HIGH_RISK
31.5948983901417,15.845709464896089,35.34577927743674,913.9823867287004,896.5096753912186,64.53167091374394,96.10682867322102,3.281514136023936,5.170477520636889,HIGH_RISK
-42.641022080985564,-25.99044554125996,49.9375612494673,943.9553331106051,849.8704601997283,68.12283656175042,96.85807426006765,3.815166821200783,4.255288032158216,HIGH_RISK
-44.14188800968495,-34.8694657332638,56.252874749499036,930.085683745082,852.6554326147208,66.91784882065741,98.51369994631968,0.7158045290964088,6.233900035924375,HIGH_RISK
-33.69776927078398,44.64865768061718,55.93784306270602,935.6896526900651,859.3077570470678,70.13153009928708,98.58575557996026,2.833183186440054,5.0152517556867835,HIGH_RISK
34.48989490408583,25.784632015563595,43.06274606516534,929.8055286135175,931.4073986425769,52.96430615069362,93.73544174078738,2.1873152102991753,6.380981774791151,HIGH_RISK
-1.9204565980063415,0.4620758092561535,1.9752639313078695,1021.2225640846356,87.11804616129528,31.370679993131535,56.00663300660739,52.756226332138645,0.10227036143778262,LOW_RISK
-1.185711683167968,0.1699056158066467,1.1978230728632888,1018.8860523185978,199.87194500843313,27.16363407424396,51.17971389682442,50.414999692584345,0.04790504019735017,LOW_RISK
28.483103259241364,-27.025895384591415,39.264311946288906,891.7329627898858,904.2260078313071,60.64769338861932,95.73716479991091,2.1744599438994214,2.877388585950258,HIGH_RISK
10.064403890079825,0.010731414569321807,10.064409611393636,982.7355770620682,441.22777940470695,47.850338450059596,83.14982403695805,8.905425898578581,1.0953290919706582,MODERATE_RISK
-42.122451256239245,40.01725121773558,58.10061354975187,932.3236093077453,978.9899442501571,59.49381121943071,95.72086841674849,1.5237558307065049,4.15561681677465,HIGH_RISK
10.391893925924773,9.743444102722417,14.245215419590833,987.5234636229801,478.65965534342035,38.63075174342967,86.44790360289562,8.29755201710449,0.5591990330700302,MODERATE_RISK
-13.346805528344861,0.5317014159272679,13.357392118492141,974.4752614393695,397.9879635892146,44.07028654384547,87.07630953334707,9.538463579618643,1.0207178702449013,MODERATE_RISK
-8.764376728123182,1.2276717039735494,8.849942217054558,963.0662423145668,401.08961596281216,38.49188990232022,80.37523041848068,11.156974560248976,0.8663097130135902,MODERATE_RISK
-26.59673621194478,-27.988413635862067,38.6100721959942,900.3230653174842,829.6403655667273,70.03058861333592,92.74253215428166,3.1013646770577337,3.5025376549016976,HIGH_RISK
35.8279479018784,33.72062819983391,49.200839597014465,881.1927419695161,967.1623620102823,65.23246531109046,97.35141820187962,2.9126446405475073,3.536225240344903,HIGH_RISK
-7.9940568787729145,6.203097161888453,10.118466276115424,981.9705097883973,512.330098691843,41.53154402282538,79.8108070230794,6.900446300211682,0.7802387032147915,MODERATE_RISK
-0.5779703952926403,-0.4636746963037521,0.7409750345504952,1016.9507303428317,126.66656452986533,26.188977093520496,42.192552730784506,42.17303514857299,0.015876037694080376,LOW_RISK
7.121184028976385,4.778676496474338,8.575955400566436,989.7772029530207,548.6308316976965,42.34602368717992,83.65531876924058,6.352703175485191,0.7104809692736387,MODERATE_RISK
8.91146888480528,-1.1523050156146848,8.985659938694733,992.8168478646685,618.1973511906747,45.38391636936058,83.34904784189794,11.044764303757315,0.7514206909166838,MODERATE_RISK
-18.307334600416997,-26.231483541438564,31.98826705147354,922.0502353677696,854.357764917168,62.550866524145064,92.38449559360564,0.8725620361795063,2.587129268127244,HIGH_RISK
17.286551803351447,-20.17595102061326,26.568663361865582,917.5726072558721,847.7076321116967,53.694204656392365,96.39895684722927,1.2219067843636933,4.4942890515449285,HIGH_RISK
-17.126565174273782,-29.087421100554774,33.75495964965218,897.5072299837341,954.3425929425318,62.385148942219,92.665472204805,4.326339442901197,5.273067864253535,HIGH_RISK
0.38163126495181965,-1.24032053105979,1.2977046821820308,1016.3669134189672,201.01790370810767,25.767590943492145,61.76404505350489,46.05183556770444,0.012069999858002552,LOW_RISK
-0.05202733108017177,-0.9186560619606569,0.9201281450734935,1011.3029281649999,145.76452356972186,21.450682164576914,46.89148851049695,47.60724699529764,0.021102621449276424,LOW_RISK
0.2947817545522052,0.7816836425690075,0.8354194155493565,1009.0181783354878,187.67899585739156,29.41573418680763,51.50443367725128,52.70220619888337,0.11027712444029093,LOW_RISK
-0.4048124029400569,0.9287313915077966,1.0131214533046426,1008.3963976418776,113.97741464381146,22.57011084951877,50.401562837077336,50.67973922971911,0.03944755329687149,LOW_RISK
43.91426908862999,-16.61917897652739,46.95380857228148,931.6995902364733,899.3362066542147,69.17748042256147,91.82228462845838,2.4780158558356202,4.1047518587169005,HIGH_RISK
0.14418116541147505,-1.0626101503656942,1.0723472106177243,1016.0484001965433,230.25578487475337,22.545649578548822,57.34216306037237,50.59447298965335,0.1059167724143179,LOW_RISK
36.78543366000046,34.36997733637034,50.34345510249476,937.5068827291154,893.1510607598286,74.40898603158266,91.77269784215156,3.479219011886216,4.198643209054856,HIGH_RISK
38.88111464590687,-19.470256302349533,43.48369759562008,886.9549981464339,951.8779989096435,74.5039871517479,91.55138577076116,1.1810195308885847,5.27711115928593,HIGH_RISK
-37.60756076998486,34.99129572577212,51.36846701660993,913.2666695855775,853.482024552676,68.49747719619148,95.29853356186439,0.982087359168196,6.2258082585054595,HIGH_RISK
0.576098173408961,0.994321903001119,1.1491584539100375,1027.2466712336434,231.25075828448686,26.106326022364193,63.14420034578819,44.706397864476855,0.029553133752650788,LOW_RISK
0.07278244191724048,0.13261032943777104,0.1512705633129944,1002.4414050703358,135.41384994267992,20.77964252729322,42.336369672738726,38.3171574984254,0.2021721859033591,LOW_RISK
0.13057060235725684,-2.334872847989627,2.338520878350058,1018.1761691981691,191.40810265500704,23.512568470885338,43.25201118149868,41.96215604110222,0.11440458944240173,LOW_RISK
-17.73727182341163,-33.32855308308832,37.754513138826574,881.8974046321405,727.8367426078573,55.195464277130455,98.21182065176014,2.442639502426318,3.062468880052837,HIGH_RISK
1.0443095472201276,3.8843454630279206,4.022278223415269,1020.4682173902931,195.67195262330802,23.909821114552763,52.45321530564798,51.85050926805185,0.01822408980611907,LOW_RISK
-0.9939356384187701,-0.3397261482747479,1.0503913123881614,1016.1898533237944,241.93500725317787,25.17743519006243,45.731864180390744,44.18648149215454,0.00102708337820631,LOW_RISK
12.85218970932685,1.756601919988289,12.971678019047248,977.0968606357449,616.4891447690768,44.8345274342105,82.58467610145723,5.723359689909597,1.1304297227211275,MODERATE_RISK
17.977804479275846,-29.92309960569049,34.90835636215411,917.2495928036005,843.1636139992202,66.7959570053662,91.74783136741301,2.91052960141881,5.339418879804266,HIGH_RISK
7.250510826591379,-4.978131554424216,8.79498158154256,963.95548172145,575.424712147192,45.31967838352712,83.63717679547618,7.96188441486438,1.2129943134242973,MODERATE_RISK
3.8600397048747905,0.5077257651925366,3.8932880674116843,1007.9873235691829,218.41011060794898,27.207543887288615,63.16802670512517,47.60378060179356,0.014461382074425995,LOW_RISK
-28.687290775388835,30.24554649860611,41.68637349339774,906.4773438910622,940.6459834677954,53.115773010604606,96.40683790101716,2.7874890180374163,2.959909123631583,HIGH_RISK
12.09723588597624,2.428917153676611,12.33866907816138,970.9988033869887,611.1551594953223,38.326550345942024,80.04403774765537,11.334491054225504,1.020704049679208,MODERATE_RISK
5.377754536191554,5.305689296767065,7.554507446905948,977.4389094162045,585.786198480593,44.73837961166977,86.11016110262656,10.088103395825666,1.1514839344832455,MODERATE_RISK
-6.23955471365427,-1.6970736103802864,6.4662277924408444,979.0251620973532,454.49908932838787,46.32062096754151,84.96375849870566,7.434867865750975,0.7428538443360899,MODERATE_RISK
-2.538696944572229,0.7270992259417122,2.6407679679868523,1015.6226043611262,175.01797457335363,23.596602279694103,59.85580936645017,42.238693739436954,0.025724393905064535,LOW_RISK
16.603971723768854,44.782119134264605,47.761177447370194,896.4800130637464,807.7026347625152,72.19994990310036,91.92331391273055,1.1250332706305826,5.8376715702527004,HIGH_RISK
9.38838594244605,4.293789973421596,10.32368262492481,979.3374968596096,473.412571707897,47.31022279070994,78.09666266690182,8.311997063668297,0.7359543965674539,MODERATE_RISK
-44.87244681178589,41.24910613433586,60.951006880594335,920.8235445247776,906.4197031016108,63.26354283834185,92.08821139902082,2.90739052018892,1.7196000751037805,HIGH_RISK
-2.4096694803863588,2.5904457768501077,3.5379254270696583,1029.190122825345,190.47322756344687,24.47145364439381,44.333094524652324,43.18434176591461,0.16864753025007534,LOW_RISK
-10.376143708800678,6.780709646045666,12.395256414034387,984.622105785811,381.2100571978928,40.18548461520563,87.08382547371264,10.814287471020684,1.3618439340045536,MODERATE_RISK
-8.14526707579363,6.774447020690352,10.594267703439822,958.9881880118843,405.30571383612346,42.11898297609937,85.22649702360856,8.306488998290627,0.633815953121027,MODERATE_RISK
-28.321942121827558,-36.5184891579632,46.21398550149539,924.71039202774,964.1579899462778,69.9718911036451,94.06740906651126,2.930454104132939,1.7766928341051091,HIGH_RISK
12.409037233218495,2.987624253666447,12.763624239866155,978.1497187155534,647.4526074443183,45.40304790755982,84.79554119107289,7.097725065806129,0.5584160265932029,MODERATE_RISK
-2.555073659032732,0.736462427457377,2.6590935128609763,1009.7558861020942,215.1325804414146,32.47527136217541,42.542984632789995,50.7003392324758,0.012352987363575749,LOW_RISK
-13.741677142759329,3.590550007105116,14.203018694959066,978.915511752601,456.03216476351787,39.35239827984723,86.71014287393749,7.167123421392688,0.7158017649596427,MODERATE_RISK
-25.12646439300976,25.971015905852205,36.136309718553385,882.0518872666423,842.9592303840626,69.35404456095564,94.09354030404444,1.5879719050409569,1.7826167415413454,HIGH_RISK
-1.248533359656343,2.0886979500964933,2.433412146947584,1007.5066488740192,117.83915847807097,27.54929873209229,46.30828533705584,40.92800906276838,0.09079239982692121,LOW_RISK
9.556079324817922,-0.27550790078947607,9.560050034681304,946.8937168338192,475.01436505483844,47.181917732297336,87.59008443608727,6.508108440761515,1.3338909872920646,MODERATE_RISK
1.233090239991735,2.0764092277657773,2.414950687097719,1006.7631399103172,197.67044419663068,22.677406789784197,56.62297841187478,47.89673379878388,0.19810081487007028,LOW_RISK
1.4633176906835388,-0.5559214981291589,1.5653585454935153,1014.7987192909403,202.3662040206443,23.148241951898967,63.60169044200622,46.834070216427214,0.2145146664928084,LOW_RISK
-0.0833770063656826,-2.3447862130449857,2.346268124080525,1004.1485146366015,208.36390336028705,28.771154056560302,47.5960349010993,43.47277648779159,0.06655948934219964,LOW_RISK
0.9578886881660609,0.2113293703668059,0.9809234637300341,1017.0390566144916,167.971127942767,25.617974662381005,43.5250552063712,42.06071847546,0.08906035077762355,LOW_RISK
-40.890778833605275,-36.00388687367858,54.48243445030211,917.2069345682448,845.0255392454187,54.25686150358759,93.11647302396469,0.7441108457296797,5.923226090861556,HIGH_RISK
-2.6445602330441007,2.0701370312211775,3.358446985472824,1014.4915254708718,103.27169703289917,26.519070544163583,61.07196163241796,44.23047386512656,0.0075124893278110064,LOW_RISK
-8.551661629154289,2.3183181862262425,8.860333844282456,969.168771686757,603.3305527860468,45.57846292932471,80.35900866698289,7.676381035109779,0.9170631926474311,MODERATE_RISK
-10.165653657514667,3.6454305246057563,10.799522118791588,969.38910869019,423.3932079207065,43.86120348805497,81.22193450647963,9.399141825507806,1.1796060103748753,MODERATE_RISK
-0.8283345664214569,0.4330404439197856,0.9346989782806376,1022.6878016668857,182.2227276979001,19.429058111332015,58.46657869579538,51.76400267448363,0.23295494566733063,LOW_RISK
-6.394476068041423,-1.9477709460062274,6.684544550144048,982.5318994973255,429.9945622623747,44.45082691966786,80.51744464282531,9.869764799622251,0.9283847493744923,MODERATE_RISK
0.5154274343526921,2.2148105245888434,2.273994525040222,1010.6268422678967,163.53339916339894,29.95061503004799,48.09227397621301,46.951830971976875,0.07451539582145257,LOW_RISK
-0.08541843558160118,-0.653229555854765,0.6587906813088826,1014.2383815676446,195.4234164775813,26.062467972690133,66.24241220466925,43.42459036045538,0.1532043359874957,LOW_RISK
-27.092266281006843,26.312495216549642,37.766894190043324,942.0936299002173,912.1325983078552,57.42863491943498,92.8645586695588,3.766132394268819,4.382701321855857,HIGH_RISK
-27.404738744810402,30.726231568430965,41.1718473239683,911.5892521467839,792.0148675934829,72.10432444938101,96.26168535324274,0.6078190391925249,3.03833785981171,HIGH_RISK
-23.279491010135725,-23.81240404876683,33.30113043535785,903.0890799185514,947.477076646245,56.71695113535543,92.4218892369723,0.9322771811245749,5.09782717224415,HIGH_RISK
7.996208866082629,-1.2023613693924218,8.086100982094253,968.86788107524,402.468779739819,42.52139055122447,83.1455309133378,11.74831507538801,0.9578662604871278,MODERATE_RISK
-0.23701184786848412,-0.965324748476193,0.993995214299676,1014.8283381250496,94.54698955573369,30.47880443061674,64.26575617100696,56.459556334093435,0.044913777566881655,LOW_RISK
-11.113849987821983,-2.230058681173726,11.335379273464518,991.1286837070713,643.8292398561096,40.68904304561482,83.89060153525291,9.438676124550122,1.2919871224047528,MODERATE_RISK
-22.781399856635417,-15.758742269688993,27.70072449143507,940.1099646183336,973.6695541617306,64.28221429806536,98.75313296039887,1.6023298566310342,2.2258577166533344,HIGH_RISK
19.155203334754773,-22.53956905878946,29.57962116308692,943.0468831081171,735.7071178405685,58.64647091370474,97.69397065401967,1.6306193286547064,4.498667826760798,HIGH_RISK
-8.2441672623433,6.668870933217492,10.603779202407328,955.0165503285538,486.904095869773,40.90297483044034,79.41049690249841,8.353958995822607,0.6874679507762226,MODERATE_RISK
0.16638388456479913,0.6544855045110481,0.6753035411264727,1014.7207963580296,176.42641978396836,25.390681506993342,63.2759519560836,36.286140130594795,0.12480026353874031,LOW_RISK
19.814294289511256,-34.768525410163406,40.01820357522982,941.8239080187161,968.4818853189067,67.36337002239335,94.5706060195376,3.7664368224043003,2.3055264079525624,HIGH_RISK
0.12281120907948384,3.2177236916600824,3.220066513124559,1011.273794394032,128.10631703602974,22.48046179054476,57.064382093016185,45.47310522334679,0.1821682429409145,LOW_RISK
-40.067658266787745,-24.029265462312274,46.720689610089856,939.9509989961135,737.222270542972,71.34734021663868,93.85389015113687,3.8552702888273505,3.8115229449714767,HIGH_RISK
0.29858954336020505,3.478994309972541,3.4917842321978276,1018.684986263652,233.7162661826404,21.033213346238757,59.52915235655634,59.63635046236665,0.0012089692281157917,LOW_RISK
33.55020951839823,-44.56536871165436,55.782512018858746,935.2907319128849,906.1635466425394,61.79531968269567,91.31783322691753,4.072607275410366,6.0418513549156945,HIGH_RISK
-13.600592418032205,2.8667563899906927,13.89943906497624,976.235292018411,417.7383484952435,46.35539279241426,79.76863212093916,11.330873544419898,1.171777045763605,MODERATE_RISK
8.979387024079244,-5.26259590351527,10.407896375920467,987.4504100822326,419.9477794689721,46.5292435817845,80.10052920179305,9.085917164392157,0.8524416928293999,MODERATE_RISK
8.268702764817643,4.302247703321461,9.320986037627014,960.9177323169255,389.4451058493615,39.037819281766716,80.65306370120419,9.801840386929197,0.8230733867183078,MODERATE_RISK
0.8588741720342379,-1.1173539672096737,1.4093064717891188,1012.007927609402,94.10712751859131,22.397360690526465,58.02871584992492,51.444317126031514,0.06238469510769571,LOW_RISK
37.66026046302402,20.36851320891532,42.815552647193144,883.8611933029001,836.567448779127,53.020947027759114,93.92800438200416,2.237072644254684,1.733419220450557,HIGH_RISK
2.2991083695038665,0.8689372494016325,2.457834664520867,1002.4286377132518,155.99581579307892,25.97412081674538,63.00546693453319,41.01967931139683,0.021666454108402625,LOW_RISK
-12.610636701035169,-0.9389728538908368,12.645545778092737,979.5831793912544,400.0121770842087,44.9244035251813,83.60743196015417,5.7036934943987205,0.6589610834221323,MODERATE_RISK
13.69768366511086,1.0938901104686478,13.741293001869439,960.3788954480458,611.2777999414136,38.82404434584044,81.7465309165326,6.742689754132556,0.5946694563910745,MODERATE_RISK
-8.982421823012336,4.613915927806962,10.098124677156598,963.0246768873484,421.2575685159365,38.201949230843326,86.95445313766707,8.900514410436726,1.2934831591173295,MODERATE_RISK
27.867871770507524,-37.706001058734564,46.88668033523745,930.3569407454476,919.9023703793516,73.31751649274156,96.29732283755766,2.0668341232590905,1.6928508611895665,HIGH_RISK
-7.119242753097894,-3.8049051956046336,8.07223147122752,971.8902853351393,601.2482820841824,40.72384579263289,82.89539542094154,7.35547518186648,0.9283783717937715,MODERATE_RISK
-10.52746432354579,4.8072921621733755,11.573139721615002,966.406007891828,553.5336317813006,42.01214827711329,78.755958751616,8.905061445778347,0.7885345163722859,MODERATE_RISK
11.676258277215549,0.6307806262034041,11.693284036344888,981.2559130250656,590.8519585434335,38.73384016652008,85.22304329329539,7.98466344526663,1.281049247061047,MODERATE_RISK
-12.188186338373262,-2.791831849362648,12.503847859520056,976.2079023250111,401.71966405652023,46.6070203254215,79.31055743421668,6.3612432157308625,1.052225766370289,MODERATE_RISK
-12.505249404149332,-2.897608828189087,12.836564944765268,961.3916502169892,645.6383991688374,45.6127142962536,79.17906311820285,9.251814534818724,1.2676163789528734,MODERATE_RISK
-34.695992097090055,27.862522238949346,44.498674284941146,904.3575808744529,783.0447041628605,66.62239569045295,98.61470837573329,3.5300212038219057,2.0947226750818855,HIGH_RISK
0.460949281314914,-0.435411816282977,0.6340801918555543,1024.4627887435715,85.57044816421488,24.102724116487583,54.09412964346045,41.51140548050878,0.07415973007682668,LOW_RISK
8.75349712609435,0.7973025582252695,8.789732834727948,988.9083354817665,518.3168806235575,39.102329087212325,85.59711660338968,11.252458487067669,0.607012715910194,MODERATE_RISK
1.06253467094903,0.7015397576481498,1.2732391599891155,1011.4136107571172,204.26612483114144,12.318297056487777,63.003050690150076,47.457063781777634,0.006652193741050755,LOW_RISK
-1.188781107649051,-0.5686916114812306,1.3178052477025668,1014.0971556249219,173.5362424969754,31.394152448385366,51.28571406308866,50.51608786026829,0.17303651331448516,LOW_RISK
-13.300077828548568,1.3814011737566663,13.371624413223156,981.621687539475,640.7938078037689,47.40348377670192,83.6872794164816,10.882705310243999,0.7393842854419477,MODERATE_RISK
0.9491727991594272,-1.5237327284675954,1.7951853471069346,1012.8250347758596,255.6067025688914,18.0311132294589,60.57138306474043,41.134851451986485,0.013710581383272847,LOW_RISK
-26.6858282511766,31.461704650472207,41.25496683994352,899.3447426068927,768.830022164968,62.552697349552986,93.81906207285172,3.387239183542868,3.150111510038858,HIGH_RISK
8.67638649994046,2.8301691795549675,9.12631033228938,976.6549156413314,646.463989937519,40.27031834282269,87.05987906258915,8.776965183234056,0.7312719685093437,MODERATE_RISK
-11.86387302880527,-2.4927802035015105,12.12293018979249,973.6357784972239,508.17650202303054,47.14208789680812,80.11055889266851,10.306174460468494,0.8756073259396931,MODERATE_RISK
12.608772815306928,5.566802324278301,13.782976457413445,967.4883278037612,621.6588429333958,38.26693158586854,86.52736745731931,5.7327604137152495,0.5145662020387021,MODERATE_RISK
-10.822520375035747,2.2756245324838886,11.059177830241559,966.0618356941839,549.250477738454,39.58598005838042,78.35469585341667,6.899247031213589,0.9040340383420049,MODERATE_RISK
0.4663613483970069,-1.7551695390890392,1.816070763550998,1021.729491072373,222.427409176121,28.565214747479022,51.56657504475008,51.2614183097832,0.024500936786571132,LOW_RISK
-20.18266181972168,-19.519634659819012,28.07767752827963,943.3324786235236,739.7570494928408,57.132524773960036,97.0245043702992,0.7301199950883204,3.581950507008978,HIGH_RISK
10.248756456947413,-0.9386843747074378,10.291653767453566,970.4232300701157,443.4577725218961,45.338639839939816,84.56794004630032,7.969412041356782,0.7440993683457063,MODERATE_RISK
-0.3201707275677709,-0.3371481028390253,0.46494960806438984,1010.113898880647,80.00614376907649,26.35183011292847,52.743825439942356,39.50477624222564,0.08590197299793241,LOW_RISK
-12.921182180902775,-2.2627307912782664,13.117808490212006,978.5891758374066,435.24887759093536,47.466387272149525,83.11827760662554,7.150781589029444,1.2027432500698354,MODERATE_RISK
42.12323716372907,-36.591775068021256,55.79717834963008,940.2849832158228,963.8240887684199,64.72508124675281,98.03440837271486,2.654147075069695,2.1442771262988245,HIGH_RISK
-2.2547144296771595,0.6785576943746008,2.3546077601140647,1008.0332888912556,275.6441337053117,16.078127923502166,67.09820866716743,38.47705278099764,0.09539178700398467,LOW_RISK
27.80524228106934,-17.715596938476395,32.96928681660433,884.1939567213469,910.0238139915882,66.06151130087018,91.08837088045318,2.3100988968908753,4.602013886619028,HIGH_RISK
2.7699554940714988,0.9323578347840762,2.922660529589458,1015.8424562257725,117.975065819184,20.815515659749984,47.5144884024929,45.727136087028796,0.0755230783001013,LOW_RISK
-7.327257993974964,-2.142416224181577,7.634045912090551,988.6100670476977,565.6523858085981,46.104019408589835,82.523741770233,9.22694912201013,0.5089582631420279,MODERATE_RISK
-0.03618763066500492,1.9763963034119394,1.9767275717087383,1020.3719800066921,189.7176830109377,21.954578920764238,52.83007257472507,46.96936609082372,0.21499411482892006,LOW_RISK
40.38623309636889,-16.263832108589856,43.538030026295864,892.9051131838131,823.9448143609845,62.98380178995314,98.63269882428571,0.901410855625516,4.0060647373473275,HIGH_RISK
23.74756120536586,-41.306191304814675,47.64607122641431,880.9894606469469,766.9655032463585,66.03420924924679,95.64019841853576,3.1415854547975304,4.5476128832532385,HIGH_RISK
5.511565136411496,-0.056355217471591335,5.51185324219023,974.4849080624607,482.10180101140025,45.788926451025716,85.83916928846548,9.41146887371805,0.5673585393242646,MODERATE_RISK
-34.16131745288624,-25.320411248135674,42.52198062051655,906.4075956070735,769.5534782914148,67.76409065591939,97.13038702409808,2.290931558725443,3.72543744458355,HIGH_RISK
-0.08144229977671831,1.4785949935197944,1.4808362512630227,1002.0054638465708,226.17406915523208,27.783455356375143,64.71233385736899,39.01667203857802,0.07087925005270515,LOW_RISK
-5.986653749630958,3.3086822115111607,6.840131657705193,984.9192630988696,481.48866779483194,41.90702550688109,86.09753717435663,8.31229069998966,0.9634890692550495,MODERATE_RISK
-8.484174580740335,6.483746049624983,10.678023279264192,976.8710710012509,567.5614409839338,38.80516558591512,84.06033452520379,7.920754025137546,1.032039504160465,MODERATE_RISK
-41.85437210473704,-25.231324055706274,48.87134311522297,928.3968676886706,910.5180839592375,60.693752763092405,91.60683028635937,3.011257186750179,3.6614597449266735,HIGH_RISK
13.252808741166524,0.9289379251006207,13.28532518226897,990.4132114480132,441.1695391020986,47.93389878739068,84.28684333424604,9.296251275873042,0.8270450338968467,MODERATE_RISK
1.5094392138216608,-1.754875253565432,2.3147340874923175,1003.284260988429,168.51546918656308,22.617860259264564,55.69858747900749,47.67103931187337,0.07038159684731513,LOW_RISK
-11.453431448363943,-8.035828713980303,13.99126995889946,960.7335078918966,617.3279230948356,47.69242130458038,82.82817494350411,10.23567387561626,0.9815262914919054,MODERATE_RISK
30.895892725100328,-21.355996191969073,37.558417972969856,939.0691931006637,794.5200451969292,55.621380673864095,97.622513954753,3.026790371292428,5.1985397932344775,HIGH_RISK
-44.882008655843904,-44.478299742142326,63.18792486650519,943.9638722050518,829.0071055906596,56.24327947263396,95.87901701846485,2.7376590404741474,5.420143566083409,HIGH_RISK
-40.58418333272706,-36.55177205351538,54.61783570443403,885.890588386814,854.5977496578193,63.91505534146201,91.33499759178572,4.492520463695302,3.836245306914931,HIGH_RISK
27.65908141826225,30.932040594670895,41.49476979394425,910.2588003454197,770.9648477792631,53.97162827387349,96.0519862614983,2.16966158130578,3.7818231380896514,HIGH_RISK
42.808219883461184,-27.59801515414307,50.933232079253244,891.4462712173848,964.6976862730088,57.33781902832451,94.72035322846632,2.0324166673769284,5.2901089523987075,HIGH_RISK
-0.7740670923260609,-0.09099122072193117,0.7793967318834417,1034.794269311844,154.04643713691536,20.680630208874053,45.38953653866026,44.0607029949564,0.05730794891863759,LOW_RISK
1.250883231823356,-0.46381361557479517,1.3341034178988553,1007.0900314704203,214.34177184881216,22.00256924230889,67.25230321805708,55.72912462538244,0.09897609441010292,LOW_RISK
-24.84618505714267,-32.95539238400326,41.272155251178724,926.6857317076879,737.8580184170411,54.02321296330033,95.49878311148257,3.930256561596501,3.086509361890788,HIGH_RISK
28.952659887436354,-21.710782942941425,36.18859779755334,938.5571934342317,925.709339046458,55.37957390675829,97.0672815234165,0.6333151799050238,4.433914159396084,HIGH_RISK
-0.10524856718797054,0.47876176562877065,0.4901939301165394,1009.6010333802064,195.01211469176292,20.292151548920128,40.582037368546466,35.090177571306434,0.02244235300464977,LOW_RISK
43.30497689111781,-31.85862427529606,53.76144496062891,896.7352466145752,850.3745942568037,55.790903308775206,93.34383776403546,4.070664063291668,1.8944329284420947,HIGH_RISK
-32.2892645966717,37.81369318079599,49.72395800984927,905.3333719357533,892.6773768827554,70.90568553677159,95.57935251172397,3.3277165407527405,5.382249460514429,HIGH_RISK
-24.965377497099396,25.834125513171735,35.92592538269526,916.7440066186633,971.7868050596993,73.0823375945966,95.24508465897965,1.5554595041596797,3.2056308924158494,HIGH_RISK
-0.05645205363727254,-0.8029922789308841,0.8049741824322567,1016.1911943439313,184.27540429474823,18.66564644084968,50.650457984087396,42.02894563809167,0.1567936282795936,LOW_RISK
-0.6934129330575637,-2.270571588919241,2.3740928448859657,1005.2175632252639,259.3990578728822,25.78496376266688,68.73938059746672,51.372142133437904,0.0423527378738937,LOW_RISK
-23.92588660186467,-24.250663176868542,34.06673911901776,922.0071195076473,947.642446841012,65.45318517867108,91.12300499235597,3.2771771125717843,6.39825195342725,HIGH_RISK
18.005130216042996,15.412315040728716,23.700720854255408,885.6771269174063,785.69529510897,74.20786202132913,98.57037536350754,2.048444221409433,4.451203904669004,HIGH_RISK
-2.1027765941884216,-1.7145073690957253,2.7131540545553627,1011.1468733663338,85.15391975287022,25.874136169643783,44.3688594011627,39.76421215654868,0.023299124848152476,LOW_RISK
13.430191340004345,5.900802166739064,14.66933896397926,961.3053622534394,400.8692431506258,43.23698386271309,83.6381748057517,10.451185792118721,1.0941691977480725,MODERATE_RISK
-23.895651611734383,-19.158044942946052,30.62732198520342,911.8139367800311,774.3822976923889,57.323422940351726,98.92138244334745,4.477910310830492,5.053531489720218,HIGH_RISK
21.902178633111102,42.33221270719437,47.662581356488204,889.1400631973485,924.3153642114688,57.51811213365407,98.65285204370858,2.8586572255382774,6.359084981113721,HIGH_RISK
0.7215138476050699,-0.639536394308315,0.964151975536405,1016.908243236922,99.68483782027374,24.53910306979121,60.823949619287106,44.88474721957267,0.024586942627712455,LOW_RISK
-1.6014306440738917,-2.1327160001127656,2.6670316167822072,1002.8533501045792,97.20643140658865,15.45228051921731,59.425593867104894,53.26654818589265,0.010552102612890604,LOW_RISK
6.954263636339046,2.585902446613273,7.419479374397377,964.3419728865124,456.1514357932112,41.608068262457515,85.09827074919876,9.921294302645375,1.3135785546889194,MODERATE_RISK
-7.953324624635618,4.587618093026263,9.181590948865955,966.3681028783317,610.9623617504186,44.552324845763444,85.00657828887854,9.937540281042939,0.8949630287402275,MODERATE_RISK
-6.676204444697973,1.5217649734944156,6.847442911186586,972.7210744123416,395.11467691265534,43.24111541226955,87.38600315794727,8.276677555654416,0.5690655623707306,MODERATE_RISK
30.61176677978887,15.782498600541654,34.44078291003682,917.1861494373313,738.9049157295939,69.24810070764954,98.70766929630358,2.0987035617674814,1.9039022651993105,HIGH_RISK
-0.2855080171254123,1.8125493458897135,1.8348978061810726,1011.0119186520333,199.1359648323059,25.812943818344124,57.30808370034519,50.48610095803219,0.004032633746920101,LOW_RISK
10.025460298131996,4.7712608412036905,11.102917823897673,969.9010604713437,632.4706863147265,46.97296588533295,87.79112169744802,10.150431263719305,1.3962976481837441,MODERATE_RISK
-1.8212829191815982,-2.963199849530807,3.4781640013032797,1018.5999332447401,269.1849288064173,18.878154361026493,52.40996570749621,50.033650356135325,0.015630776917533746,LOW_RISK
0.36744985666308416,0.6554072546195248,0.7513841005568481,1017.1861507839424,263.6795084163116,24.027755204476534,55.36265730095992,51.2880952817968,0.032869001405343205,LOW_RISK
30.092053904364928,-37.566081478512245,48.13254809204916,921.9052866928226,810.0313092841262,61.144018202151074,96.46870409025546,1.5887965571062619,3.8198693849430865,HIGH_RISK
-23.272387817551092,44.13884735918813,49.89831541172717,880.5642785997101,913.9508603443475,74.54227937148349,92.48121349874667,3.751602390682981,4.828593856515594,HIGH_RISK
0.5702967765089448,-2.2570805610465032,2.328014405528989,1003.6243931568869,218.3311303733083,22.61435436812448,57.97033132640703,38.2312266264512,0.03993163033371504,LOW_RISK
19.16837807828245,-16.102406298706626,25.03426065935653,922.741066929167,764.0669514792147,70.29782246308004,95.16876855194204,1.101400503676921,4.630137873684742,HIGH_RISK
0.9444432628854184,0.48254670929402044,1.0605773915467664,1001.2253575859214,165.2796713603245,25.319205936234933,57.46434408444226,43.0672919205112,0.044271154933498105,LOW_RISK
-13.98123620971059,8.432268988690915,16.3272204079372,981.0409742635557,416.95768631679346,43.190917303397285,80.99080211655411,5.688415045609427,0.6652953849036971,MODERATE_RISK
33.876569162658406,-43.704781132478416,55.296743412883,915.8849852582811,879.0283065117756,57.14837493695816,97.05211779239248,1.895636907823492,5.240227654123757,HIGH_RISK
0.9155553981501973,-1.133617739239267,1.4571653529369661,1015.2516016500135,212.76489497054501,30.682017149084253,64.90608653037286,40.44677456408755,0.047703158118732276,LOW_RISK
13.806450182046117,5.590623086598974,14.895406443791142,978.7535969614447,564.6072872478455,44.310657781676966,84.8587245523144,11.991211252072436,0.9276324621411942,MODERATE_RISK
-32.43325565095516,37.578799723028474,49.63952317200176,933.0699164731343,872.2538745573181,74.40149618700664,92.28814666259389,2.2407883665407797,2.8236104268115128,HIGH_RISK
-7.68237528512223,6.8261428938172095,10.27692156378884,983.9649967020017,557.496120663559,41.04204518135003,85.02699032817232,11.049460163012855,0.9077216122410856,MODERATE_RISK
-1.0692686740157464,1.945491819841664,2.2199716030396024,1016.9556503367929,106.60195978146575,29.59868807551499,53.78898263069381,43.89109298141932,0.028666564699680847,LOW_RISK
13.577999767537374,-1.2260793298262453,13.633244229099402,969.4186674034255,588.03212679535,38.168628700821046,81.62616951585463,6.957363779357481,0.5740447016085858,MODERATE_RISK
3.471987850010263,-1.7813976285442692,3.9023168940517934,1010.3832787838302,214.47676865834072,23.046904630193822,66.03169458415277,36.8722798321897,0.08540307179329913,LOW_RISK
12.186463672435217,-4.836905596810384,13.111275780489054,962.2291543766888,627.2366645139422,39.77798338565249,83.7267058319112,8.984366303126068,1.1844789818939927,MODERATE_RISK
-5.048052277727197,-5.818372017933102,7.703004916117713,968.1792520197622,404.5427033981279,44.59490171087652,87.20000834749655,10.801315373352496,1.121650604806072,MODERATE_RISK
-8.231637011388361,-1.9077829575275285,8.449821518842347,975.415418405639,445.21655943331405,39.31851989643397,80.73312358653719,6.014466036173229,1.1428371165396638,MODERATE_RISK
-1.5888202828334275,0.03190736510409248,1.5891406391791691,1007.7256715814699,92.40735272575631,23.61079084416863,46.98705515948445,49.819627115277854,0.0047620148601139395,LOW_RISK
35.96944207832263,-38.70080284926854,52.83514838252807,884.4334052582772,847.2185131975858,56.21782817035598,91.3587234947193,2.157808743359649,3.79691552450022,HIGH_RISK
44.15541162842366,-39.75644984713719,59.416123068772045,939.4814939945111,785.6168438955824,58.059198372213444,96.82176877061369,1.685009799410678,4.768299250572273,HIGH_RISK
-1.2127404043397814,0.57290317834733,1.341252153802069,1008.8457052040674,263.2841089064133,20.610526724115733,57.39314325287439,40.62078796752445,0.009943422706358679,LOW_RISK
1.308685992420217,-0.5874728511326867,1.4344976045901423,1009.5180369661745,278.86606053714297,25.077376283247016,40.007230140554036,49.411432462996075,0.00738032647088556,LOW_RISK
1.993728795198647,0.4283311122864854,2.0392209420650884,1008.3812822140824,129.72097692266127,25.39125317237323,69.52965936442124,47.30021161930233,0.05628258745717435,LOW_RISK
1.0122292382499056,-2.8227735682464585,2.9987761917753764,1001.1168596046336,106.3373806872414,26.70128523332044,64.0574185850838,44.50845076272812,0.0901959582490647,LOW_RISK
9.483356482260335,3.3550326491214646,10.059338658495404,973.5972441444957,635.6541973239105,39.31770888597036,86.52350116683834,9.940854012059312,0.6123359021376584,MODERATE_RISK
43.598291723361896,27.099296639787344,51.334032761575976,886.7129507595736,823.5606148234797,73.41317962192983,96.13510061718783,4.392613172581012,3.035168787099055,HIGH_RISK
37.87258864937171,30.756182083712652,48.78806931382923,918.8946313079673,722.5708449043993,59.08458309144456,95.06346613737651,3.721484134908927,5.428431879300161,HIGH_RISK
-12.056556018456309,-1.9466361108964416,12.21269565552262,967.7765259538497,556.5272580337693,42.27431071160214,84.66756061307377,11.408971421348415,1.2605950768822356,MODERATE_RISK
-0.3121833755359128,0.5828679067964462,0.6612060622334519,1027.1611973103807,175.7056739839045,23.446612246795368,56.21658026166773,51.21702898593581,0.0028335293001155648,LOW_RISK
6.045626975107019,-0.44969156360347284,6.062328597537235,969.980080398188,453.4098469180017,43.77657996066007,87.32130073301164,8.127532412956615,0.6497264518805497,MODERATE_RISK
-9.547988300022922,2.0571488475359563,9.767084619183613,972.1879640459723,530.6461601873098,43.11508364765639,78.1462853920507,8.262943128504048,0.8309205702827178,MODERATE_RISK
0.6201523548355513,-0.7241152832730486,0.9533791935414193,1008.2552368822942,269.7961334094003,26.297360840059472,50.36881111108477,46.687410373632,0.1216860100828968,LOW_RISK
42.65599306545078,-43.331930850304246,60.80452265757321,886.1310662823652,859.9074712254003,64.22930692136421,92.99130972373813,0.7321222475344822,4.041496046545588,HIGH_RISK
0.9118447645748088,-1.1816756278623584,1.4925877408602777,1011.8454884360062,167.05245593131076,27.309454100426645,68.04466121331404,43.85997136595141,0.11928206008664344,LOW_RISK
33.94497320020493,-38.66875005031038,51.45418774031915,911.0082459515974,793.1323970190087,53.28125860094875,95.83353560594931,2.465053024324847,6.063885408995917,HIGH_RISK
44.56426197013297,28.455471216546954,52.87425921087095,899.9715737733727,815.3032439233134,74.41349731504401,96.79342428112362,1.098025239495188,3.1611617135978145,HIGH_RISK
31.091160711723774,29.481301387174256,42.84632313143846,927.3765690513156,808.1161328537679,72.34088185143874,96.14474846575197,3.546993987715541,3.0460363926198637,HIGH_RISK
-19.817606121693775,34.42785352839046,39.72423203747181,900.4100244147883,795.5721515505485,55.35125207019271,93.07296083417138,1.0905617114102357,3.94923683639171,HIGH_RISK
2.11402116027837,0.11527782443815232,2.11716188396445,1020.0112637694746,218.0645693801458,21.644429303897056,50.74657123729219,44.980979331646004,0.036780501099499915,LOW_RISK
29.527812883398383,32.52788781818381,43.93125561134507,911.7577744233779,745.5641534439106,61.67010112342935,98.14199203616282,1.7887776959051491,5.4257375374671755,HIGH_RISK
-7.6463573903599915,0.3951631738212893,7.656561583051323,971.8289716742603,610.2370906252079,46.74881967442144,79.86800841045036,9.322603144840722,0.6834375443448601,MODERATE_RISK
8.685236676998995,-1.065865724079151,8.75039461265921,973.4359072120719,631.4667591457439,38.28005319472459,86.75556654349606,7.590295612356023,1.2818245054089665,MODERATE_RISK
-1.3620361132818164,-0.4805209622914802,1.4443139440874229,1018.3333442416738,150.16382186700312,25.13885499501025,47.30401132200281,50.93072737021149,0.1340005222886623,LOW_RISK
-6.555106866942169,1.1510227606402776,6.655394761585848,991.2352921089181,458.01861116799364,45.616813559803184,84.97141350492399,7.022096460278176,0.7942625782431588,MODERATE_RISK
-12.289218082754815,2.2098295475577756,12.486321624672629,982.0325382809594,641.5389865496192,39.40695423860746,85.94626791026782,5.812980129625806,0.5604420041445392,MODERATE_RISK
43.149893357295554,-33.87366658016998,54.857438732869255,926.5651262625192,893.1062047513801,53.99312032406594,95.45487004589809,1.3839268933327231,5.788574665954679,HIGH_RISK
12.147464379538485,6.97130757330731,14.00571383878052,960.1262555359602,419.38466427755196,44.03601920221237,80.93527954167949,6.601094316611947,0.9536639034710059,MODERATE_RISK
-6.0607409781179316,0.1490534080146484,6.062573556030367,976.373413245651,385.3675753482657,43.95373366548893,84.45490539166353,8.939633945682022,0.8351840760583713,MODERATE_RISK
-9.062030526386875,-0.4565741249887387,9.073525069826877,957.2401775303811,536.973921740858,39.86683925914317,86.8034819585199,6.590338639907418,1.0497032204701524,MODERATE_RISK
-26.5114604850098,-30.01999920668156,40.05069149736865,939.496237900586,904.8888948531494,66.86099847244573,93.21965595910355,1.7409037117506374,1.792000531855129,HIGH_RISK
-39.8687705163202,23.176481851849363,46.115812619015024,925.8467890927345,947.2288519143096,74.49170108758234,93.73266441831669,2.2866319463236042,2.0692502645218247,HIGH_RISK
-7.107749830551317,-0.03086707659885546,7.107816854007989,969.6121516215261,598.0680924251906,43.203463368715745,85.23034430850795,5.810269632911915,0.6298261827049324,MODERATE_RISK
29.827077792228387,-16.26055773799079,33.97146313561098,893.7164999620246,879.6440078725922,64.12455556035458,97.93073148680313,0.7215541383122113,6.3705398155880815,HIGH_RISK
0.7790197713617584,-0.022964773759493337,0.779358187874068,1005.0150279345435,189.77456030851994,22.94086930034103,68.4269537897213,40.1664905464867,0.03120420748090075,LOW_RISK
-44.12394447818016,-25.02551527126409,50.7267078658353,943.060007568462,838.2704767589362,55.25898309698533,91.39408587768585,0.839054640898254,4.0459808068914835,HIGH_RISK
22.76988219898898,-33.750689967944766,40.713346812417214,924.3414941904679,920.5564025067782,68.76362750709661,95.44249245829646,1.5130835826698807,5.174898374599668,HIGH_RISK
-7.423433818746869,4.422054604496661,8.640713893334556,972.2038728009533,546.3987833687045,38.71650614231485,82.06327473046726,6.583846196068588,1.2566133577558238,MODERATE_RISK
-0.7065574584274842,1.4243312031619855,1.58995057104313,996.02325664103,100.68682297209668,29.28146064091972,41.43344094044216,43.82537864239513,0.03034328769861673,LOW_RISK
2.255097452650726,1.0876436802719958,2.5036839449474058,1012.2683285312343,178.591394331172,15.718737607078307,67.89611446881636,44.459305048042914,0.03296423378156056,LOW_RISK
13.832741496502974,3.523305673381015,14.274397366514433,977.9519536815884,429.0015237118486,46.79272641182909,82.28350283813151,6.446006953597201,1.1716755525388485,MODERATE_RISK
-9.589009533850492,6.132759457452591,11.382435697303537,984.3973548174711,437.98503798986746,39.19157045540465,87.90725055247606,11.379014430590136,1.3205970923217285,MODERATE_RISK
5.819106261942653,6.574264179714452,8.779689470161046,978.4562034465145,638.2821532971731,40.259783846551834,80.81338586045636,6.082624541335381,1.373994957528279,MODERATE_RISK
-40.35755387271544,33.80190260066356,52.643145555844924,931.8184271608922,924.0687764698134,56.21488488784843,98.09836808403367,2.549321021078332,5.045052907345015,HIGH_RISK
21.361300865788788,25.79634037001503,33.49263129651679,931.0192900392974,785.5044552263695,67.0538327350687,96.38321888132319,4.406602222633871,2.4842379122302365,HIGH_RISK
5.740098993595405,-0.1256456045537,5.741473963558368,970.2446555326464,627.7609615488617,47.982689762040685,83.46247967602889,6.281245019396001,0.7760065745192685,MODERATE_RISK
-0.7526355653768049,0.6450624707866044,0.9912446143547926,1003.4843005926867,207.082871372382,19.092300289872394,56.20651800335855,40.97100172557898,0.34069098626717664,LOW_RISK
-36.269254378180165,-40.36160842777386,54.26341537376805,903.3521453571639,793.4419998851495,53.48083443635966,95.25485687485731,2.2685229690815203,1.7393619416376491,HIGH_RISK
-3.976454712589518,1.2609300397568295,4.1715868259496345,1017.6683995014362,261.4083920830044,20.371533525146916,44.82953295062124,41.220246466540395,0.027023834301175602,LOW_RISK
5.706744673474155,1.4205329794156225,5.880888428956382,979.0503538585572,500.4106230091895,46.29523165500755,87.41821268964726,11.175535367988372,0.8151817327816715,MODERATE_RISK
0.14947704763146183,-0.09620751988948881,0.17776184813368895,1018.97305052353,267.7059566946261,24.650258684891277,60.75782089799776,44.47516146218188,0.01989016565736121,LOW_RISK
5.3380046276617055,-0.5475058968257334,5.366009328355359,974.5214107234724,497.0090761481454,47.54617371504054,80.0036030400345,6.965060313059394,0.5872175912100299,MODERATE_RISK
-5.300761952345535,2.819191509127669,6.003825283981171,990.5790543231835,506.08769255349,42.94911604776661,78.56947948698448,8.625079216669237,1.1654025763064007,MODERATE_RISK
0.7609110466609466,0.009633404716406724,0.7609720253840395,996.2054681615424,184.1087674609717,26.00526659295241,60.31902059006978,38.652673669935936,0.048425058386855103,LOW_RISK
34.33575407011081,41.323454509529284,53.72682663404072,933.8412059960285,945.7830144600941,53.836295421059205,92.93715759791401,2.6393123129604588,2.457331635464658,HIGH_RISK
-0.887357083253745,-0.013678494966305316,0.8874625031093635,1011.7844270502369,195.3762402622417,20.87217903162226,67.36622713747546,46.90389035682526,0.019237083206897446,LOW_RISK
-0.7886325325211416,-0.9085723845050075,1.2030981045766072,1012.8607811874364,206.4792512931017,24.357475521898024,56.55063903419385,49.04797217985943,0.1031108642889551,LOW_RISK
-11.94624921630411,1.8749543433830156,12.092490402221431,971.4071469569359,599.2244078514874,39.91975505859238,87.75398477605226,7.979693406074477,1.2374328361409228,MODERATE_RISK
6.222975351148348,7.520555755474059,9.761361641297484,959.7640218933184,405.5034038425542,42.452947723752104,78.26454505480424,6.29702493297335,1.0442388144986527,MODERATE_RISK
-1.4473851908701567,3.0843106949104833,3.407036300582873,1017.8264595337132,173.2363182255114,25.181965905323008,52.32449186702283,50.763240516308464,0.04067417673359789,LOW_RISK
2.284686115904486,2.3131649288518137,3.251234017458101,1003.197944845766,108.69389140360401,29.637524173202088,47.20454788066043,45.90035518847991,0.055944218593596017,LOW_RISK
10.315306919647265,2.257630089727768,10.559472073383544,973.7280061601756,429.5353485715891,47.43503535633239,78.3139962981274,8.446350201194779,1.208263714667777,MODERATE_RISK
-17.26755277216342,-17.338502082927562,24.470227486051943,888.1971487868924,802.1807268566713,74.507518384545,96.44193667613544,1.9302555147984193,4.858407023666351,HIGH_RISK
-18.710754962021376,-39.165805872151,43.405675906081974,907.3356589428033,933.2374576674862,60.010886599882326,93.29645284895325,2.0461690006912026,3.012194520284088,HIGH_RISK
-12.623108318501751,3.323135226152944,13.053202340878912,967.9804270170488,460.51327050075093,41.463993197628525,86.42588379433667,10.795996428755661,1.0471614654290406,MODERATE_RISK
10.841825664846933,-0.6526583605047311,10.861452328416783,980.9166804969313,616.6150705173418,43.384759766627056,86.17594546951545,6.525182061041123,0.6144073626713437,MODERATE_RISK
0.6931552113949061,0.2125753704598571,0.7250189205876371,1004.5633989689185,135.18453887610937,26.2740840191955,59.357129336599954,42.27406877636839,0.008225302653712659,LOW_RISK
1.3224596354241758,1.8938761551407732,2.309906140590358,997.8926147504187,95.85605692623835,21.13364843605874,61.39042875585223,47.990495775237335,0.04230564535241967,LOW_RISK
-5.872562533640433,6.762118574870707,8.956184362334708,987.7248333084876,480.32817704638444,39.68628210885095,78.06488083780526,7.252635073908394,0.6546345604711492,MODERATE_RISK
-0.5414492487286199,0.8800407022129121,1.0332661450469487,1005.116534971388,193.47818883121468,19.422019724562954,65.10590266679776,52.08205895850146,0.036191884980886255,LOW_RISK
17.04000850942732,-39.252068993926834,42.79120015032703,893.082134146958,964.3061898028903,53.65558455229786,97.43887132372572,4.276591201697919,2.856667679850551,HIGH_RISK
44.44655213751662,39.89057134669103,59.72230470501311,900.3396875925893,872.964498560236,68.49572603757208,95.15671422667405,3.6176934565902914,3.058342910049773,HIGH_RISK
5.288571653850874,3.9865384599195814,6.622799938872754,998.056368373672,468.0390356283233,44.77190093976785,80.70002481121195,7.008835913670189,1.1808354641899248,MODERATE_RISK
20.79108486642963,-44.99702931027695,49.56815365406505,907.8949127958733,938.9040439670463,64.23528609792122,91.14153538496919,3.2291296184084413,4.88769436694446,HIGH_RISK
-30.01619031396376,42.65687407729928,52.159185068506,904.485838157035,914.9883262870603,56.18755508239457,93.38352366983231,4.472704872501952,6.235613856974085,HIGH_RISK
5.20799601621013,4.774824450144742,7.065562329677704,985.2706042687302,450.86320180592037,43.46594263497245,86.64476903617827,8.385568723070232,1.3909308281786554,MODERATE_RISK
1.7142342217725308,0.30164857007245127,1.740571982689262,992.7513307296375,269.3512489384482,30.301728436380316,40.659454444288684,38.659315975123434,0.26200587848391427,LOW_RISK
13.009379503010882,10.033892043926798,16.429331836764913,959.8542649094144,504.9642774436781,38.1060742337032,81.90289100839334,11.783372333584405,0.6520496823064265,MODERATE_RISK
22.98449840789194,-39.333536182220854,45.556714495894724,885.6592057153429,740.6186434358805,71.09560114331937,92.40822522230181,4.001046430631991,2.428065331904036,HIGH_RISK
0.99319601178157,-0.22870475457081585,1.0191880015885753,1007.8294827813147,229.41565342580577,29.215943084731506,69.40016389590451,42.64898330607345,0.15093013932573957,LOW_RISK
-31.11756816010016,36.11343015103994,47.67056623822,883.087124604351,799.1058536865381,71.71366667329944,97.46471669123518,1.2681990655841506,2.9935322263729063,HIGH_RISK
-37.866023187782474,44.442309611037174,58.38625348162842,928.8967652207987,819.4691635120578,74.16718643267384,94.37425187748343,2.6500777050722815,3.650256940459906,HIGH_RISK
-42.33508753545064,28.21091793536394,50.873524817827466,907.1012310576189,754.8616169714923,54.21273205823967,95.48726022456297,3.7647642510372266,5.68454356242362,HIGH_RISK
-24.49506419730872,-37.63281087479784,44.90252358574714,895.2925134600359,961.5113549304347,60.04529950827184,92.48897795623004,4.4902855214661415,2.17183866527582,HIGH_RISK
-5.256680223547834,-3.9295871479830753,6.563104610337448,979.0609401884867,407.4244787840585,44.54168311991932,86.0871539688544,6.0942075692443645,0.9915391320864768,MODERATE_RISK
7.39990572919254,4.68407121967108,8.757803833832286,977.8313082231953,586.6450383583065,40.08494474954261,87.33616519230367,10.028638402294684,0.557993862997423,MODERATE_RISK
40.810510044256695,-25.165288547490626,47.945693005220384,920.1699173523043,964.6432237925817,62.131123980812596,92.7605417180389,2.565778186365216,6.2919543564067855,HIGH_RISK
-0.0313523909462222,0.8047647653556054,0.8053752541367951,1029.2153399182716,273.06054472607997,24.546077416471434,59.92036684202807,51.355326630035165,0.04640273447876301,LOW_RISK
9.103243433199024,4.494103195303435,10.152142854300156,970.784176885597,484.9746821195787,43.265156165216304,81.26023452277985,10.015044868363098,1.1197395686079457,MODERATE_RISK
6.813153462138444,9.051918610149595,11.329443526644265,988.1600741971849,647.4257476566256,43.79832741266864,82.79325277771515,5.709198620900114,0.6489677620444186,MODERATE_RISK
24.389675474816283,-42.23599601198275,48.772283408623366,880.177368393346,850.8304588705311,65.3351046474257,95.34294511982571,4.479576773186983,2.4471813099838693,HIGH_RISK
-3.316702963511828,-0.05346222344622535,3.3171338166411006,1004.3542637938067,247.8293216141505,29.781922603301915,63.824036851968174,43.89943134372586,0.14137242628405808,LOW_RISK
11.85864488095753,-1.3202819805169477,11.931915308144708,985.2771874877953,619.876560388906,43.43540237730571,84.04361474961205,8.980988405681767,0.8225620148244349,MODERATE_RISK
18.172058037793516,18.32641825795455,25.808550898770466,941.3698091001331,817.2413518370552,65.18458129150413,91.86113937466772,1.8117546361439523,5.699522633853123,HIGH_RISK
-24.443514474384315,-16.000310935768752,29.21464273101276,902.6225313224,748.531736275237,74.13910050968555,92.51583696076413,3.8279105949953487,5.189073173376772,HIGH_RISK
-5.756015430685631,1.795056657871234,6.029423027393163,965.9907888144585,402.8850577843369,43.38143430081455,81.34446186878324,9.485199373711334,1.0683832187683944,MODERATE_RISK
-11.795845705683318,3.93013483928474,12.43333968679563,1000.7275238924448,507.6308626317981,39.589650940226306,86.34238429640641,11.81139637619966,0.8956953791335315,MODERATE_RISK
0.5736146192760759,0.13926735171167207,0.5902788550338053,1003.9077635898565,228.39554590279718,22.84277994214692,54.49198735579908,46.65735448165448,0.10209286743763113,LOW_RISK
33.493768054988884,-16.91524136967302,37.522764944972955,902.1251361440515,762.1155610017543,62.25517886404138,97.280435472204,3.458443549603072,1.8881660007721413,HIGH_RISK
0.196110865929137,1.854139762815656,1.8644821618319585,1012.5978186151868,215.29674990412087,26.79454305805811,62.34252194889767,42.043609953151474,0.1935436263257567,LOW_RISK
1.641287277706423,1.2791605126833292,2.0808833569350393,1009.4140562608061,189.38577519709537,17.20175312898253,62.226496201659565,43.20877811046246,0.07260126307273232,LOW_RISK
5.800365704795214,2.543423606265162,6.333501871024541,986.3645557432485,507.01670686907516,45.89143951292912,79.95775111413136,8.449946228170372,1.1870760327986045,MODERATE_RISK
-0.22767764255337497,-2.754308059654945,2.7637022264344706,1019.5171240742608,249.88928124514712,23.21622514455536,41.12585972595409,33.882129160314015,0.02666582481957946,LOW_RISK
-37.99215070705327,21.74194932515094,43.773460861632586,920.6667344558721,919.8910306219364,74.85505469292464,91.47729778664484,3.7849208506770604,2.363336934902895,HIGH_RISK
-1.2434925163831085,-1.0021356804645731,1.5970440070207799,1021.6655809417833,189.62904054560443,29.558222144101876,50.703114710477536,41.822294505922216,0.02577599392457041,LOW_RISK
5.961950375783283,5.691910260561723,8.2427358745498,970.5909781138914,511.1142458591487,46.18832899214118,78.33285549263456,8.776618245394179,0.7621063954081377,MODERATE_RISK
-10.122274134088414,1.8003590678353518,10.281134490841579,972.7633342819655,465.10056834157024,39.758578813161925,87.09568943344587,9.673088300389068,0.5968208324424764,MODERATE_RISK
2.0343600428562345,-1.6795048419392158,2.6380593810730057,1008.5879307391074,215.1645850208147,20.571372732790195,62.68930290940882,48.53516179805393,0.02211365517293908,LOW_RISK
37.55117880537945,39.64667101373978,54.60722985233084,930.3564735707274,722.8741436612224,60.90227448984799,96.49129874992931,4.145128688813891,3.3983085364413306,HIGH_RISK
1.2307232717960461,0.8194263720055494,1.478559890866292,1014.3800571206997,148.81832356988843,28.44574610253122,56.22296893901628,43.096182980690976,0.2104140564467649,LOW_RISK
12.818815074829285,6.2981191609197245,14.282448140561012,979.9811199564455,396.3491091851404,40.73695515966349,84.40891664837207,10.042866717311929,1.2945967759806658,MODERATE_RISK
8.188391491948632,3.3459991552836037,8.84564670177231,961.0801671320293,578.4812727069069,38.57683284583544,78.44772372518095,11.02247271232202,1.0221754129231793,MODERATE_RISK
-9.876921559485979,-1.954116031463602,10.068373699692618,978.1206213172674,648.0599048089955,42.57299797996898,84.40971324122137,10.976068835856827,1.3880980376470018,MODERATE_RISK
-1.0955499475757051,-0.8362376775117504,1.3782318893870422,1007.77296139392,96.24592696133453,22.929229708523142,50.505595729958834,46.476162875203016,0.027046973191369134,LOW_RISK
0.8444538550358562,-0.005061686116428077,0.8444690248619308,1008.352106123938,96.03735136242265,23.27876272018143,52.60748805422626,47.26378176038347,0.10547728930506542,LOW_RISK
-23.591897352827353,44.80250115321387,50.63439276114677,895.9836977666123,912.24735124347,74.52678410413459,95.06088306620141,1.607443726186259,2.482912964724514,HIGH_RISK
5.167136468885889,-1.5185747022049627,5.385663228820331,977.1833875044216,505.42538515159316,44.1349277185198,82.01745205424979,7.542088183147763,1.3103647867085604,MODERATE_RISK
8.850825633676921,1.3783102698889613,8.957502642915259,986.9717853146192,539.0405139642519,43.90093399488008,81.72809989203205,9.301924751766816,1.0462508715543835,MODERATE_RISK
31.16009879056299,35.89999402990986,47.536946977958195,932.4128134273532,953.7102960041577,52.482539881180465,94.65004880913578,4.138222143101366,2.5331043706098333,HIGH_RISK
12.631745239813313,-7.417931690786409,14.648778050496894,979.7001366124666,503.6355398804732,47.24237700814133,78.4051952543967,6.073836240801957,0.7418010061650449,MODERATE_RISK
2.325750739221115,-1.7155893109809925,2.8900455333679087,1028.483092716584,230.36502919133622,26.425011154824332,41.13353519787039,44.588731501642734,0.06624894515156243,LOW_RISK
-6.374753885008549,-0.06392395739631818,6.3750743812728015,957.6750540503267,554.581266626667,44.083090281035595,83.3777077779461,11.282409068308565,0.5689426175223892,MODERATE_RISK
3.2297736862673343,2.206755491240413,3.9116758381318615,1022.1891905272197,196.5428898689363,23.92541698676103,48.0658463493702,47.46441985925935,0.05962802871135489,LOW_RISK
-7.042106905194274,1.1078972749343912,7.128724011770404,967.8214678564597,439.84923763359484,41.54567821116151,85.67506695395365,9.534140188784937,0.6680248677152709,MODERATE_RISK
-40.96126836306328,40.35726311522496,57.502471182223,909.1921786562414,896.8915699594918,52.707959130331034,98.32361094892079,1.436636580225433,6.358408345546881,HIGH_RISK
6.8749425217403575,3.323468113625405,7.6361164854602945,983.8780393557885,617.757259642661,40.47467729501337,81.02191026928053,10.905044653728178,1.1425023223953017,MODERATE_RISK
-5.667431951966277,2.5572785229182395,6.217673067470433,962.5749916308062,600.4273861176241,41.051583305372894,87.42457838533296,6.722316895454906,0.5741118461712077,MODERATE_RISK
17.854917002406452,23.03211656323694,29.142348130261507,884.4872370918483,837.8126057949373,71.02204629628508,91.24520472565786,1.8475782607162317,2.049584250346644,HIGH_RISK
-2.0275269084245005,1.0168129792963614,2.2682094257918415,1025.834157801719,257.23425881119863,28.06497190016204,67.97511859292148,44.96155502139315,0.09689707063935762,LOW_RISK
-0.3518807000627204,0.519732713846989,0.6276480868443609,1019.7931172642002,155.808097076607,24.351504098080568,54.66852779315356,51.66942872750286,0.018538133550587196,LOW_RISK
-11.346018319750954,4.808121294669306,12.322749778210085,977.3328504108787,641.6034636207903,42.00145467284559,81.92937305027807,7.453751202351144,0.8175254083393151,MODERATE_RISK
0.4287980860873575,1.548819306512486,1.607080907377721,1006.5413136124222,214.20259610658195,27.813760532555577,52.81337339258002,38.273322562923795,0.12558143725542903,LOW_RISK
-0.46166735242950124,2.5987724992276378,2.639461166041495,1008.9673193038702,131.32944143721915,25.5052567979328,62.460165257529724,48.46608800829352,0.022858530749028504,LOW_RISK
-17.523050133948182,-39.650137931040476,43.349633492653616,940.0138024353586,953.7376745735444,53.98183394823255,96.55737686783243,1.244200131234798,1.9625218454494235,HIGH_RISK
-1.3564749376566128,-1.6794261499335168,2.158818299341338,1004.2028925173927,106.43593155077434,29.511635973014275,48.169461915432485,41.40967608190868,0.011507307888955888,LOW_RISK
1.2347558759428718,-1.4326838690240296,1.891350084393979,1014.7750847301202,278.5029240323943,21.397638589855752,51.36867729437523,43.00267254763573,0.08257443170993886,LOW_RISK
1.071000741138138,1.4111567819823239,1.7715546988036097,1025.5174696103707,170.01172788524505,25.346790797657587,45.219321985654105,39.78864205976376,0.12162491531825904,LOW_RISK
11.050107348205447,0.9102923962765137,11.087538259396576,963.4300354433564,584.9263389197404,43.33326842752936,86.96751364613064,8.96939658385961,0.6385648946939836,MODERATE_RISK
-12.498885112192362,6.929314420858656,14.291169559938178,969.7351764520507,429.3796657420692,41.93663414055641,85.31772025086987,10.007267713647376,0.9213655064258903,MODERATE_RISK
2.821735604160885,0.7450488348547826,2.918439580684799,1009.605683791809,265.76159213757705,25.447196632813554,67.34730661789158,38.949197485095574,0.0383849920092546,LOW_RISK
-7.343576228705645,9.36726243754643,11.902676900625291,993.0152840783219,454.7634562300532,39.98552403537093,86.25853434338964,9.478006094119642,0.764524937201509,MODERATE_RISK
38.522841017395436,40.4603869412567,55.86637800580721,934.6264326116415,776.0881075210584,71.70044807584227,94.48672882921609,3.3103657277274228,3.9276847729748945,HIGH_RISK
24.590084137037692,-23.76542998254051,34.19748382734654,928.8192044036081,940.9432416724599,72.73849798022066,94.05216441751456,4.24373508498131,3.3105592852440617,HIGH_RISK
44.741376553448866,-18.096587743673368,48.262586584868956,944.0623509437825,824.1052316746096,59.58169295953764,91.05754364806288,4.089690284913383,4.87074568615753,HIGH_RISK
9.242312991556979,0.6568855290383118,9.26562723360717,988.636072951997,590.5012761560394,42.01645177212042,78.56715138282226,6.913492233425318,1.255872203059627,MODERATE_RISK
-1.8669820549671257,2.437017687704341,3.0699637137518554,995.6054715432075,190.94636065647086,19.56992984063226,41.89760226696039,38.94919528292921,0.06882292262244805,LOW_RISK
26.83658335180936,-17.635710407440367,32.11262193552111,922.3018142118052,782.3588546050313,74.71777977204815,95.53921265538963,1.5877632112520068,4.5079135219357465,HIGH_RISK
0.5196723142454636,-3.230085170405572,3.2716218489102973,1026.5417613258242,107.09190735893816,21.909725004975037,50.996535621376786,53.610775489040975,0.22319928819832657,LOW_RISK
12.390134940366618,0.8515619805506285,12.419363979174337,962.4864381776072,531.1903197293776,44.974990360370946,80.40038418764149,11.616628847532022,1.2516135470088836,MODERATE_RISK
-26.344619038510814,40.33529754801857,48.17650029393438,927.7149345200859,976.2290305619422,62.60765685903913,94.07534565383814,2.2760665216907228,4.68849194004496,HIGH_RISK
-1.467559166422548,-0.5239751941772962,1.5582939103596534,1026.730114229668,141.28308987020728,21.408679734297483,49.38533884017004,37.79509182737541,0.05824399862981154,LOW_RISK
-11.548340089742691,3.217968806720579,11.988306055043177,972.2972963232539,446.6674536793734,42.716528013283884,78.44295430996992,11.828449717204542,0.5139499250212889,MODERATE_RISK
-11.243671688284957,7.591377228125993,13.566471953077949,980.0254624645418,585.8027917519321,42.113226968232695,81.8117500096518,10.335272936771023,0.8868611693357151,MODERATE_RISK
24.860921616517906,27.24850539669591,36.88558620893009,911.2730615190314,757.9224453097112,64.71200084154407,94.04668704146248,3.649702957352733,1.9467909836874968,HIGH_RISK
-2.1371222793201854,3.2134055379177955,3.85917954854234,1002.7794368070471,96.93766837506136,26.680766171579968,40.63449470048249,46.91326775738746,0.11538194595535432,LOW_RISK
16.592183465141012,18.894166759976383,25.145379092284436,903.7133677441385,730.9371202759442,67.73476622623521,97.1976549441245,3.2084638871263715,1.9623417429758403,HIGH_RISK
-1.786955245803973,1.4726482304873914,2.315578083603311,1023.5031503600302,194.78997321380209,27.150519611799517,43.17415074569543,45.679297120408286,0.044200287745361035,LOW_RISK
-2.273616172495848,1.2162124097396732,2.5784691437826925,1017.1210132095043,245.7417967636013,24.082470672578133,59.47461894492618,31.9093340065386,0.05175275211368706,LOW_RISK
0.04311723440222623,1.759686956379962,1.7602151233176786,1008.69133657409,163.02913079854915,24.669139904414028,59.814091640932936,45.64684003351909,0.05426413048822161,LOW_RISK
-37.2371309141158,39.547140845757895,54.319243991326054,886.2927836786843,918.4956728497767,64.29092317857264,94.34907084838383,1.0451563102474797,6.359880350518102,HIGH_RISK
15.543283118638666,-18.74171310156774,24.34841802022533,882.2946465434145,759.8404032609989,64.23533339248101,97.9649885072905,4.453905091178711,6.058269776834019,HIGH_RISK
-1.9567042507572798,0.5995319276289623,2.0464921346484837,1009.2262018355892,130.17581997814005,22.556569440779736,41.56998571901988,47.3950157169638,0.054785670868463615,LOW_RISK
-33.251057720887076,-43.43588314904882,54.70199982172121,943.357901571738,843.773310421926,69.17700964142917,94.6632142838251,1.5809166928302951,6.001762087307132,HIGH_RISK
-1.4240983332479145,0.7668038992874711,1.6174190189069617,1012.6584194751329,212.60544074462948,17.715655722822014,54.4667569101198,42.54219030490535,0.02727954151485531,LOW_RISK
-1.0501812224087599,0.3588702961667243,1.1098056088210897,1012.7364945831321,80.0454076436511,27.370121229271046,40.93204390733369,48.317728092492175,0.0036626955005391376,LOW_RISK
-44.721717316613336,20.731064332802305,49.293093107633865,904.5017442258153,734.2906559584495,70.212592843368,94.37807408789662,2.134903713105059,4.345248150132486,HIGH_RISK
35.55483601842559,-21.006479912535053,41.29671370233802,922.1614289939888,945.2062596277136,72.1816938424509,97.7441148387597,3.9302348254508117,3.406602617551836,HIGH_RISK
1.6481652779807852,1.2266494488004307,2.0545358730827457,1027.6116908472986,97.97537034723213,25.289115861537155,64.8283078404746,51.962279707415334,0.07013834985285278,LOW_RISK
0.5567188100569632,1.1491204175770355,1.2768764887661068,1021.4210663634352,236.88109464255945,18.35566633773131,43.05541795427148,47.75982129665914,0.02544769384764248,LOW_RISK
-5.079333499650254,5.96284338649634,7.832951554334575,982.6379977236326,574.202496606126,46.38175920685738,83.02294408693784,10.214518741014553,1.2169404108485393,MODERATE_RISK
5.409378873250471,-4.802508998605512,7.233634803890466,964.2630715380253,512.4240717925218,43.076838246350846,80.97719848058517,9.317805102396932,0.695986356694116,MODERATE_RISK
1.9164973436826374,0.042271736053692374,1.9169634759200809,1018.1037844730895,258.0768641710532,29.93900765617918,68.06569068276572,36.91099693092332,0.10143931420258671,LOW_RISK
0.8824758097268648,0.7619869903688155,1.1659278400674764,1011.237688911644,88.99936424708487,25.45256182821209,57.07690636274344,42.409654902624716,0.09286175571585777,LOW_RISK
0.8896518869525756,0.18956936931961774,0.9096246620131382,1015.9208797325483,177.6355350621628,21.619384166295365,48.413651942801664,41.99807153564447,0.009094107851971133,LOW_RISK
0.8206460717550569,1.6288433487473672,1.8238943581922566,1017.5260451878444,192.78391335112474,27.381963590557028,46.280451981522965,40.9129593279283,0.01754742568078746,LOW_RISK
-36.38259006179794,-24.96809156239635,44.125938583479964,940.4303374132539,918.2948302339041,60.55437747725564,93.17565691928263,3.922518464636303,4.434013112807238,HIGH_RISK
-2.1099916452723333,1.5015691388507117,2.5897441228561395,1011.614230232111,84.02756978985796,23.786599730091464,43.92643415660728,44.4695468232929,0.005893838862478422,LOW_RISK
-30.090884423901016,-19.82715851890501,36.03578138942399,904.0963816369712,880.698896727632,74.86365917513447,95.20872670227008,1.5906210526137134,4.246068532670478,HIGH_RISK
10.012568824977578,6.75085353655382,12.075825352617274,963.1691448475024,494.21390048527593,45.087042892136466,83.52634581829194,8.900917129787398,0.8999465239742503,MODERATE_RISK
0.9682262717116131,-1.790887509598583,2.0358634986827546,1009.6498971360335,163.79395475590488,27.040629875660734,56.39844818991013,43.77985823914433,0.0034605375278433615,LOW_RISK
9.581031009343564,-5.0328355066217405,10.822457596993182,971.8169898589566,406.25863828099375,38.331876302250016,81.38744494243672,6.674184265960517,0.6549696748001864,MODERATE_RISK
-39.02660311437538,-41.86084628557755,57.23116460803263,883.1415890862844,920.5122675495247,71.33125980199975,95.6976170390145,4.080523879261851,3.707057825655077,HIGH_RISK
-13.857484635348934,0.5467519664458198,13.868266587131362,970.1336881181073,489.4907119049547,40.65149002217011,87.1682329202342,9.712766499635425,1.2506380411340032,MODERATE_RISK
-25.190290156370065,-20.25932731543919,32.326321495589546,913.870180246761,748.1143128082375,70.19633420746766,92.87868839318027,1.4780496607761848,5.533960624242579,HIGH_RISK
0.19215662236618392,0.8903350834212929,0.9108351817370587,997.9519601966418,126.95088434499425,22.33831080748216,47.94901184666329,46.40022671348702,0.09856894800532624,LOW_RISK
-2.8699203669866966,-1.0337817271343517,3.05043399735217,1005.730775191129,195.52635086888452,18.59891558198516,50.69676763530666,46.955639384663634,0.03053073272068724,LOW_RISK
-1.0963950599128787,1.1694907984040097,1.6030567223130356,1008.5730581547424,257.27607239202837,23.86712784421907,49.3010207203735,49.50864348570137,0.03196858278136628,LOW_RISK
1.8836341883602812,-2.3717860530482002,3.0287698554022975,1020.5731222044813,147.84813223476726,23.889822974737793,65.67775568773894,49.53272078554982,0.06272804631150074,LOW_RISK
20.76292935604058,21.434816231681474,29.84209413445858,920.3220261640299,807.3936497273027,68.04243123663721,92.44922085843977,0.7182124595180319,1.8200113583788455,HIGH_RISK
-0.8651569958524992,-0.12402102876404887,0.8740010543747726,1012.2463659199768,224.41321284075707,21.103512615134527,66.45126908915753,44.52444176149617,0.019291548778559566,LOW_RISK
-34.06953213476817,37.637915956733764,50.7675658018794,941.4489183627802,754.0674115111977,68.60238324437051,92.59704518938537,4.291150059151814,1.7979060554712296,HIGH_RISK
0.7716582510881236,-0.376249524682571,0.8584987835147131,1004.0638936899791,197.1175367745225,18.737407873577617,67.7397582874674,47.431549966751106,0.017500520319816346,LOW_RISK
33.574546547229815,-32.53324392421908,46.75106561443107,934.32979661643,795.2191224470539,68.94873155994928,92.7551736845086,2.2889628329140366,4.065671805656417,HIGH_RISK
23.88906135357852,43.310612599401495,49.462070479211384,939.3162551721128,735.8687668290419,66.54601840762668,91.08242718762992,3.316332143602519,1.6466644425083852,HIGH_RISK
-27.274362656221115,31.850801245544243,41.932855832702735,897.1316527970587,780.3216123332699,54.10131995810416,92.54264932570673,3.428248388277364,2.5864408095650133,HIGH_RISK
-11.769394030318994,2.901026727934398,12.121657968986673,977.0394385751599,490.94297434778775,46.350299612668465,80.91078881375647,5.843091778351993,1.1371028276281399,MODERATE_RISK
-10.311047801100237,6.808996013444684,12.356380273675606,965.3495441942382,473.985797827126,46.81189236894309,83.05335320977143,7.561077117281816,1.298240536738283,MODERATE_RISK
-12.514725945330671,-2.3947174937375397,12.741783131161244,992.6991306765559,410.5695754820313,40.590982053821115,84.57471368856153,10.642057189932196,0.9157273640695736,MODERATE_RISK
-3.1858435864647103,3.2359623198982552,4.54104079404927,1016.0003030523991,106.64198482732573,18.828787127028402,41.90804309133392,41.41713255787948,0.1606305603171696,LOW_RISK
34.320696499066436,-32.57907536099687,47.32130978278755,900.6911388486574,779.4326352632523,59.13566776781504,96.78999722107434,0.8572780847350492,4.754321073539611,HIGH_RISK
-17.065726128226245,35.50742499974129,39.3956373015576,900.9210206653439,883.861920847602,57.31603279438887,94.39597099621734,1.7958677313221605,5.197938355991746,HIGH_RISK
13.203086031093553,0.4460803729140763,13.2106195329196,977.2399496890105,540.1800569473519,43.79983320452084,81.93480550588626,8.563416385466558,1.2838285947649086,MODERATE_RISK
-28.99840868406377,32.82038102724252,43.79594863661895,885.3185549849879,844.0400646053955,55.42925157279608,94.78062347910029,2.5527742187798474,1.8868055224493459,HIGH_RISK
1.751673092489711,-1.3169738801348416,2.1915243151536985,1028.2177214029743,188.22276497576894,28.76472746567988,55.05097498019275,41.190876641705756,0.0007798167883569438,LOW_RISK
1.0293902855617703,0.9506653213981477,1.4012169401338204,1019.2035357719994,214.6184261822434,25.090523410707476,68.99772310669951,46.48731026558908,0.05313068869574789,LOW_RISK
-12.870547655342694,0.5762603316521171,12.883441811809574,981.0694260838663,523.072777467352,41.119715424324205,86.98259083674824,8.629708910571063,0.8796725531307472,MODERATE_RISK
-20.583016858177245,-39.974771101684325,44.96268350105524,929.9178872730135,723.1144592622427,55.66680275843095,95.1794505044,1.1758770220792782,2.741139005516879,HIGH_RISK
-0.7042115789024281,1.5743290729790027,1.7246524223411444,1018.5239653474592,218.40225118933094,24.342659176458437,49.212632300807456,38.259114772862546,0.1417719293641028,LOW_RISK
-11.350362107988428,2.132093228772133,11.548876201545998,971.9565512894604,568.7259792071111,41.645009645487924,85.21923969928933,10.741569406677389,0.9243827488204203,MODERATE_RISK
1.0229294569424459,-1.5976704946130589,1.8970861032746256,1019.961524003757,108.65629174052822,24.74944169069106,40.83523153787759,41.31310048251021,0.013544683358030054,LOW_RISK
1.029077189997659,-1.6548125485825247,1.9486930065866375,1012.7524718640055,117.98722729151218,27.23334569284682,46.53099396571697,38.91298103251524,0.014921080007798734,LOW_RISK
13.322727282779255,1.4970148100169096,13.406569866775046,979.4841324947911,495.5945736917383,45.6519020298103,87.83016430706148,8.055650705319403,1.0649813695354369,MODERATE_RISK
0.6060762852218076,-1.5598588906882962,1.6734659310447846,1026.3913836260476,141.6936562978968,17.367991451506768,58.77523584947127,45.100532334345495,0.15653377901169588,LOW_RISK
-36.4981882669515,21.924351940798473,42.57692984227292,905.2450279020381,769.6435639311991,53.78905960461076,97.23544486242675,2.1835940899028774,2.9743400030479954,HIGH_RISK
-2.4112248518418413,-0.22508338054879007,2.421707623628208,1014.6367333149633,100.04911274457532,27.686124686916212,52.067812410506264,49.28368710735229,0.10200497815489795,LOW_RISK
-1.3640811821921084,1.7805454583405702,2.2430023630901177,1019.5268343031842,133.18569012642376,22.052919456209512,48.91642341535288,36.267666372104834,0.13018443799928417,LOW_RISK
-15.52894226802074,32.96609931680524,36.440523488679304,899.0047073264922,745.7251337331361,58.387422747927005,92.9263944795051,4.089845122279916,1.6678534139812715,HIGH_RISK
29.99071808658361,21.067826330520386,36.65100923087796,921.3230582394622,803.3273056889942,74.1210921290969,95.00595686562023,3.92435738556083,3.5291212439824844,HIGH_RISK
13.863844095022419,0.7584127849761237,13.884572843393606,986.5234863896193,518.9871910003696,38.41603233355321,87.07725343129343,9.578396463810124,1.3641695870089325,MODERATE_RISK
23.13335285806289,21.91261996069874,31.86400677877249,891.3208992598729,899.4682783882043,56.50508378307964,96.96865013465062,2.1370909145847365,4.21664365772847,HIGH_RISK
-17.942830987229442,-44.013468521140844,47.53031238165532,895.7776159092351,860.054849995222,74.7603904233319,93.0310307151206,2.178408083736516,5.335345419187027,HIGH_RISK
5.315584541168469,3.0762107720628284,6.141539849945174,947.5957357796507,384.2247758443578,44.543933648305746,85.45751329984277,10.71709774040022,1.1944766634757715,MODERATE_RISK
0.4523210135004187,0.5474415036993381,0.7101313253382352,1009.1442914682273,149.161219682085,21.229767976832495,46.30353327820644,37.52981103355125,0.038498762652064956,LOW_RISK
12.085932537116557,-4.180225629625741,12.788434290651557,980.0112927606458,633.1741675830569,45.38559498115795,84.47659585640295,7.998786764937989,1.1455950083367825,MODERATE_RISK
12.389994749673644,-0.08252242624919592,12.390269563160219,963.8354914481595,505.87136214199415,40.00266154717996,83.02843710643135,10.78096367762023,1.2267604366746339,MODERATE_RISK
36.91308883061074,-27.868979270602914,46.252093278054495,913.5167213810508,804.8572933827782,66.81417794903227,95.62017030329955,4.1037379821171225,2.773534479254942,HIGH_RISK
-18.746499397219385,-21.469894794522418,28.502414321208082,906.5997936154663,953.4670892793316,70.16163381089027,92.8329173420534,1.6639580602096808,4.166015451740156,HIGH_RISK
-25.76485820743151,37.78742250045218,45.73529509773311,922.409779651717,864.428309080898,54.130636479819536,91.82810615213346,3.1941250395966247,3.12915778964757,HIGH_RISK
9.103515671917952,3.251288947067386,9.666689061213168,964.0285613022953,640.2674248548376,42.31651762593961,83.44873284285735,8.971014987358746,1.2581877219354023,MODERATE_RISK
24.45536086547667,-44.37700781490587,50.669354620568285,929.5734080651968,891.369832893938,54.45952946040211,95.788047745925,2.101815234726979,3.29628653450754,HIGH_RISK
-0.5140313911205232,-0.5876372235657328,0.7807341273297481,1015.3335381066685,213.84380598497333,29.75438729234803,47.143745297619965,51.66275733832564,0.023384178817319856,LOW_RISK
5.797696772746227,5.567362318379251,8.037960627722757,976.9145071595735,383.139182347049,46.09281264371433,80.76410541093675,10.049736182639942,1.3490846296252548,MODERATE_RISK
-20.407009554553834,43.942126788059035,48.44952575224557,935.9032421802541,838.5400511620976,60.34287781898972,91.78375272316053,3.1195069553255403,6.069791211322169,HIGH_RISK
-0.716486170147675,-4.3820257252419115,4.440214171489342,1009.5915867593056,89.11703158973376,21.894003438027998,49.61702758049497,49.35762193043967,0.08811370969586824,LOW_RISK
7.400330875734928,3.0271330292988914,7.995525714262194,981.8849597456157,587.4268999645054,42.72077834680013,80.26460603758055,9.716767635895089,0.7570928026245944,MODERATE_RISK
0.8859822460384639,-0.7107590206063742,1.135844586934627,1010.1698255062971,153.8272387618409,27.771076127395443,64.58194692899478,41.50869075624304,0.05169226631080807,LOW_RISK
-9.929659185222231,1.4813077918855972,10.039542036814687,968.4625797019303,561.9126744898919,39.91293174202107,83.06711763932799,8.648392983727277,0.8288832922720224,MODERATE_RISK
5.256116526595302,-3.405161610793738,6.262737942527346,966.6562638770488,625.571901027829,38.61975035989519,80.57081821851368,8.752726722928031,1.1115026022349381,MODERATE_RISK
15.967211099896634,-42.9413915781286,45.813916455317774,944.8376627262778,721.799224852055,71.7652220058784,92.46078999622833,0.8585307124397148,2.4211541682876954,HIGH_RISK
0.977086876958697,1.3423865654166618,1.6603314296055596,1009.6332773373354,131.9656275880599,24.875186044243666,45.848283069104795,55.49110737273374,0.09104278018227359,LOW_RISK
44.7219730912733,-40.688889263969145,60.46189367454609,928.4393082349487,784.2373278102943,69.6359037642646,92.84023063903248,3.975236286525798,5.717141599783375,HIGH_RISK
-27.585022206340156,-44.07005622426459,51.991377224825676,888.0110076962688,778.1556555076779,65.5099579124929,97.71827228493912,2.0604659091770725,6.065053279964927,HIGH_RISK
1.4074257089639965,2.851786028629511,3.1801777748011646,1014.72067613058,261.85053888739844,23.161372910908014,51.78517229444207,43.70530601710805,0.26086022905033057,LOW_RISK
-15.91625934449215,-22.790263667668476,27.797903330341004,882.9237739534581,905.6116503992484,65.62957799122262,98.31200029607422,1.4971114654655282,3.9553542281024003,HIGH_RISK
-32.86366448123536,-39.44105277199964,51.33826143237489,894.2990571839772,927.1009371677079,57.093291163933586,98.15204331785053,4.0434521043026415,4.641547658918588,HIGH_RISK
-23.071006463277328,21.24803463802707,31.36479419998452,894.2212684774929,942.2176341041458,65.52509752194968,95.93116419821487,4.029972509676586,5.954351586381023,HIGH_RISK
25.321223658441838,21.52155312831823,33.2316357800193,924.283104470462,758.070900828714,55.33750279388186,96.04509831167395,2.6081572996703954,3.5083107746104263,HIGH_RISK
29.70272073643084,38.73854486776203,48.815227927543376,920.1010439731231,925.1970937711745,55.03379059310842,98.80967684637146,0.5851993517077179,5.89738115192659,HIGH_RISK
0.015349591529380573,-0.4746126745422029,0.4748608225535371,1013.5232193399042,195.07183462581972,26.117071352866105,48.58839586335823,34.38026208649667,0.2402685033847104,LOW_RISK
2.307054849698954,0.7155612408346822,2.415477172093401,1023.1390457744498,245.46042994744917,24.218438595291904,67.99578751147055,42.20226857355266,0.04814511029737432,LOW_RISK
-11.68211807792201,0.6725405527120834,11.701461172928555,972.8461171113993,384.16203878107007,41.334570205316474,79.97854649677664,7.4138000566714535,1.201858322917385,MODERATE_RISK
-13.041131487504042,1.1177362389307441,13.088943608029965,974.7118339841138,410.2943690267236,39.14323114119125,78.21806793124395,10.397423116573686,0.8521053991551346,MODERATE_RISK
1.7691601810819306,-0.5479823269681631,1.8520832532570701,1012.5824962416771,85.13792897388163,21.61456112045211,47.956855675080234,51.840396752443006,0.039687079277471116,LOW_RISK
3.406039286706594,0.09251977477195748,3.40729563309564,1023.0385510593491,191.57473513201464,22.815832804733116,65.7694164136666,40.64636114178129,0.07217756256064262,LOW_RISK
44.12542204455028,-40.78702766433342,60.08855545193929,937.2405285383765,793.9909921523887,53.293173063956445,97.38412414963562,3.5257574825342943,3.7262456783662867,HIGH_RISK
-13.591737620240501,3.3145761032192342,13.990058837670874,961.0618235212579,414.85601446210103,38.121374583152004,78.80041324091441,10.576780287000293,0.7408833461301643,MODERATE_RISK
1.389266321297462,1.1675416142499566,1.8147215578420777,1017.8149039777562,231.02672348903917,31.0365240536182,60.91039041802789,47.882256725612116,0.022158124191657906,LOW_RISK
40.10152096423868,-33.680797278599265,52.369152074168376,915.8731840674445,775.4160035933512,73.1716791581914,97.03149235413093,2.7466918353557777,2.6073893401114936,HIGH_RISK
-21.67158528590665,35.44672603888186,41.54669656759574,916.0111062419952,777.1353287398575,53.49222201616058,97.3175561018959,2.632110019450808,5.171360194886596,HIGH_RISK
-24.179892262717097,31.724962790398422,39.889101943873975,929.6935764673485,870.6802293083686,65.26030501766766,93.44209943213932,0.7075889647405238,4.212570209425445,HIGH_RISK
16.58936379907791,-42.38077120333247,45.51194084026049,904.1557951984961,751.7991222363682,69.22426943231649,96.04730341172659,3.8064438654078665,6.197598534247792,HIGH_RISK
20.704615887378317,-39.90600991969435,44.957432608575665,922.3536044173966,761.5658503616506,53.31845822988134,97.22689811035627,0.7039070538747039,3.8800458249769947,HIGH_RISK
10.558015818886567,3.069901555592245,10.995271419700682,986.084446017229,649.5418520481687,39.19840661541204,79.08498345070439,7.265393003272585,1.2865994829841048,MODERATE_RISK
9.767974237311186,4.137388853815137,10.608077452038554,993.87625120626,430.4655744033109,47.033410137067946,81.37901425775063,8.27528156224156,0.5418666467105618,MODERATE_RISK
-1.4067375598726841,0.060887536805823574,1.408054634769132,1017.029250223043,161.6911162816965,28.00439781802924,67.85117655942375,38.48577618237627,0.03742771454934123,LOW_RISK
-2.5538754063567604,-0.4547696742514131,2.5940499316344403,1006.2114851719836,197.59832589276655,29.297332019080976,55.8045149815124,50.63843147258214,0.10800621156233402,LOW_RISK
-24.927356570351236,-17.08343478163203,30.219477982316437,910.4482931159611,895.7604058448959,70.22862104974409,91.7171301458907,4.40971347632988,4.479373756483207,HIGH_RISK
-2.441313656824744,2.8268794589019137,3.735138531053511,1016.6107559236148,97.22642781273606,23.362766103617115,51.52057221894874,39.2833050445807,0.08377589738143597,LOW_RISK
7.835508469468394,1.8049373926275387,8.040708424412369,976.2375464252427,466.08998841287723,42.33727062646016,85.79205114738883,8.90844066325982,0.5414298225275467,MODERATE_RISK
1.8097634497625352,0.8413791719118581,1.995786224780469,1010.9504198447971,129.99457817376594,21.815452787254017,48.94451068829667,47.653415615050235,0.03260562498923036,LOW_RISK
0.27501300860752764,1.5598570310941147,1.5839148059024861,1002.6416185113437,141.14879148945823,28.175273868575264,40.97459790070495,50.829582601276115,0.054769414443696846,LOW_RISK
13.356698675381868,3.7134116550857947,13.863290577098741,974.0639097663363,531.9295414501883,41.034842085515606,82.93769491372662,10.356060361066362,0.5319530318467691,MODERATE_RISK
41.393856224803784,31.736289476065515,52.159787220313255,910.4479461321913,872.2448687031658,63.699716536817775,94.77581762350124,2.7904912927596603,3.543564448690143,HIGH_RISK
19.926620623787123,-21.001458994608967,28.950500675922346,907.6145478771026,840.768094103362,58.10166718822511,93.84493464164456,2.6016482838160253,5.836331702480569,HIGH_RISK
0.5126339636657391,1.952611934098197,2.018783531210404,1011.4067942863538,218.6844256112618,24.298486176405238,52.910295210672174,44.38431782323866,0.03520059772189231,LOW_RISK
0.08731307766899984,0.33587120109699214,0.3470346340905601,1008.1181047276456,194.39917565671857,27.212596625516838,65.27614688195911,46.02537669617315,0.07052257413954813,LOW_RISK
12.306755298493258,0.16387330728439853,12.307846295669775,976.2792720237458,632.0376538258406,47.51090679567076,81.22112595969138,9.854669676520022,1.329690914032414,MODERATE_RISK
0.1073493558290887,-1.6082085179784102,1.6117873685741662,1023.1495050774731,209.1144362854856,26.181119762483473,47.535760138134016,45.71713283428747,0.015034135166976936,LOW_RISK
1.1270806850576836,2.7811388495012825,3.0008405773775144,1006.4387485259175,267.1874496497119,27.92782201003938,52.309111656179866,44.79833044892978,0.1359061908622448,LOW_RISK
29.952226281396147,-19.052110689178022,35.498151795898465,910.5802238701442,881.4313231958314,64.56485560721426,91.55763746165388,1.1854009718479133,3.99301048607877,HIGH_RISK
-2.6381092296346713,-0.415219949833381,2.670585687489408,1010.5773821521605,191.2929274697644,23.0729361156261,43.919031446720794,39.14859646801612,0.024440117234193055,LOW_RISK
-5.826653035062809,2.739434616241459,6.438508181843728,975.6370235976577,426.4320084977566,47.71296227428546,83.00869953382166,10.601794065315026,0.5889840395482858,MODERATE_RISK
0.7706789263683131,-0.9943513763264222,1.258046369237027,1016.0949067902853,91.33608643316708,25.113830324732636,56.48235496182893,43.22012957807084,0.00804665482867739,LOW_RISK
2.2199162083350386,3.8372989285023786,4.433158133736503,1007.7321778074867,261.6037090843325,26.455882523410953,41.58807806706455,48.6122349261049,0.05731919222749288,LOW_RISK
-13.57242170390892,3.3689023176973825,13.984281666747304,969.8687275363571,434.0596526629398,45.41107041629681,79.59167534479815,9.765051741891702,1.219604284618006,MODERATE_RISK
-23.260345504153324,33.18798190597115,40.5275932663618,937.7398348992821,971.130103365269,65.97327719939516,94.77424423130103,2.3967574437076515,5.575187963367947,HIGH_RISK
0.4073682557930602,-0.2401991933499606,0.47291071917842153,1009.9460174228525,165.4933056333378,25.83788033459109,67.28760085161332,42.43705601510746,0.11990576077043047,LOW_RISK
-17.792879956290513,16.39213075737464,24.192737089999394,894.1149807392871,722.8358187826267,57.478923215070395,98.57508355499694,3.9136930780365717,2.1271833785393843,HIGH_RISK
-10.885110317323317,1.6027426488318717,11.002472931967755,973.8201890539262,431.00674123709774,42.985692169635556,87.1872374933383,9.658360128244917,0.8197119655974523,MODERATE_RISK
13.035163456308972,-0.7752176716072903,13.058194698007267,981.5096567877944,487.90239027336264,42.0709195615802,86.04737064766941,7.684712700433925,0.7265114634742793,MODERATE_RISK
15.131210373029386,29.462495966614384,33.12087251169028,903.1028544830167,832.2148067553941,58.945545219940534,97.16223401741371,0.9435660929766847,3.7215959536817356,HIGH_RISK
-8.491086760565569,1.5337146141866853,8.628489722612045,984.3465470733662,491.50785625207965,42.08657682209836,78.78104304020913,10.319067319818373,0.6264713517620772,MODERATE_RISK
32.91186062828662,43.92084872497319,54.88380018491561,927.2928592431732,792.2793328451838,58.352227731349586,95.14337386913154,2.92832785568469,6.325329193536813,HIGH_RISK
-0.7774053274104711,3.1151219753412613,3.210660985582287,994.8805523749021,266.86082283349805,25.631045757175077,68.38560681973783,50.64119891634419,0.029600282845807294,LOW_RISK
-42.86172593976133,-21.39368400316675,47.90425101974314,886.8207242034363,945.9920228968499,70.89469588865612,96.23984555231111,3.908939265692509,4.9874975323627035,HIGH_RISK
-34.84044618935759,27.13128602148737,44.1583895975983,935.2732768405699,955.2401483697073,52.134356802794734,95.01514420128122,1.098742668402553,4.01035172185785,HIGH_RISK
2.198473153382331,0.7842532320532494,2.3341673757742436,1013.7294610421307,241.14290513364358,27.61990233688676,62.78560446150832,42.23411377326365,0.02126282077601441,LOW_RISK
11.110508818526029,3.905720666868499,11.777014058501772,962.3703706313268,577.1202949828989,39.05582712904428,78.95663586418841,10.665304002910752,0.6139590095216957,MODERATE_RISK
-6.546101985299901,1.667312912261522,6.755100558048067,967.4688266937942,604.5237645585127,39.27591239287377,81.29387321986596,5.910958205129119,0.8559652487968015,MODERATE_RISK
13.63139597184267,2.26356643440896,13.818056634134608,987.4730365066467,435.200519107729,46.503627876578506,81.68576693838138,5.507448679083666,0.9313181375353974,MODERATE_RISK
28.9280070727834,36.65310831953428,46.693467880277645,898.1080362350592,954.8381424924434,64.88946473035905,93.68840837000474,3.7890492104548446,2.144027146237276,HIGH_RISK
6.82220787886175,4.908671955568402,8.404616630744501,975.8720499203727,430.01029932435324,47.31224759178898,79.49348450319474,10.672912283177869,1.1546181653683636,MODERATE_RISK
-0.9789359689535864,0.29210429207816224,1.0215872692832373,1029.1482079938464,245.5047387907634,27.675360522184874,59.90874162301899,44.112540581128584,0.00842278610884531,LOW_RISK
29.120736529213374,16.00931467631286,33.23124211354533,925.3748989675531,766.0451405164617,59.748612262239774,96.339545409455,2.5907455646650446,2.323412407095277,HIGH_RISK
1.566241315603608,-0.8886963887293413,1.8008034679121132,1016.9114926884284,158.62435964141582,18.47465955833171,40.60365165559222,41.90438525875034,0.2097862227649326,LOW_RISK
-13.447270362006547,2.2732885197592703,13.63806881061131,988.0483476331933,443.43611196501604,43.85099898544986,85.40817657932115,10.241385924122573,1.3869674212125789,MODERATE_RISK
2.7986617667171347,-1.0322255177665856,2.9829510897788403,1010.2484289574085,90.12449445381483,23.35111701990212,45.71145358891104,33.958596118858736,0.01492012552785114,LOW_RISK
-23.684090660176086,16.902059698194194,29.09666256533145,935.0722239538227,973.0846783213726,69.4750807876093,96.7333749462635,4.259423835575455,5.682236145356217,HIGH_RISK
0.8758922779889459,-1.2144052798824692,1.4973200948518266,1009.0400171478607,188.85146740305015,28.291131123336008,53.40316476518821,39.0900900196589,0.03875402840248938,LOW_RISK
-34.61753364820041,-35.23383850333121,49.39430140778501,937.454965227482,725.4239828857263,52.56166236081042,96.15780469072716,1.7586872908452333,4.63364114463986,HIGH_RISK
9.247436291797648,2.9287780185693104,9.700145290299059,966.4537535824494,535.8978021259345,45.687347933788026,85.91341524019637,10.480146596554423,0.5081847622721773,MODERATE_RISK
35.32304053338902,30.97898232086346,46.983130357180485,883.8222947027398,827.468988678692,71.12803021503449,91.02598342609207,4.389354713375523,3.0573537087225855,HIGH_RISK
42.105936777383775,-41.10067581567515,58.84025377584859,939.1835406455804,827.1327987312403,69.27682974829935,94.88876242556019,3.7193014544619176,2.2042386601491883,HIGH_RISK
38.32725081117151,-40.817856741478536,55.99174567478953,925.2081809697879,781.3400027051792,59.15287814627494,98.14067021111697,3.064447105878718,3.2240465381716055,HIGH_RISK
-19.20804484906286,-37.54814604969428,42.175967786083845,883.4303478689533,905.4755639266583,60.209042733844846,97.91096118104997,2.340393031819674,3.586224966708652,HIGH_RISK
11.383448105028318,3.9567134025511748,12.051492509635514,980.0436506571841,455.3462748385829,40.30374822366024,81.23088747294553,10.860104541929235,1.3697773851241384,MODERATE_RISK
21.607408212941156,18.726098818913215,28.592776476872263,942.4037879247103,772.3998636167934,57.86698791574375,98.02255338056057,2.548914101462131,2.34663291073572,HIGH_RISK
-0.8304739580207731,1.9346291311241184,2.1053448339748884,1017.2474808824235,103.02923567904023,25.657179061482275,41.999794894699185,35.172220542617474,0.11538357695714074,LOW_RISK
38.21195210813378,-41.15217263736494,56.15740909879833,910.5806313198769,934.8357548837116,54.09230651381769,92.73994546256091,2.818005766663697,4.467589208789427,HIGH_RISK
0.13764116480325345,2.2511396859514665,2.2553436491838807,1012.134429794552,180.4854574332753,26.278098683131823,63.49480087083708,52.23898209228933,0.06785856768606205,LOW_RISK
31.58117298488633,-23.869757155292945,39.587065990724454,933.5293444387811,954.427810046323,61.25316038700573,91.04800625339186,1.6221880931508759,1.7924819903327096,HIGH_RISK
12.478302417396655,-3.988929577936693,13.100366040601514,985.1539232867523,473.55366705774276,45.0691101509899,84.11434236739474,7.251350189862595,0.6328791433734429,MODERATE_RISK
-2.039784211469879,-2.356314228102749,3.1165584176975165,1009.9204447609179,244.05066378897794,24.23651112178728,41.82049206852047,50.18590702824525,0.017789589955411463,LOW_RISK
-6.3780210119497855,2.0564334250124996,6.7013484061330235,958.923586894768,644.6869596365129,41.37755761493585,78.25547401121604,5.760960505186812,0.6169035436688799,MODERATE_RISK
-29.931821294342036,-43.01696913911908,52.405854252290844,882.0563151188406,837.4894483492424,59.50104352137181,98.11788482003124,3.4341055637532127,3.850135265315316,HIGH_RISK
26.047807146902414,34.09306033720441,42.904836793984906,931.285704798564,862.0311934629274,55.14383135364931,94.10890448714433,4.306508903113242,4.6076148993061965,HIGH_RISK
-1.259582763271164,1.0168888070089035,1.6188303133280562,1005.5399285903151,216.43833785101975,28.94550602362375,69.06444071733414,45.68298697794376,0.019883704395034753,LOW_RISK
-1.0378621048218666,-0.04389422052746753,1.0387898975351026,989.3209122327942,240.48035689026486,28.83135852443307,45.74563966150444,45.72163235863018,0.020031011004270308,LOW_RISK
-11.749882859419778,-2.004038177931257,11.919560236380063,994.6875730943395,642.4822575743824,41.83722174719455,80.43445634028745,6.169741351338153,1.1135555933496208,MODERATE_RISK
20.51843118481865,25.156734376649382,32.46332242367425,895.1169551697666,743.8534532287941,61.89378240783349,98.36689252145234,1.4449259812395514,4.370457638124893,HIGH_RISK
1.6549528230247823,-0.13579992345624115,1.6605151205720523,996.449787938787,259.314931693802,26.65199564855119,54.45700501329932,41.91928270975528,0.020738518017012632,LOW_RISK
-10.818815889026594,-0.030776513558842478,10.81885966423639,965.468424952449,560.2539520262908,42.49139688459391,82.63787455755353,10.65788822016211,0.9280130690782882,MODERATE_RISK
-0.36048809723720254,-0.6969259459475896,0.7846384150579433,1017.0041407184682,236.0425297071267,28.383211490251714,49.12922775462593,51.94882066973178,0.46447858092275845,LOW_RISK
-42.783985163197016,-36.20904539737967,56.049659722733054,927.138025778724,971.0653154641097,61.816306529452675,98.6778897953791,1.7250307056236176,3.014377581448686,HIGH_RISK
-5.1302357735257855,-6.006960669905046,7.899550340478235,968.5817859605565,565.69871959728,43.35631652847232,81.78690663333002,9.681608038892623,1.391345759928397,MODERATE_RISK
0.17599107496317298,-1.347701972686556,1.3591443873444526,1038.129348448043,90.08335472044183,25.886233894496844,50.15103597775648,40.09968849079693,0.007644902746168385,LOW_RISK
5.779097235982082,2.6243651147804092,6.347066812206417,1013.2443312433868,158.3821125887818,23.718808781853433,59.58184371331672,48.48987015065049,0.007636010883018201,LOW_RISK
27.255686872915877,24.015886491514408,36.326784483184625,928.8393272482707,834.4107815900926,64.58142813986414,97.86530141745887,3.9586264309440544,5.307486227682569,HIGH_RISK
-38.968875757709135,-40.824036099966385,56.43735643446749,883.6732111600938,978.9799981071154,68.03982105401587,95.9383506116647,3.6260926042474244,2.5665386108805257,HIGH_RISK
16.324681473351937,34.1953051883369,37.892137998929286,881.4916479135964,761.5815500298482,62.4815457415016,93.31413658268826,1.2217679945838755,5.1353040750881975,HIGH_RISK
-11.991742942084533,-2.9181050048695445,12.341686902870244,978.0508540470676,389.7881257289946,43.06553815881418,79.44189463906153,5.904457122239573,0.8853581187159354,MODERATE_RISK
2.77006098860405,0.4202417382294102,2.8017567701597734,1009.252158590787,82.14305953907179,20.7795692980782,54.21319877543269,39.978547182528736,0.17680233776256585,LOW_RISK
8.987683396401039,1.0004250567518156,9.043190981513096,975.0939535457585,406.3699058940532,46.926561953354806,86.22624927678561,6.091931313918572,0.705350600942526,MODERATE_RISK
0.27991368473453715,-0.931271397376674,0.9724289621733656,1018.5992384380633,264.1382801557239,24.485362214591778,65.04870325156351,37.96511268948006,0.0111139591859988,LOW_RISK
6.593372969539157,-1.200890941599615,6.701843490343952,982.7354761510702,460.41950304724776,45.82988357265736,85.36557202969844,5.649843092393866,0.630259640004265,MODERATE_RISK
-11.652122004228916,3.145546975821561,12.069234150456104,988.1617608153002,493.12829503376236,44.454418331834965,82.59822430909179,8.856057650797606,0.9569995574626081,MODERATE_RISK
1.2845981914852085,-2.0010382423773065,2.3778869950070227,1016.9473813286555,90.25876979624312,20.801378004360235,59.904710353861304,47.58322222967983,0.12384817934970993,LOW_RISK
6.255741025037024,3.4913689946232997,7.164073787235038,978.8616649799839,397.0961966825266,46.943898536984904,81.40935880314196,7.389581563378483,1.323626665565655,MODERATE_RISK
21.13960588938981,29.65408446749806,36.41768337997674,888.4606336020485,748.4795172941165,73.3938804368966,98.14165051276068,2.183299811471177,5.170346727001902,HIGH_RISK
-9.607119091426615,-3.46479335067567,10.21281206131495,959.6587530655115,608.939523815171,39.84535050736644,78.26057885985593,8.846046743002947,0.9120014161390758,MODERATE_RISK
0.3051954538008347,-0.5994542784219035,0.6726735441051792,1007.1167472977332,199.04594654388032,22.905074788914312,53.26198639354225,49.2720100056036,0.028743946300698195,LOW_RISK
0.41853228865550884,-0.8140106996010326,0.9153047010215672,1028.0388706663714,279.14689041026463,27.31191409455823,56.09822527791323,57.492152418607475,0.014815598406707398,LOW_RISK
27.160548408765646,30.131174794174566,40.5657871160169,924.4161531148325,825.246805524052,56.93682842176438,93.43250830005202,4.295123097996745,3.325524656372032,HIGH_RISK
-0.9003253157381921,0.5899767590915578,1.0764098895993353,1004.0596477187307,125.25448600063724,22.46847890046083,64.73551209399787,40.028224671845635,0.014053103748192703,LOW_RISK
-0.3314462607444959,-0.9622223928344283,1.0177075007257839,1004.2083702026086,101.36014080047272,24.903068664521232,54.7134729020785,48.42645042355484,0.09517342567566368,LOW_RISK
-9.71832135113452,4.984095811931265,10.921857943886097,984.035206838035,468.78492265792136,47.2701211292508,83.83529548865913,6.980766889394855,0.9535074784633243,MODERATE_RISK
-11.985366776950606,5.11119052351086,13.029707799703667,965.1112765236442,577.0154375644624,44.36641035358728,79.87108422917252,11.341594392236155,0.9936850928640699,MODERATE_RISK
7.584913140146254,10.10726846416957,12.636763159542083,962.497839741052,427.3728419531741,38.17345926853718,85.34447277798688,11.697275392105286,0.7834185927740447,MODERATE_RISK
2.514655968412924,-1.881434134753874,3.1405873722747786,1001.6612686829317,159.55868818581962,27.720881441906766,57.62109605726731,44.7703558562992,0.01943095022753379,LOW_RISK
-1.0229763719966978,1.0624557708015956,1.4748874270849075,1011.5523282407908,144.08025722804297,26.16625470672789,67.32472660991189,52.35792541284947,0.0189857793382096,LOW_RISK
-33.87600472348983,-24.740066336803753,41.94823689233381,940.8152581613627,963.5597146767466,53.99723767012026,97.59270089736594,1.5605536148321715,6.40385449838784,HIGH_RISK
-38.26487254908234,-21.964168570959984,44.1205753839528,926.9480764373627,897.6412417359236,66.86230523234228,92.01554025271155,2.854216354882976,6.106757524478821,HIGH_RISK
0.37233087945050414,1.0396584108947162,1.1043187470728333,1008.2445817000303,89.73896967998596,25.541353391569164,65.94984928623329,47.2424272709822,0.014347835139825613,LOW_RISK
31.256428613180432,-44.42449747485911,54.3185079465978,902.5224851160951,823.0655999686705,72.50991560432925,97.48198755539214,2.915995715981766,1.8696357984646004,HIGH_RISK
44.8369670462573,23.707536605727203,50.71884172394967,929.1106021796884,972.6739020681099,56.86465152347934,97.42033805725873,2.0684535618300735,2.3810518692949114,HIGH_RISK
-7.711031732560515,4.737944534211985,9.050310977520299,989.1402913556199,402.86084985432814,41.4344428329401,85.3821680013632,8.368522230524992,1.0479803851663096,MODERATE_RISK
41.39459930116357,-29.954706811032427,51.0959617918951,941.0989135504037,852.8834523006689,68.47055381855277,93.48696093773978,0.776019356801608,2.650285525289622,HIGH_RISK
-2.1112675420767317,2.4230635342041627,3.2138275506032823,1005.1815625273904,163.6779066756667,28.372421329292962,45.13257900571486,41.97546618035913,0.008765076508591317,LOW_RISK
25.090219155623004,40.64173782355307,47.762641788280675,884.8877760236227,803.383064274528,66.26471113463975,91.70404200244562,3.8409988160649347,6.354973723346244,HIGH_RISK
-0.8561194406242144,-1.0059303136149673,1.3209225156928108,1009.1444290838929,189.78192632801432,30.556097451851045,41.45392697427467,47.54844615612328,0.25734361854848,LOW_RISK
-1.409819679491033,0.8795460281326399,1.6616837076544084,1011.3747375974694,273.8643624568358,20.28216134196888,63.97246437315863,45.97166731669117,0.08825316965596948,LOW_RISK
-11.120987285899496,1.1069136462667617,11.175939156662844,957.4004111785075,567.2249773443939,47.260813467869184,87.59323904508214,11.710561438218567,0.7498575496574496,MODERATE_RISK
34.68043738774519,-44.1195489914337,56.118333373442525,930.200780069294,878.5549460150396,60.005202600791485,92.02366531286643,0.7145341640977922,3.3627302605623637,HIGH_RISK
-5.182126093759554,7.030452450306604,8.733939117468463,974.2207726432148,382.5881228389865,45.93344827860976,87.80000415599332,7.4282716447673955,0.9083675831848714,MODERATE_RISK
44.49841807725522,43.474591600441535,62.210524239901524,914.0162935913478,899.467532866201,62.43374832320529,98.4991942046229,3.6612809819190186,1.7242727080875682,HIGH_RISK
-16.975132264929076,-25.81378161320255,30.895087580163132,892.0249803376287,761.0039876251074,68.27375159051142,98.81050320088512,3.6763281739069122,3.4980766607246214,HIGH_RISK
39.283321316359036,-38.923934711178696,55.30146496291405,930.5758645501681,773.191676759114,65.72927812178204,97.98970147924712,2.149615026946369,5.359713989560656,HIGH_RISK
-7.787881248666684,0.30160733591142996,7.793719351401469,976.1835006565518,581.8966248278086,46.074987316566606,83.71982685344013,10.66386780598906,0.8490048417017411,MODERATE_RISK
-32.151289558753945,-32.35412769041172,45.612443465553426,921.3009712361423,772.6145256836652,60.19906664919267,95.84362212910334,1.040963142498224,2.6457880564452143,HIGH_RISK
7.043011694045786,1.8812448388560863,7.289931129042877,984.7650658906316,494.6645427581793,41.81147653361051,85.02639464006684,7.605581179507219,1.0075029015463395,MODERATE_RISK
0.535523228947571,0.12274403782134752,0.5494098903033334,1006.6064447475475,82.73648295213621,31.714698693490263,41.94697838615228,42.16647445972474,0.128900841171329,LOW_RISK
1.2455037248163685,-1.2413853309730796,1.7584985267228945,1006.8496914848188,117.05537006670801,15.51336255656443,47.181095090261394,45.46188395819962,0.040032958707433404,LOW_RISK
-11.466781863100215,4.8783979904995665,12.461374452669105,988.3450613333783,445.25123101260226,43.424101286783085,80.3704150891868,5.634991263617543,0.71486460082634,MODERATE_RISK
12.407787761061924,1.6051164221773082,12.511178835437583,980.2593728025465,549.7923580430156,44.29567395168772,79.99820920341364,11.800033982236208,0.8529153322723451,MODERATE_RISK
19.76328858861787,-29.027110848398905,35.116388482334436,913.8370569465422,821.0004687050946,54.24544951099606,91.07840421547176,3.6495332502053524,4.825674304181576,HIGH_RISK
-7.791324989817219,-0.7133385173419735,7.823911869216953,971.2853797891231,640.5184084242403,40.89937093662378,81.66013391840151,6.432220979535787,0.9034149618998568,MODERATE_RISK
22.404352354621082,-33.1178485315593,39.984333129231,935.0398679692331,782.5165126061006,60.4054456613303,93.75261950008219,2.3989959501869245,5.683041052644281,HIGH_RISK
2.052947336298523,-2.9495348840640028,3.593653961906412,1017.3640380481427,208.19310561975155,17.56265291335977,48.967784502949996,45.85734658795195,0.010882183397537895,LOW_RISK
-0.9777541617032388,-0.6990547528023634,1.2019487294155173,1009.9110654911593,199.89222793174332,29.881131585670868,56.00440626234349,40.523228131704,0.007975393677978159,LOW_RISK
11.459844903346077,1.9520106214891046,11.624903899609379,970.4963180874333,614.8349973832759,41.80575941378107,87.3504419639073,8.889065785709079,0.8340736879836719,MODERATE_RISK
-10.638174697286503,5.475193353222197,11.964468360322382,965.4556137370904,630.7237089857953,39.03543571952784,85.14496152784349,10.510022473368947,0.5942346411761794,MODERATE_RISK
36.22963149354361,15.408424417683026,39.37011228322085,910.4616909079309,909.5310110454491,68.66522632830491,91.46189023720785,3.4144627164819643,1.8394627976646214,HIGH_RISK
-8.581577505812001,8.666653036910093,12.196489140340406,971.0727376157419,610.0776822407084,46.36938844809956,80.10462217142003,6.456525056264202,0.5225327026136994,MODERATE_RISK
-1.5934555705891573,2.4205669035879707,2.8979725309579925,1018.6328898877346,141.44328340425417,32.42201325917705,46.27918227502626,45.291851454089475,0.165245840753798,LOW_RISK
-7.567501972467918,0.09949888622158709,7.568156058886812,989.9854636066985,613.4629931981256,45.63604359162995,80.89449194304369,8.542663288922434,1.1493225840843384,MODERATE_RISK
7.2076108427927865,3.46642498805522,7.997859479820696,973.6466576607689,398.7897987970034,41.787063575653775,83.37356404772888,8.132480752700161,1.0045786326313875,MODERATE_RISK
2.6330112636648066,1.6087610059647033,3.085589131575736,1022.6067199394222,241.98488406057987,20.4957841563558,51.508271210654755,46.53194741036707,0.1831252935865291,LOW_RISK
42.75464455171631,-22.734770878078194,48.42343892808851,931.8159051946493,721.6342419258337,56.777456999667905,91.82766626963962,1.9868651915959377,6.497593098752496,HIGH_RISK
-18.4128516513263,40.165547527931324,44.184887848134906,935.1175684337979,973.8301493085676,63.29927711640285,92.1722924063126,4.304894982558421,4.7254364814498615,HIGH_RISK
36.48405189460709,-41.248499744708404,55.06836454660328,901.6474975209138,979.1708444847054,64.2845722832578,92.76454458909554,1.8505139083114641,4.766622559115864,HIGH_RISK
13.783848074532049,-2.0173513051756258,13.93069180013235,981.8825971077241,424.1832971585394,46.688707955393866,81.39651845016955,10.91482260194844,0.8002396227580495,MODERATE_RISK
-0.7314093361087404,1.3703769393498741,1.553348825231782,992.164018087865,194.32152989658877,22.384406446697696,54.55218727428086,50.859050716369225,0.006245022824251468,LOW_RISK
-34.32534270508132,-30.04028641274338,45.61412017764822,927.8670992654692,870.3597288564096,72.96008775273913,95.2716378431834,2.05030400160286,1.7646852770431938,HIGH_RISK
9.422141812419067,7.113123789837946,11.805646377174535,979.508123363318,399.51344330891396,43.040380076287576,86.50906322150999,9.96904188593415,0.9963775876390546,MODERATE_RISK
-37.655057768859834,-15.701327261863325,40.79748832171294,884.9422141150612,961.7590483447636,58.22829181599051,96.09883326294714,2.5861721310727264,6.033775298820634,HIGH_RISK
0.02762756878432755,1.1913970194327406,1.1917173072797722,1013.5559039596802,90.23004112407952,27.365768607007418,67.20599732019508,42.57870824034585,0.16474778484013164,LOW_RISK
1.2864894348030291,0.812194092307182,1.5214185188298794,1018.7185545856038,130.89626632365204,27.475545192092614,62.85803127229291,48.22061883925054,0.058540623802436076,LOW_RISK
1.4529674857993338,-0.05583335476476239,1.4540398475606935,1015.6537948768866,165.69158076975907,24.21487739444825,61.6999091198189,40.387935075780234,0.15869219384529248,LOW_RISK
24.824291601438695,34.014833608318284,42.11002682158774,880.0199598771941,947.7567062439266,53.05054198702612,93.13207869795198,1.028960497642632,4.372895120439502,HIGH_RISK
36.38717371094513,36.337217754088186,51.42392249506564,908.9736604994247,972.0039428948835,53.41157738571001,92.01932415041243,0.5448044615529408,3.7115640720231027,HIGH_RISK
13.350290554829266,0.1951246922244938,13.351716426882323,962.2256339615466,506.63389624925276,41.290628169009096,82.15788901577253,5.670851020194446,0.9667816604795023,MODERATE_RISK
31.698176945408804,-28.120891885553327,42.37403665101338,881.0231397225866,893.2786248894568,62.605373259611966,93.70274441893484,2.3529469429493646,5.3253121039874145,HIGH_RISK
12.621047244519463,-0.9659929996508998,12.657960974176168,972.6139446828537,642.4532204894429,46.36112804927688,80.51908265367422,8.82437842046455,1.138462492747398,MODERATE_RISK
13.148358694361846,4.444283620442283,13.879156791913992,980.9109053132522,473.7972876725915,44.14421298223029,87.64685556446841,9.50013690328051,1.2819501254314467,MODERATE_RISK
13.787719001456505,3.180899033380971,14.149887417350314,957.9537804182288,505.15910029172517,39.748369154662115,87.41425671817879,5.742002811389897,1.2093845999644681,MODERATE_RISK
5.138296256612509,-5.438652162199194,7.4820468965458975,986.5847199647333,512.0346926935804,44.505747911093465,83.3203468683339,10.349746571821036,0.811515686064429,MODERATE_RISK
6.717285423016763,7.387764977555983,9.985038548642477,971.8707103280999,503.1848118944006,47.887604058942614,85.73519190242104,9.80623997934848,0.8185349089177733,MODERATE_RISK
-1.8766703645779543,-1.0166174557872774,2.13433893950716,1002.7522464525488,163.81989458341707,18.62097616734667,48.555597880301434,49.84384947840677,0.0190318268403224,LOW_RISK
-38.321193876316464,42.96877727619501,57.57455792898012,924.3381871079247,744.4993031246256,59.839362666795566,98.85031727936041,3.5776216036388644,4.751551597162775,HIGH_RISK
-1.0776663318786541,-2.0503180476231315,2.316283406510076,1018.797831295312,103.64372445821772,24.776318205911146,45.97470692791201,48.229452101379465,0.04469200968889009,LOW_RISK
5.08963767083873,-2.4835878950726373,5.66326941377258,974.9939151767771,451.6777707493652,46.67345504702112,80.07885871919376,7.39462437176414,0.6872419888396423,MODERATE_RISK
41.14791452854683,18.28061800064919,45.0259021512535,898.5978590085462,783.7309548648093,70.01708220285762,94.06232470334307,1.3241094876837707,2.289801303449995,HIGH_RISK
36.62649223524372,41.71249422465114,55.51064859916449,907.9353642386887,929.2970253337917,60.882667264555266,98.47696672283126,2.490342814827477,5.666210340613803,HIGH_RISK
42.76064721297354,-15.533846700384755,45.49476171366805,910.1909494716269,958.2207966614359,52.105812551695344,92.37216950442543,2.500899123742183,2.7251015269466023,HIGH_RISK
10.708273881063835,-3.600284937606955,11.297308579649998,981.1496123204678,595.0133593795052,41.6159026642031,81.79139315772592,7.779895895870807,1.1248086909408235,MODERATE_RISK
7.389897663229172,4.990184503145837,8.916979805317316,955.0885985104534,615.009395884367,39.959787224916674,87.87773332137122,11.817441845816951,1.0121658760310663,MODERATE_RISK
-6.174100728962545,-1.9624928935090304,6.478495054289173,966.4178396822838,507.8557046627004,41.921278549867885,86.36309875015672,5.764548669149749,0.595727719724449,MODERATE_RISK
-26.75205288855363,35.987893584532046,44.84195377549437,905.4194771448423,777.5902030623887,54.454943686335746,94.80447643826507,2.941548721947875,6.107417010391053,HIGH_RISK
-16.909899997230227,24.315887080260172,29.617681921721868,896.0969976079676,911.8073914037293,65.10420931675567,98.27896699264357,3.071764848099934,3.065497317747381,HIGH_RISK
9.23450647180714,4.493369202699315,10.269687267371614,984.4661830833044,595.0768538040898,38.560291332489136,83.49684255853236,8.628082459949438,0.5907243063817018,MODERATE_RISK
-16.744590839695505,-23.34333742273069,28.727908458853626,922.3535194212471,837.121505203237,52.38794517990175,91.82944232296823,2.3198947803115133,5.350033322170637,HIGH_RISK
0.7560697732767666,3.9025246712705925,3.975089975326147,1007.523920087114,211.6204436112984,28.56827039892688,44.670777932677986,43.62439285872477,0.04134060407453968,LOW_RISK
2.3661799196452113,0.7512667124166854,2.4825811336827632,1019.313374799389,144.17090854996871,19.2191789423511,41.164388434354066,43.337103100750625,0.03170709247188113,LOW_RISK
-6.26693411994092,7.846868065028473,10.042300617569829,969.4888375995937,609.6222878016234,42.115116028992105,82.53173411893883,7.442331526274214,1.2028237269390734,MODERATE_RISK
-5.922810843013796,4.826021854189011,7.6400376451449326,996.6552145220655,553.8644224406958,45.86990083384825,80.4901996210677,8.739287293517993,1.3624686347641703,MODERATE_RISK
-10.959672971406501,-1.9117553422105549,11.125162476505626,974.5979526546362,633.5519523194954,41.757949022880574,79.08807390230065,6.902772711721278,0.769728048242004,MODERATE_RISK
-2.9395051858196632,-2.1965623203147304,3.6695472151870625,1009.17829099434,216.77329036706865,29.68687165886464,67.17735013703943,43.10710128393423,0.044053903644526715,LOW_RISK
-0.6692751498221696,-0.028063134668846124,0.6698632440259201,1020.5409017773977,80.11958776695906,27.68777843125799,63.51915551516768,45.41220883317421,0.13078771672572562,LOW_RISK
22.328708836114934,-38.49792596369328,44.50462382487921,913.0753569412423,787.7760529769665,65.65313820075289,91.96230874740569,2.2128064510334915,4.322886852945331,HIGH_RISK
-0.07156703421296978,1.2935902085741382,1.2955683957649333,1015.5597893026002,155.3733760694377,21.100773696308632,54.61247632970734,41.26272173020894,0.2282011488309711,LOW_RISK
-12.62913078165995,-4.003208061048699,13.248419493672298,981.4579764160371,616.6000929327009,45.14317970610373,80.82178645649233,10.178949998778185,1.3237501810215508,MODERATE_RISK
13.481091569042217,9.92988180067571,16.743428038137584,976.4561699682689,415.71660116259346,47.3726204477784,84.36943575426879,9.466679958736503,0.9508364639748549,MODERATE_RISK
-11.133734268979854,4.5023383747000025,12.009624873931434,964.873144366315,580.2343851647013,38.87327372558469,81.41548116923177,11.20840601678232,0.7181580886267,MODERATE_RISK
-9.437316093861842,3.740846113158409,10.151692701111283,970.6900379978018,539.4769111843331,42.757937917347355,85.29103283594876,11.16382271800935,0.6732669846378182,MODERATE_RISK
0.2952918538036853,1.5706474539182318,1.5981647923235704,999.097392760887,86.53181215689918,26.950241188346876,45.35559367817796,45.18848286561961,0.014971687885173359,LOW_RISK
32.050882765427815,36.29211577576564,48.41876447747066,918.1079951472752,825.8556184080921,74.34058310488336,95.98240110781848,3.037981563862225,5.655784834985697,HIGH_RISK
-1.1306042465362345,1.2801233381704615,1.7079173642815546,1016.9808669955706,188.83973250074044,24.041992311913003,65.29434595089236,45.49466893514442,0.08437064740862177,LOW_RISK
11.863881409203358,3.734249840767517,12.437696891503398,977.8991117403766,637.621506322178,46.52510636289205,78.50974035791661,10.793753186014488,1.3377533284039194,MODERATE_RISK
1.474036475918271,-1.6017043823687898,2.176749976647971,1015.988702675917,97.55764741163199,29.577172274239757,53.93050749646425,49.28487768491393,0.01830319082113334,LOW_RISK
-10.7759786399691,4.634527811162039,11.730326665592255,975.3420468453808,453.8136578907202,43.03204670074964,83.55507352327045,9.451217685178106,0.721134583236208,MODERATE_RISK
-32.73296397815977,-33.348536482624894,46.728704415257106,890.478806904694,756.9580563186944,63.56613598616022,95.12814034734104,4.048787066888625,4.346639081453574,HIGH_RISK
6.756571535360056,2.209491074910274,7.108664412007779,1001.3238620467749,396.4109155299389,44.16587838071246,83.80231287059956,9.083694027543995,0.9628288511557775,MODERATE_RISK
-1.5181565628902511,-0.5021629981598112,1.5990519147818782,1026.849658996611,149.9875707141428,30.021614437839585,57.13638753254551,39.18967089871859,0.03188861254311984,LOW_RISK
15.290176165407576,-35.55518070904642,38.70349289692268,908.4768113270925,832.7479404303277,69.76236239114469,95.22785600767638,4.145629132552769,6.3089433596630276,HIGH_RISK
5.4307903901549635,2.4825390435738166,5.971305080522004,994.0064904172209,590.0092787298577,45.16331027256695,78.35774690714008,10.171520016459002,1.2457849189663406,MODERATE_RISK
-10.615510172852495,9.476266014713044,14.22985150349575,968.6080646624985,588.65721307267,46.41675209271489,81.01087180465214,10.404506962520019,0.9417265245074324,MODERATE_RISK
-13.685284606189269,7.660818106807294,15.683594894602049,969.3255271877165,401.27115917105687,40.441368208069065,82.5681632620632,10.752771907404586,1.164701336570201,MODERATE_RISK
1.7156310648103936,-1.2153786555215715,2.102506891032671,1027.318963873561,94.23113577558195,25.129628053360545,52.317960917148,46.28800428699065,0.0031161315570555903,LOW_RISK
0.9361797255782327,-1.8145421142616613,2.0418118334001583,1018.8143020605262,134.39091187963973,24.029205008698874,69.71928211516537,45.18770920743411,0.2352550195104017,LOW_RISK
-5.445026930114126,0.03755106389338936,5.445156412084742,979.8913055664929,448.6718236459531,47.843813126186035,81.91436020222855,9.460433355394194,1.24110820802336,MODERATE_RISK
1.600012034383731,-0.654578835789853,1.7287313158604969,1019.3956577330539,168.1329766848587,24.0747962282812,61.07888729313747,44.15849788414179,0.10608733017171453,LOW_RISK
5.615135343033753,7.423221357726005,9.307736580199629,976.936617645168,511.89995556132305,42.06538313887013,86.0455871446863,7.805712291658929,1.1315792950326484,MODERATE_RISK
0.26655150139988076,-2.109476195507751,2.1262501081275422,1020.2461365930602,236.37818259937794,30.80847079673024,52.48854785633064,58.899818121117775,0.08570568688819606,LOW_RISK
0.9848304129507446,-0.48724707526293365,1.0987723397615254,1017.711528485801,158.57902177863582,26.712744991242303,58.84619791279132,44.73747465730674,0.029606782054985296,LOW_RISK
13.780444717302009,0.6272337252531521,13.794711985130816,969.5373599082253,581.573001926916,39.18324073003138,82.08193081817419,8.673364858797196,0.689857447327478,MODERATE_RISK
5.05223391958647,3.5698240738820806,6.18617098831645,968.1575781948476,428.95798114816455,41.81857625221833,81.39678437729225,6.084076467000305,1.2832948343342228,MODERATE_RISK
15.296388199261697,-40.15333158516643,42.96823861098842,898.3301670127031,802.1379734384653,67.52511703739421,92.83323349620343,4.224551636770492,2.852646926508058,HIGH_RISK
-0.27848846499572566,-4.272813930945113,4.281879810739006,1012.1510256928049,131.0672747526488,19.26739274190115,49.0020124871632,49.32412219245506,0.06184178457745891,LOW_RISK
-0.7964954325027265,0.6407915428075273,1.0222615982865426,1008.9370183748082,223.49299812238243,20.118717240224097,45.182719548432615,43.85459484539145,0.001261355427999603,LOW_RISK
-39.08599117192638,23.690880617963156,45.705279020551764,938.8182797457532,804.5852349586768,62.965721973947794,96.54014007402814,3.179103384149455,6.214566974932904,HIGH_RISK
-41.90889365131851,42.95955053617424,60.015650869982515,890.480392548252,840.1064925124381,61.88659550066659,93.09943988045855,1.863349097401187,5.266349008022654,HIGH_RISK
11.060523311268517,3.67620293901384,11.655455545276995,971.2037550332317,418.01920276510987,40.2476023765882,81.07372719204045,10.561385321812013,0.7070489309722073,MODERATE_RISK
43.74340586697957,41.4185649648507,60.241041496564954,913.0998729001273,918.5486448172641,55.10489809460461,95.55616917306426,1.219262279924095,5.018262056832374,HIGH_RISK
-22.20917248547817,39.45725823208683,45.27827922617317,934.9138606220478,942.907007679948,64.40139002661823,94.30095740047229,1.2755836575335153,3.0271213469601816,HIGH_RISK
15.453223367631132,-17.53470312734487,23.37237527967619,930.658779323612,795.4399450895934,70.86096119756985,91.05669173957907,1.0144014249007673,3.472515237754965,HIGH_RISK
5.87256911239089,-3.3111946939177237,6.741741487244703,995.0442330367517,482.1063899022914,41.225592366332684,86.62305236576671,8.06654888362391,0.9812657438721599,MODERATE_RISK
0.9175144332613019,0.39101064873586067,0.9973575400364939,1010.8201917697867,95.3606096628843,22.16084403106586,60.161785079852066,47.383255204002786,0.09741987656000017,LOW_RISK
0.6657291422193427,-1.0575177836376133,1.2496156022993277,992.4162891469829,138.81349243535556,27.802802448482336,42.444216931388254,45.8029471658588,0.04335270425998432,LOW_RISK
-0.7306880756470441,-0.6798420739909128,0.9980432402762147,1006.6467157601684,206.01862537233268,24.166127157838368,40.17594183661484,41.14590598635655,0.08564810167427203,LOW_RISK
-1.463809879465999,-0.9811135246911358,1.7621926998924171,1009.5235554470547,171.70371243740306,20.83922512073641,65.78508926874694,43.060621090687654,0.05759543629518465,LOW_RISK
-9.446385802421599,-3.15800027889592,9.960279639131578,956.8094898469745,430.31003861298996,40.276866259295986,83.62448941271418,9.620827154862873,1.3607607014900749,MODERATE_RISK
-42.90994299589365,-20.01374584556398,47.34779013514434,908.2731394290605,890.411150286807,54.66842575942021,93.07788264373399,1.7376044017121415,4.852641005862852,HIGH_RISK
-27.494712371072097,41.82281320669155,50.05104307494298,903.0557442780736,805.4191303150135,67.78317507327786,96.03840886177545,3.2820650253899757,4.53342937188382,HIGH_RISK
10.704011355889255,-2.618537354915377,11.019645955569233,964.2168493337077,383.6298918755224,38.75344117573151,81.49264905847639,9.141251602522516,0.9737722493553904,MODERATE_RISK
31.373324562168317,38.20551756813883,49.4362930116379,886.120647575434,723.7362535409547,68.41112175220573,93.36183981897308,1.4310638571734127,6.213548450267501,HIGH_RISK
31.770092102244924,18.57282990560265,36.80066253326933,912.3135022264738,726.9242385976673,62.236041516241905,95.75892680710082,3.0682129906235582,5.937444190580255,HIGH_RISK
7.975407289730017,4.23931379531224,9.032104012477014,988.0062540105596,505.449309134507,38.25025101563867,78.16058822680114,8.788137440436476,0.6469901687428776,MODERATE_RISK
7.8765631295726415,-2.3256535229571487,8.212728599131118,958.1196567480232,582.9931248750884,40.73203506050233,83.65385160099196,10.874806019866334,0.5146753116078543,MODERATE_RISK
30.296329642812196,25.03480002034653,39.301511445295375,925.0522188705587,731.1505575582469,59.1213265373016,96.26189663189977,3.53420298988697,2.392889288439256,HIGH_RISK
-10.250476090949732,7.11373983186286,12.477081168549171,971.0959081357837,596.1683872314602,42.69889908041439,80.4787557232395,9.678353973790305,0.9209986384874312,MODERATE_RISK
-0.8437001638414015,2.5425765606461295,2.678903793198462,1007.2773732276781,231.6080842022433,27.62161531940095,58.573642001400884,44.43166655459282,0.04944815907897036,LOW_RISK
34.926539168366475,18.7172409179084,39.625727070407954,894.6000995697831,912.5959883359109,60.88831261244993,91.38500982091881,1.258007901305528,2.596919947593216,HIGH_RISK
11.114541393011834,7.342281822147026,13.320740697604021,980.3821160549226,538.3183181571972,40.89542747793705,82.50717985532147,7.531735726006079,0.8395571519341158,MODERATE_RISK
-29.866170385626035,-31.528866642561727,43.428764261347425,893.6576496051033,813.1906930188387,73.7961171402892,91.69127327808111,1.3781240792624776,1.9111767994801596,HIGH_RISK
-13.995546707376649,-5.881234325405604,15.181048871164682,972.0724208122755,604.8676350740461,41.715731085162,82.77066749567273,11.92541033761849,0.9747733313071387,MODERATE_RISK
28.35837350511734,-43.47383042749219,51.905407039094555,936.4186852085836,805.0963473284306,74.19500481796453,92.51303469460565,2.3600265288493447,5.054107099878692,HIGH_RISK
13.977623710957063,-2.6262208682693453,14.222200977838925,950.4183056945099,547.0211796052974,38.76910638735335,80.64930886222406,8.419071721595751,1.3128860011242103,MODERATE_RISK
8.101057171890877,3.715871794194068,8.912621976339603,964.0550563916511,403.12933239268267,41.02503960351412,83.20372216440968,9.814765684126838,1.0405370332215051,MODERATE_RISK
-17.916732537792743,-21.889340339704404,28.286967411481417,887.1561948420226,955.1936641218238,66.76029777402564,98.76512997399911,3.2703505586865274,5.037850258003575,HIGH_RISK
-8.441281381250398,-0.3596615849997322,8.448940040808028,978.3061326109041,616.3005476338568,45.7472359330456,82.49661663112923,8.499938230510336,0.5341839988641757,MODERATE_RISK
5.94340376846689,-0.6057701994547249,5.974194999292695,967.3939933557486,430.4662304934555,40.44939045693656,85.56779806978537,9.195927388204574,1.2428932240444985,MODERATE_RISK
-15.419423755185356,-27.653964578535927,31.66228649123266,898.932971968069,798.3030396203274,63.89869346502839,97.42436901247899,3.328803491796129,4.252517379974009,HIGH_RISK
-39.8745420946546,-24.455980399630473,46.77685415422345,934.3401975225609,804.4465707444758,68.55861181999158,94.76271691700785,3.1497509869453446,4.428615618112387,HIGH_RISK
-37.06371755026264,31.148317186344904,48.41422128039236,890.4704760496122,957.8193534975642,59.65036426375731,95.98474988262224,2.5370971670497338,5.883063148682767,HIGH_RISK
8.890441590093516,1.738359065618424,9.058799253095428,968.5375767585341,483.7904113470999,45.758614386586515,83.25631914599504,6.09362968837466,1.2286870988634067,MODERATE_RISK
33.24211343097245,29.845172034596246,44.674068531221614,943.742522451565,932.8230653105547,54.198233591386206,96.96773446308868,3.850340892483117,3.6581700626500826,HIGH_RISK
-12.791308930916033,3.2807514196874923,13.205336574427545,975.239800190156,461.74395006684733,42.879576397907485,78.93244919221358,6.546210668468739,1.3156392133157446,MODERATE_RISK
1.0635056363827684,0.9678233789250855,1.4379590854443276,1004.797538857918,278.4271278957166,23.97487670299371,44.56684641750601,51.276748901442375,0.011969136638679701,LOW_RISK
15.732939279230644,34.01364596721876,37.476038882828256,919.9941177407551,866.4811219551761,63.04785625311122,93.87999047551818,1.8689052357090703,6.446572249538921,HIGH_RISK
12.166701673708973,5.7558287129394055,13.459501988919591,954.385945759771,619.8080358021633,38.41269747374622,86.65415881788444,7.702732260616383,1.1304562961109923,MODERATE_RISK
-0.17180976787892682,1.800620861916638,1.8087990725086154,1014.9081386351916,249.99186610064106,34.39630314680303,64.34397817455046,46.68977777072513,0.07317607005689276,LOW_RISK
0.2727993825877427,0.6432247504958595,0.6986827483133631,1022.021753870487,271.95820408097006,20.631515198605733,42.66319800868698,48.62295889361561,0.07203546632278544,LOW_RISK
-0.06837902453324671,1.6890753761582522,1.6904589073208078,1011.7548307347041,148.24888995154413,21.836472833221737,55.127903823790945,31.483259764463213,0.057399024222332264,LOW_RISK
-2.3349437602858556,0.6147279853927688,2.414508823699533,1015.2444687651338,226.92166014210702,22.642671074290554,43.385216335506534,42.98356104044531,0.04049723862070387,LOW_RISK
-3.058848266640151,1.2236058188089451,3.2945051097472238,1005.0926852904631,262.26783801572617,17.78454882975054,40.775169166600335,41.84534583131105,0.042402161266647226,LOW_RISK
-0.8840471354163173,-0.009106367309839986,0.8840940354755132,1013.9325451405202,146.39430094716909,27.534644099096234,68.35051282745482,43.32598506277749,0.027308363878805135,LOW_RISK
1.1727343076659655,0.023368571372201302,1.1729671122860816,1025.1689075088166,200.48988839331756,28.04338661724591,43.69955473225877,42.87122197674205,0.05770329629733741,LOW_RISK
3.13858091352819,0.7297524657393029,3.2223017878553897,1026.6459394667802,215.27221357454482,21.890514060616376,56.948578229574196,37.39856603879695,0.06546797054270043,LOW_RISK
-23.32019753816818,-21.01752090249721,31.3937541257189,881.3640238141585,896.2115158910036,62.23596847273552,95.04089936855752,1.744626866923236,4.032658304407022,HIGH_RISK
-10.794811347996138,0.49030639547868127,10.80594060691958,972.0045058880081,447.97503436727095,39.511619581882265,87.02307973442099,9.800248813731379,1.3058726522603177,MODERATE_RISK
9.356350462050635,-8.083388026290939,12.364564527402447,961.8420259178185,642.9120178118494,41.07943707661932,85.92587160033568,6.826056137319986,1.1090898871156765,MODERATE_RISK
0.9715328071510387,0.0894455548802612,0.9756415851421132,1006.9106406320003,131.9341677900828,27.344663201571134,43.20462978891972,43.279680216478866,0.27554301301822287,LOW_RISK
0.3534218371628489,-2.4226977238582643,2.4483405106666796,1024.9634179100194,109.06533848410082,22.613483765553077,54.83791158291277,45.31824530748259,0.04692782516584045,LOW_RISK
-23.74401072292011,-32.65822757081566,40.37744262923705,914.3716497672436,892.2562166997631,54.603937562027596,98.28441800657278,2.316421292942272,2.0601979938384805,HIGH_RISK
-0.8455868292059621,0.25562433356323155,0.8833803742648119,1007.9674308842124,106.91525342082156,32.19490007340525,66.65797841311458,40.49312160051413,0.1320862564269557,LOW_RISK
25.264239518911175,-18.36330462565259,31.232879394052464,931.7827943002394,739.2196463278985,69.14024125911467,92.89167660849884,1.3507489020495007,5.934204054177211,HIGH_RISK
38.14140566160683,38.99036409824443,54.54370099614548,902.5641388111604,830.7613206482495,56.93689362171455,92.27251072494546,0.641364178438903,6.196617771629155,HIGH_RISK
-2.284780357175662,-1.379076887379635,2.668721480754492,1015.2679231714134,248.7758822461858,26.427891037067706,47.2213775699052,46.90712808767171,0.02629522883203965,LOW_RISK
-1.8716747729472742,-2.1205717453574704,2.8284255307318342,1022.7900600998238,275.8303110201231,25.77936936108055,61.51544341140273,42.89986136352919,0.023000430005940365,LOW_RISK
1.3084809550810172,-1.0036091079898748,1.6490462854177148,1010.3718508336873,145.38820486733505,23.268904465646447,61.685176117006364,41.99436723665576,0.17188597739873238,LOW_RISK
-29.93970383264306,-23.167554452939093,37.85659050834187,934.0510547318025,846.8962395775027,68.72596082442877,96.30660686305335,2.2472623462825556,3.6734429258173216,HIGH_RISK
11.51784421527533,5.5242355682297335,12.774111083775882,975.6479135012338,648.0839425428014,42.27701170819238,79.27666634982306,10.95026641460364,0.9244787873915512,MODERATE_RISK
-2.1537932267691593,0.9137071813607656,2.3395910063399845,1009.3521714870916,200.6300240245894,24.05195211994949,45.6980423098306,39.017210356916564,0.008972197860591363,LOW_RISK
0.489199533363177,-1.5004969869083622,1.5782291947508207,1021.9041338213826,132.26660357707675,24.864299096288363,44.921907647960055,45.36668372389068,0.1064590811270734,LOW_RISK
-40.77115108638898,-32.57281075112674,52.18500513689612,922.6514160128171,922.8348007907239,62.12424305418952,97.70676539436884,1.3325355896752376,6.114246110599575,HIGH_RISK
-1.8004446105836642,-0.9739163175990107,2.0469767437529374,1026.187700599749,146.05693350041687,20.395385053788523,50.85304935767698,32.823438341085556,0.1654486760420728,LOW_RISK
-42.69718151184563,-23.69506387138921,48.831397286220536,928.2143659979126,766.2876776973945,53.87313994840446,94.86121934650302,0.7271229570252276,5.424293396759213,HIGH_RISK
0.8648354445836497,-0.18142222291167234,0.8836596455504866,1011.4030690092419,105.36480451008376,24.760695425880385,69.0198433406041,45.00988422377905,0.06884073689834129,LOW_RISK
35.54014882247586,-31.05390600959079,47.19583940111915,905.4901825906799,941.3824636105882,59.63956307841128,98.43995345935724,1.2703907330458368,5.514171547340959,HIGH_RISK
15.101519597219323,-39.29835027458708,42.10007397201741,928.2544648867215,802.9470897770709,57.73970502094776,96.0667828015133,0.5541772956976083,5.476814767448383,HIGH_RISK
-17.063118059134435,-33.71421791762625,37.78622087080356,893.8427542500932,764.5925539748631,52.332168397408346,93.94092773161066,2.3675368865332844,4.0353046953499625,HIGH_RISK
-44.41384905329492,29.03497018115227,53.06241118861136,944.9125047095771,852.0287500476136,67.75910729814505,94.8036507692962,3.523352501506699,2.8310050446303827,HIGH_RISK
-22.278210508603564,35.433284959327786,41.854944110279,890.7274264838054,831.5280691804614,65.63372655408952,98.59087720142242,1.1672069614833402,4.440385132467944,HIGH_RISK
-30.312140661570943,-43.95682978517072,53.395025575884254,921.3689268101692,899.2952954852105,61.45362357299416,94.79131800321618,1.6334359878495195,3.2594435365587158,HIGH_RISK
16.938139442589627,-43.129613566739344,46.336423407432704,938.1962666963542,834.01032455139,70.38032094634826,96.3965412090159,2.0621905868978394,5.068180444143268,HIGH_RISK
15.062419175288573,29.88104428218793,33.46271475547339,931.9914592943553,917.7741059235644,66.74286467090158,98.72437534315156,3.0185028730566734,3.4844123373857228,HIGH_RISK
-1.8913259315025677,0.4963203483216856,1.9553638196847702,1012.2296070369797,244.65464253600604,24.910798865127788,61.70603719993266,45.168595274505265,0.04125231839652133,LOW_RISK
1.9165152328477637,3.247503517351626,3.770850001385457,1005.9099774318859,244.01350041112988,20.63916637280228,43.8061848418928,46.96456755274108,0.1542709460243002,LOW_RISK
-1.1953428832057151,0.7031613841125357,1.3868239039393606,1016.7136786028856,190.93740495767344,25.79769594394707,62.92286759736638,39.844873624263464,0.0958172401931835,LOW_RISK
8.103082357890829,0.497964077442002,8.118368796820224,978.3658304545903,530.1511962015476,46.276711355691944,80.1371297485258,8.813197586182127,0.5796101666169828,MODERATE_RISK
2.498211666693865,1.4254613879603637,2.8762826182715817,1025.6832833657181,114.36589207153169,19.448525798176792,52.997527969270834,44.65776753666792,0.03299555003952059,LOW_RISK
-0.32652180484083043,-0.037540438117715874,0.328672745341903,1010.6846589955425,93.87881718083668,24.471322577422512,62.239261250522866,32.98165699449735,0.020678691832986703,LOW_RISK
5.49695864075365,0.79368076883558,5.553961060448269,993.6852718807309,478.2477062792585,44.22197646280133,79.23760666084011,6.245210719644147,0.7398202470882824,MODERATE_RISK
1.7539433856685092,-0.16441470588874624,1.761632650595122,1014.9731720436503,255.9829253454029,22.694321694660623,68.67940176478217,47.99551665931797,0.03660475863226547,LOW_RISK
5.543928904465076,2.8069546191841757,6.214027834820401,971.9820150660374,557.2315462420117,47.02220286540374,84.88409336455707,10.140710251073337,0.7466222246346372,MODERATE_RISK
5.064979523033459,6.592363465589731,8.313439338275735,983.1859461834322,412.7522702325942,43.22095236914789,79.9229172323108,10.813409728295195,0.706882632082029,MODERATE_RISK
30.55554397829139,32.848045304921186,44.862404618605254,944.8123862108281,913.9824439336231,55.75937550656132,96.92227472210269,4.3120166208388815,3.588980281324364,HIGH_RISK
-0.843431293861459,0.2968661751939717,0.8941509231886486,1011.6993908898176,244.7104453223638,25.637850027216516,68.965537547043,41.38017634766106,0.060548159131827345,LOW_RISK
-12.37400377068975,-7.564314261135838,14.502924517429825,965.3785877180961,420.05157879432255,45.82735710360192,86.8385726359996,8.003312960974945,0.7134509131687368,MODERATE_RISK
-2.5652525889849382,-0.38932001637587577,2.5946273182183295,1009.2040263659045,199.3890446826345,24.72187085503092,64.15280130398578,52.33391278449488,0.0399032158382297,LOW_RISK
11.02172015176055,0.771015097353074,11.048655093904912,970.5420468617318,447.717115775242,42.556025375016624,85.9861301592345,9.293479404916823,1.3084147383801326,MODERATE_RISK
26.562093555540585,17.205248304080257,31.647517805640735,931.6037860086249,854.1613759651857,73.12573346583665,98.72893057994204,1.9726009299015006,3.0981514520768636,HIGH_RISK
0.6381863426774471,-2.0694272471833957,2.165597132285934,1023.4288280008542,138.2722145675489,28.18680770828297,40.610232456465326,50.78416890518494,0.04479078577495875,LOW_RISK
-7.566198576626379,8.170188845496469,11.13549939032902,977.5100354315015,584.8419488654308,39.55860367587077,83.42570203408067,8.787769442878147,0.7614529224787572,MODERATE_RISK
-11.372214055981207,0.0005158619798710795,11.372214067681373,969.1683428274405,442.32080200070106,38.69316261371317,80.46265723980785,5.74667324655916,0.9166436002194651,MODERATE_RISK
-36.722292653712096,-39.91431086059873,54.23724724966586,915.5797801755133,749.4499616213199,67.8950742893888,97.3858745109905,1.7901178179102368,5.261890385413441,HIGH_RISK
10.817615629992197,9.39243641642221,14.326153348152657,968.0353891021331,426.74386857459206,45.38662053561825,86.89997482581131,9.800283138941356,0.5494620871850597,MODERATE_RISK
39.07579604589948,-33.47456699369611,51.45351758661581,897.2701949264964,827.6561044554687,61.40038802300893,96.85328015404818,1.9646138508691062,2.0460943791277164,HIGH_RISK
0.6025675831484122,-1.4596034113223333,1.5790914509948786,1022.1515069999194,157.74526957530935,29.511121002535596,57.724136005537474,33.429779669999476,0.056162286651622394,LOW_RISK
-27.165756643738305,19.930218036848032,33.69260935313729,921.6263975997788,822.7497235212643,69.82986029638593,93.88627713273223,3.3554921810967233,3.889746669279405,HIGH_RISK
-1.6063387470916686,1.3774749090034695,2.1160721385014614,1011.8068665459008,243.46106244264735,23.41121873541605,61.60334000544837,51.954861790007,0.061674331675022016,LOW_RISK
-1.7375470337888141,0.7696281301459394,1.9003676363641435,1005.5696296377643,261.0597998021031,25.0775249507921,55.81765449852031,37.985669213960726,0.01865799209605786,LOW_RISK
-8.27053231488914,3.4430230186553397,8.958577581213216,968.1067093191992,637.0557729402469,46.87141998694144,81.61222735234286,9.175568855076627,0.5109515108438298,MODERATE_RISK
13.042837841814327,-0.6243889440225656,13.057774715520306,970.4231543832092,489.25696283426,42.512153132783965,80.6720727675657,11.36897332601485,1.156553443786445,MODERATE_RISK
11.766886199322718,4.427048600825629,12.57212671515379,985.6542472359758,533.3130446778877,46.19318762346965,79.1240471127795,10.186489730291875,1.3063182248583416,MODERATE_RISK
-9.89780001902265,-3.2498692137941996,10.41768184978463,976.464142918426,471.220549137732,43.826009367844996,84.39338763501405,9.226604135169651,1.1065831450848955,MODERATE_RISK
-9.949810877454778,2.4101657592700896,10.237560035686013,961.15481980575,425.2041958914878,45.46266061332205,79.90675946754791,6.5768105885966825,0.5071587631506865,MODERATE_RISK
-0.10924336898530916,-0.3369497249955369,0.35421636162355397,1011.1167813661247,254.13769109148788,25.76630958477636,40.54243276617056,43.34284314359249,0.08066304995188008,LOW_RISK
0.33582603641869707,1.7226685637951322,1.7550971789119472,1024.896578577174,271.34408677786996,23.460228446359675,40.483739391166445,51.39287583969687,0.05863455285216332,LOW_RISK
-12.329772774932074,4.524897427887133,13.133849146931594,981.4002661838433,449.79668807990925,47.90471672347257,86.92426177536039,11.70189751599476,1.1514458136406507,MODERATE_RISK
-7.16113958406368,-0.5475295557558302,7.182040709775315,973.5641841128787,563.2055959378815,41.53637863140111,84.70725740078723,8.858396551934723,1.1425484400866397,MODERATE_RISK
-11.624739299033768,2.5244772987005875,11.895694574179126,960.3969756479078,599.0479905654307,45.60807541431077,79.0193190678057,6.511010594753167,0.8540722187153817,MODERATE_RISK
-19.406235389064808,30.174958114172128,35.876595005209644,903.9142109580446,976.5653858482216,53.54479482992777,96.78331345761109,3.668085572717698,4.893087587788896,HIGH_RISK
-37.0610294919758,17.175464890126875,40.84747851700373,920.5637987805277,742.4310210107219,54.53787123914188,97.04620591305866,0.9267455369063193,2.779696632607255,HIGH_RISK
3.6686279694252395,-0.2707198703859385,3.678603053642909,1018.0403551164953,163.0886001184179,21.482868870352046,59.66307935321984,44.69451245997066,0.08282989183033049,LOW_RISK
-5.65113658907737,7.960550088399365,9.762463954265037,979.5920418159953,407.94432597026326,42.66634369950187,79.80483008068133,9.3414997340587,1.089363256150215,MODERATE_RISK
13.174326992093594,0.25394054693782575,13.176774168816316,977.4549868179431,640.0035044384111,42.17736194511563,87.01585626209862,9.351085209163497,0.5482869476087217,MODERATE_RISK
-0.8990625344306593,0.8049791287909293,1.2067745599762552,1014.6645669771152,272.6959894948655,24.747507947555007,42.11650191129684,45.00377753727298,0.004435315757889262,LOW_RISK
-1.5024300148423733,0.5271723113123743,1.592233210090056,1005.6346523198221,112.85736865448186,18.23731348957419,68.2993033562245,44.89071626278938,0.08012110430853424,LOW_RISK
0.6600216750799985,3.966515020525552,4.021053347026153,1020.2583743402383,182.47856414642132,25.104819011096144,41.16398364186662,50.326881361298014,0.027431194744007903,LOW_RISK
0.7469974368681747,2.567562720213515,2.6740200995725236,1008.8637016280752,186.3743533010033,25.336672920742785,43.442258750145754,48.857008974518834,0.044492608096565835,LOW_RISK
12.157583403175003,-3.6358429871681572,12.689609467296311,961.6232581391232,438.65657456983774,44.97634822832664,86.13051207143309,7.082719184703683,0.834708191517447,MODERATE_RISK
30.66729754700652,26.013872683107596,40.21448384362982,885.2904837711673,812.3432097615841,58.59501285710378,94.87630200171245,1.4221404879668698,4.933079978907333,HIGH_RISK
0.5004931579304224,1.3559022616292928,1.445324996056803,1013.7141818784671,248.4330753300762,25.70475929001077,48.885302966769956,37.33740861585168,0.08252538058843907,LOW_RISK
-10.019882831882555,3.6494238763437927,10.6637866911282,980.2399895558433,621.1657789087274,47.3614698659853,80.91653185394699,7.967751103146376,1.3573273831856771,MODERATE_RISK
0.027650899598089737,-0.803945167671072,0.8044205398112679,1021.3417042832668,194.42459274444127,24.28832849678241,51.95436286327643,40.35431829745121,0.002477699484451655,LOW_RISK
2.3693582185960684,-1.635598616164269,2.879069502673947,1023.2251337242777,209.14500867021073,25.223455759377988,67.90016133373217,45.58415087086092,0.025282486314764457,LOW_RISK
10.582509353907586,6.708002547161349,12.529437433431108,960.0975247670095,431.21801850953466,45.169769010638774,81.59961524883155,6.051074054243403,1.2601007381409441,MODERATE_RISK
-0.5622312113243962,0.30173948380925897,0.6380835768743589,1000.9654230143432,192.77858421108047,27.056250209699105,42.59372521360457,38.273951645956984,0.04434819596826892,LOW_RISK
-34.064490466394645,-41.55193652750003,53.73037260172763,881.1409266412903,893.9648156623668,54.014174797123296,96.64780620099923,4.110867739244798,3.051835640070547,HIGH_RISK
-1.1748799385043556,1.784205733386961,2.1362895330340645,1014.0648503620959,114.18728048416966,23.949361918735327,67.60120157637711,49.86863115426184,0.08482593229667817,LOW_RISK
-27.209165847332745,-36.05327311462659,45.16832084974507,902.7403401569755,972.4565294949377,54.62958987724521,91.90307054793477,0.9766410607794969,2.6284005911770674,HIGH_RISK
0.0835873684330419,0.10178326579110494,0.13170680072290802,1009.7056478309721,215.50916103675516,26.048267236346902,56.856308687245395,43.50589955485398,0.009904186392764363,LOW_RISK
1.4626796001266267,0.22300118580316733,1.4795814075258609,1020.3730653081583,225.7556108901295,28.831166457891623,60.5262722556546,40.53126990458143,0.012409603644695198,LOW_RISK
-1.3476220070225369,0.6899582144086747,1.5139773483911367,998.4804971020952,179.9917983929577,32.25363079406169,58.4628674509878,40.93727114939007,0.023235658959243333,LOW_RISK
31.298800811132256,16.189839149228114,35.23813025534715,883.956723243941,922.4208719223906,52.97611369321005,96.9026186187503,4.411051153855498,3.4666558464024524,HIGH_RISK
11.054422503503925,5.19426669244236,12.213953633373187,977.6877578914864,613.4933599399717,40.128507709599134,79.8313537157177,9.02728533388769,0.6308805731858959,MODERATE_RISK
12.413518575232885,-0.8400617715662091,12.441910914232542,990.7458635776234,447.32512394480955,42.191050862867066,85.98678105907632,11.431916391302856,0.781995048936184,MODERATE_RISK
-17.48242511669614,-24.474944854591712,30.077535031916987,939.843881255576,949.0362788976861,73.68314083051456,97.84671700395936,2.9682167784871702,5.142877844810478,HIGH_RISK
0.3165262008039276,1.6606210039304592,1.6905179545010383,1006.7025706724639,98.28439836342764,16.32129032909719,62.10383706130591,45.56728020028276,0.0033312041092957716,LOW_RISK
-10.091764078021242,3.3816567265754145,10.643275079731458,971.7582313895936,606.8976064540361,42.377995312747736,81.10001852782305,11.351800676329995,0.9244283598132372,MODERATE_RISK
-17.594533264549156,24.889394902431746,30.480314621186608,895.8412602582771,870.0504608787473,74.52715776533978,95.50721740778422,3.390064428385047,1.8764304260344475,HIGH_RISK
13.595887005491175,1.860233998165469,13.72255858045483,975.0292596667944,569.4044331527616,46.65841475419942,86.60016752909546,5.699726667728247,0.8312627346955688,MODERATE_RISK
23.4620287363283,-25.103783661774393,34.36083157552311,942.8101960780068,747.6995403381767,63.223104035955366,96.43563315239935,4.221966487505737,2.6490285960837547,HIGH_RISK
-6.7609966606280825,-3.6889380060274943,7.701904923935259,970.1601566039944,621.4415715398667,43.02531684257075,81.2687878976532,7.5471119869281225,0.9654403734400622,MODERATE_RISK
-35.22630481162943,-38.80368194147259,52.40818908240193,942.5470082339634,803.5870601254496,52.42761734832977,94.2739071763797,0.7308018779641774,4.55890695594559,HIGH_RISK
7.584370370938658,0.8197752407774315,7.628545429435673,975.7707861138149,587.6924249561882,41.84856262493054,84.67548272334338,10.877300206667604,0.9851801046861144,MODERATE_RISK
-38.262435448992704,-27.3346991386592,47.023395703514964,934.4164129365668,920.2029613745933,58.97643176546618,93.45980748164466,3.0915206940492106,3.5923358920421276,HIGH_RISK
6.49580483127871,1.7302137657792716,6.722285331742168,964.7274811249487,546.5123293071264,38.13604395450668,84.14064984727398,5.755576669845076,1.1300306368683697,MODERATE_RISK
-0.33145439929983445,0.8828676066309145,0.9430361762166991,1020.348326698134,92.2892580261575,20.63349931136359,67.0489368845908,45.34668580857674,0.11683348941125246,LOW_RISK
6.429674227495602,-6.7679146251195235,9.335168934980658,1000.0317179090571,476.6830315112121,39.27053250238004,78.39132254483859,9.541436009620082,1.1794341529739252,MODERATE_RISK
10.884469674449099,-2.658653394049579,11.204468660480666,978.2324718753356,617.3799278003564,43.55703540720301,84.60386440271344,8.338696628011833,0.6429539258438141,MODERATE_RISK
8.06788885625543,1.0013778471243227,8.129796319072323,960.8792439368437,537.2400520527541,46.925114190941514,85.73261152079988,5.693517398146358,0.7151323488348256,MODERATE_RISK
-30.326580246739923,35.5822789278651,46.75254049955306,938.4583479789513,827.2316674033173,57.44576201228978,97.244309541116,3.9055088211442315,5.1495747015576665,HIGH_RISK
33.781334113971496,-39.138673246212136,51.70120190086045,909.2327425695483,744.6711855622053,58.96879140528016,95.34177893550604,1.7464376611965515,3.664478772098478,HIGH_RISK
10.204961924338736,7.966695435207231,12.94640815186031,977.1566877093362,561.5008527477372,44.86233280096448,78.73316452120766,6.977465647050405,0.9420378568794054,MODERATE_RISK
7.977983789244148,0.7005682940058156,8.008684116383204,969.0812393365691,507.2376934883526,41.90515697684394,83.08577921868715,10.801541511762514,0.8082853065586468,MODERATE_RISK
-7.060481025255007,-0.5101600109762909,7.07888801612127,971.1250868509456,616.6359042074574,41.98377675659431,81.49327035975911,10.734824856051542,0.6401722386680998,MODERATE_RISK
0.6193971814134365,-0.5822652278118432,0.8501092070208904,1013.3065052690254,148.54618508558144,21.47698364158908,41.79286822535153,53.356737877187385,0.0007427645455569902,LOW_RISK
1.138453830739901,1.8716131090106007,2.190664911515835,1015.3770258372164,259.1379888533233,26.890521383373624,56.87966268708227,47.95568058961966,0.07205421674362779,LOW_RISK
-8.3328815790547,0.4898754057606993,8.347268614565987,972.9942881934423,482.3534152231901,42.5272542662994,81.31393087696516,5.549017102653991,0.93141706029425,MODERATE_RISK
8.05178851936412,3.086734338000123,8.623179647551877,965.060790708246,398.8210915466195,44.96145924938541,87.92787018263587,9.555395713576328,0.5420994351711019,MODERATE_RISK
41.05881796438595,-41.46347061582466,58.3527713835593,889.4581269669459,979.1770381099011,55.7330804464186,97.16835438351185,2.329388103796429,4.710248141743898,HIGH_RISK
-21.087776571059646,-44.67221929103542,49.399407861808314,930.6497323203466,936.1088685642757,66.61448941211306,95.9849187213022,2.1263416398632367,5.297221507464014,HIGH_RISK
-13.171015403715495,5.981660761797897,14.465680496753116,970.4300816617476,632.0455067096574,46.77545542559473,83.73827573583857,10.309553134557653,0.8904272328664941,MODERATE_RISK
-30.02116771481656,-25.92584103875652,39.666355321960395,925.5121368657756,850.9586292806308,52.45843984375355,96.19520373901995,1.5312361938687715,5.158505953000065,HIGH_RISK
-10.242984533377946,0.8012260162684433,10.274273467265957,991.2187374778505,440.34466367575396,42.71767151149824,86.41027637757412,8.836408285986739,0.6181359899835839,MODERATE_RISK
-18.795770289467338,-20.278248974347864,27.649382673760787,943.9445387469787,889.9704500327973,67.37693808792852,92.15491647095739,2.6257475707443922,3.6903536242534263,HIGH_RISK
0.40057539880388826,-3.2277231019939574,3.2524847537340413,1017.106533818683,140.49326349229392,20.631433626285066,49.65059106103928,44.87800716381922,0.08618487647574563,LOW_RISK
5.273811856886771,5.843728714433046,7.87161081289775,999.0158366103035,590.207371784126,42.42103746207779,78.34998841263986,10.076647948583425,1.0455595752035909,MODERATE_RISK
17.70309839151685,-28.161346466514015,33.26351045014293,885.0893223541489,945.8331768058605,68.34626932299338,96.71077959702981,2.8619653826192186,2.516650914482798,HIGH_RISK
-1.4722629765719264,1.819646549968775,2.340656283822487,1004.5520324890975,165.8124738605332,21.196357081251072,47.42388943699439,48.604984764528176,0.2542334652067069,LOW_RISK
-25.797237824810196,-26.944478518029907,37.30284710311524,931.5458271171588,851.3070430105964,62.629673413366525,96.11817376811172,1.6895910926308941,1.9862571858399858,HIGH_RISK
-0.5815523399039763,-2.4937379820535117,2.5606507468188844,1010.7875322308889,247.77077238081378,27.493628553119663,42.80560370793729,43.3688314777932,0.09291201244231238,LOW_RISK
-0.6309679841480386,-4.344383067290534,4.389964103769022,1006.0335875651399,130.23385350968027,28.398447954064853,69.5970847233798,45.23003193368171,0.04305807949639017,LOW_RISK
11.34316252518968,2.150212306642252,11.545161282394599,977.3849892567306,463.49914982778705,42.155595321233164,78.350876112163,11.357353055360116,1.3617424020838564,MODERATE_RISK
18.642472959358628,29.903285267631833,35.23844871497303,936.0955122974481,920.8037317588552,72.70781916910879,98.53304735600018,3.7057667786780257,2.988184029678542,HIGH_RISK
-1.2237154274481574,0.4217871359540637,1.2943661906241828,1012.6423918108599,221.88777292679495,25.745664678976187,59.52173153001401,40.037109966355885,0.09318799304886806,LOW_RISK
0.26186671924775845,-1.580123344760484,1.6016753613971353,1018.3571354048671,145.04223925524227,29.00652730083424,65.09319212128369,51.72573810226207,0.1232178033154236,LOW_RISK
-5.866218420266447,3.168675312829304,6.66730993672915,975.1342048538846,435.32732877931994,47.17361985065277,85.19489450259408,10.236610115089793,1.1669772179643978,MODERATE_RISK
12.809349137900192,8.422711832329817,15.330410951670315,961.9235741890656,606.7620846219913,42.67892528132025,83.00264507477462,8.898378927521037,1.124849405371675,MODERATE_RISK
-40.275811538628304,27.19684510270978,48.59845037278343,888.5413491673552,720.4296469169125,57.76119735682812,95.43513582693532,0.6335622833159027,1.6588251535066627,HIGH_RISK
-25.205128511654685,15.39075840938773,29.53259127989224,922.3796841431322,860.9954361429554,74.52308575476403,94.1818556584295,1.3423355763305778,5.372099181244698,HIGH_RISK
22.5150479065411,-42.799259026003355,48.36014842211271,890.4133090357104,725.4475642765765,70.51236645380516,95.84340036704046,4.236059566326388,5.593497010243441,HIGH_RISK
10.838722435129888,-3.7820725909812936,11.47963314349548,976.8228022353787,570.3025246554934,45.70728615306566,80.0570429497657,11.923606511986595,0.8302060956788375,MODERATE_RISK
29.415940294752247,36.277862813385,46.70525531170139,914.3626290914957,781.0714431526733,70.85770988964254,97.55257507689207,3.2829221121295924,3.728322447245255,HIGH_RISK
13.876851580448117,5.815041023245415,15.045986570770706,956.0796642751433,410.8109844404302,43.86267843193268,85.46459759221777,6.604975928862007,0.8274494392415468,MODERATE_RISK
-19.58484533177677,29.95794097191046,35.79168051301992,886.2100769573252,812.7009572357108,70.96524501757722,91.4944339166087,3.8349957236827326,5.682813320531775,HIGH_RISK
16.062569198425912,31.549402082941437,35.402978703003654,930.6076645187891,777.7227389113234,62.215881960074505,94.59011110741467,1.9016357792721537,4.620747688186171,HIGH_RISK
-27.92225924643886,-23.15336322624904,36.27300359926045,880.0031280531302,943.8054990679208,69.46190854984651,98.66806615488164,4.05510810201179,2.362005089515649,HIGH_RISK
10.288055949348184,-3.9684080685814553,11.026892482277178,980.6928932327006,590.6612674868315,41.25835594844999,80.58618771310476,9.146816779883574,1.2511147611838525,MODERATE_RISK
-1.0393643928909813,-0.148334479786714,1.0498959277486664,1017.430112842126,96.31974400096767,17.35343779739297,53.971767330024925,42.000893030414694,0.04885520566984756,LOW_RISK
-0.8173786302134246,-3.259004319021054,3.3599430019759944,1017.2489129899229,190.1063361192451,21.1648861752529,69.67839835319154,49.59935757977215,0.06855679250030255,LOW_RISK
-0.05373905866492731,0.11523283659038304,0.12714752476890148,1013.9592607276915,88.3830433432515,23.192202512352488,59.12207443627665,30.8348485492863,0.01146488938460616,LOW_RISK
6.560358410817574,5.917038977147851,8.834571451715798,974.0487512244653,549.6508186306365,38.506013871218045,87.58784604725031,9.487270699888008,1.2017849497512096,MODERATE_RISK
-41.496156056203866,-17.796344123246087,45.151310408379295,895.5918138373434,750.8206436136686,56.40828090136358,97.9809437615729,1.0613454671700238,4.114393414911605,HIGH_RISK
17.573732647861096,32.52583906003686,36.96980234918654,937.5836545493667,737.2748242726541,58.72277961482176,97.0484888960443,2.003025514027648,1.712238746326201,HIGH_RISK
27.528157419071903,17.770693747177862,32.7657901956475,883.1207712645976,948.6756140723827,66.6662785455575,98.42361803972506,1.9209321282661604,6.045948515069988,HIGH_RISK
-1.4333106609006387,-0.5592497281376505,1.5385511720685348,1027.0050232496583,91.71306105690677,28.717639939163263,55.083503255400416,50.10018253451045,0.006007922423816849,LOW_RISK
-38.77463182110214,40.81101704015795,56.293971122262185,917.9402778822221,780.1031131100193,72.6218220352645,95.45352465128248,0.8631190414187428,6.016949358258795,HIGH_RISK
-9.52905510847506,4.788952185561252,10.664752894274978,970.6115000952183,448.81812823101956,39.37217231610066,81.25051523609588,7.356029096151968,0.5513059351847232,MODERATE_RISK
34.56332571656185,24.54019258183201,42.38920306566931,940.8901845296606,888.9538075289915,58.41324210384601,98.5103061137046,4.23896945190793,2.95022349532234,HIGH_RISK
-12.07564402278392,10.21805955761904,15.81865732886476,984.1776819779514,448.44667100975397,42.19838782355077,85.50084074948663,9.006218252897536,0.6703461501510879,MODERATE_RISK
39.79911443313017,27.129139741879698,48.16596031219378,933.753623786462,823.0329347422365,59.250778589607314,91.33478355906348,2.5811549234860185,1.9440580220175585,HIGH_RISK
5.801028601844116,3.689299189799499,6.874799004426874,957.2810331775356,463.61375237489307,40.845608397616026,78.84543335380123,8.399371966818865,1.3483199587035983,MODERATE_RISK
7.993909398388023,1.4767976250921773,8.129176999863779,986.5658165159424,615.9313395956141,43.98193878517893,80.99991470553711,8.429036811546792,1.2011857302316962,MODERATE_RISK
-26.867975455494822,-40.96251105888361,48.98791093041459,902.9843429553716,874.4034088910369,72.32592699112925,95.34491109372256,3.287774503358814,6.084716520648561,HIGH_RISK
-40.18210031683517,-33.078488308040725,52.04601401276943,906.9118150440985,794.1178985227958,66.38402519341084,97.91050045788975,3.7305845119862884,2.4103108491646057,HIGH_RISK
-43.26439809198586,35.115407958563026,55.72162971735609,913.6932873096257,911.9819629743971,71.44891028726312,92.11227327054702,1.9836946406359046,5.074228334430003,HIGH_RISK
18.176370644214067,25.356213025059972,31.198044630522404,920.9836040389099,805.1634588585981,63.39193803486103,93.41892313912054,0.9557824547220495,5.0029335241416515,HIGH_RISK
-36.49581528664214,-25.528599741821388,44.53823007501337,918.8239149714784,863.5211127701825,62.417456023189416,92.28722686442059,1.5529240202611065,4.556369084560911,HIGH_RISK
0.9342748985212481,-1.1351926328541913,1.470214916157947,1023.9736884143227,188.27488418148766,15.294431717859167,64.71689144873993,41.80707087427485,0.008770850039929662,LOW_RISK
0.27725418554231085,1.4293118208044082,1.4559540392786934,1007.1837434488992,279.38988348233397,27.33725666574124,68.97311331652861,48.09516473294266,0.038010472844904206,LOW_RISK
11.87282329270898,9.391467982808411,15.138150607389543,963.7165842973421,490.9276579198456,44.44288156527779,79.97580944350477,9.074486958377811,1.038216528352973,MODERATE_RISK
29.509511375284056,-27.281372453106922,40.18811446849877,908.618146104651,931.6555153565689,56.8112456338648,94.9551736221941,0.9427823827827662,4.921748904700738,HIGH_RISK
6.176284283734817,-2.0792053347783748,6.516869062493166,975.0022394799579,385.97598440069186,45.46150503826788,87.10677739918304,5.523068447121013,1.1232009331173922,MODERATE_RISK
0.391582908269834,-2.9973010267981612,3.022772009148949,1004.6751421356788,248.93318181804486,27.14516363806876,51.169212957191434,48.58294669879826,0.042744745325409735,LOW_RISK
-5.583507969075721,-2.3035753148970386,6.040034807195657,972.8358128836163,514.839231572666,43.7366659754901,78.28518493911292,9.249133105232037,1.1971042249231285,MODERATE_RISK
18.753484789484567,32.604299179059936,37.61294347305296,903.7163946058267,884.852577873455,53.37839996173451,98.29580594945406,1.2618672939914006,3.4390156221148875,HIGH_RISK
0.03913657531625068,1.7428174539122856,1.7432568224988498,1017.715116116148,242.37322480207595,28.780846138445934,49.49406352184496,48.03920169367504,0.011901542942480244,LOW_RISK
0.33320065745056926,0.40068997651722515,0.5211287128981342,1012.6052020056259,271.2583763026723,24.967547193553,58.60004000432225,46.788306833155445,0.0421017638035939,LOW_RISK
-21.816620822997315,15.615675351375458,26.829354461372997,939.7606646785641,953.7977595134291,66.1521623662311,98.01987233054027,0.7270047286920955,3.445816570538202,HIGH_RISK
-7.0227503435962175,5.125432479226059,8.694198093417597,969.6806849170791,636.1980387228552,39.82597131087099,87.55811743174374,7.400258257398485,1.0925213829667664,MODERATE_RISK
24.288999711251794,30.329307468766693,38.856433167600144,891.8513695660796,753.1678222760122,58.05460409428467,98.88723061698771,4.324380652501394,5.623001289230876,HIGH_RISK
9.617624805770943,2.6220464150542435,9.968642550883212,990.9912324083673,481.7881735489914,46.08927307217792,79.30623966869292,11.781826265548077,1.3380422819995599,MODERATE_RISK
-28.713617228041322,-27.180173198462278,39.537749422758985,931.3861555195714,726.1501370055613,61.5597560329001,98.49350591427915,4.108077197958173,2.9366537063360747,HIGH_RISK
-15.152013434917869,31.97801246076142,35.38611015741267,890.9820231208049,839.0979042158896,71.51748235160012,92.84820940675435,0.6241137696721291,2.661742785615364,HIGH_RISK
0.7829123484253464,2.3917575948374585,2.516635877074702,1012.4239619188077,84.74155072890368,29.998019602824634,63.1852025027951,47.77970725822921,0.13298630347674456,LOW_RISK
-29.813663107692243,-42.65783011891109,52.04368336650326,926.7386008554963,803.2598106518157,63.96732798960828,91.18256584011878,3.0363601374473213,4.0895946273098005,HIGH_RISK
-16.39924352777433,31.437433310299475,35.45768465964431,919.4828694598748,743.8228859698157,70.18442880581077,97.294962153481,0.5131245160412026,4.619113569398804,HIGH_RISK
-9.063917248757509,1.615150951837684,9.206699109319587,968.1339546815179,426.39533036756734,41.621487834802366,87.2777109840682,8.900749648456504,1.0662018291323871,MODERATE_RISK
7.086112498549217,0.6678095160979103,7.117510793239892,974.7907896261693,428.425407001429,39.6810254980518,85.88977187852294,7.084501705037728,1.3722048778466647,MODERATE_RISK
-1.621594991399846,1.3069459461858663,2.082709298578353,1012.9355416989789,227.00503723796467,20.22190824093586,69.97621896830323,44.2108124507987,0.04845058066916783,LOW_RISK
0.12342598391313628,-0.31669535824154166,0.3398969306078891,1016.40037838573,251.44618747395822,23.619341178200813,68.29587549080352,49.21256948227502,0.19173486524401973,LOW_RISK
10.670064219018709,2.08048451832344,10.871002082097439,969.1330541123813,565.9939507949001,44.69498576550694,82.71937928556459,7.67100467237286,0.7478381133274501,MODERATE_RISK
-6.743650397223295,1.2037497849605205,6.850243369746976,951.5696089834815,468.58793847729186,43.16654400728603,84.6504811238256,8.277106775506079,1.15238345514266,MODERATE_RISK
-36.467089064192166,34.34946786159425,50.09725069492756,923.591453511219,842.7677377249615,56.16972685631999,92.42296506827383,3.6397573939382726,3.920267428352812,HIGH_RISK
36.009167769434285,32.51511781506974,48.51693570265058,926.9182829186853,759.8095180354907,65.97888738489864,91.25407830992384,1.917009214008956,5.948646535575289,HIGH_RISK
11.836056505225175,6.764692179760383,13.632802128755278,987.1209071932274,520.5103664643017,44.02844746786351,85.18877980394134,8.577346140948784,0.6333599572965263,MODERATE_RISK
25.183266172121535,-42.60787793984862,49.4937183653942,892.4219184760761,909.7312299787827,53.674755800303714,95.59603462001118,2.2438399565150564,1.7068546063240233,HIGH_RISK
31.379824062689252,-23.455528755584695,39.17722791889942,922.9704448724756,940.2384957996956,67.39367547752327,91.41888299355526,3.511924295904787,2.184663609057133,HIGH_RISK
1.5735138387553338,0.7337806952214952,1.7361969673496978,1021.9778434014877,81.2928715579421,25.005302754937627,46.96868962289358,48.709111471950635,0.023746606160128577,LOW_RISK
11.10898385168386,5.307354522836457,12.311682835747733,991.1652165451375,494.8459240687446,45.99227106291527,84.90506632011136,10.829233853186409,0.6078972837416038,MODERATE_RISK
33.21173977517071,-26.8821556175007,42.72785917334475,913.8166129998727,905.5641065913243,73.9412003664813,94.56159717016507,1.5378630822437325,5.585917618630845,HIGH_RISK
-1.5397729491165904,1.1218653841763007,1.9051201208963808,1019.2100425030183,163.73902866553684,24.845028420041828,54.12117841947812,40.466757274228534,0.08025329286651908,LOW_RISK
9.239745656340618,1.098594059823201,9.304827172072791,963.0702662898086,616.6511155335887,40.10687917030302,79.57182471608374,7.683763715598738,1.3186524171946208,MODERATE_RISK
8.918504565152121,9.148959858418674,12.776665847144764,973.5177711115688,468.0143418175793,38.768494618612344,85.78468339915185,10.305382586851842,0.5508631619492561,MODERATE_RISK
0.06965482223422322,0.6715753887154164,0.6751779743065852,1019.2546333401741,119.14252801992981,27.107591694663174,58.05059825861395,48.07983503023419,0.047865542962467145,LOW_RISK
-0.7953864275586612,0.8482644684473162,1.1628379842328582,1018.706416525701,279.5498778020401,22.64043072897757,46.76993749156165,43.41119552991302,0.011784154117802615,LOW_RISK
-44.85155259825017,38.18419222225968,58.904111114081665,898.2504014719158,913.7568040710005,67.10808595196525,91.33548532479095,3.6888666643859844,3.4228609616152523,HIGH_RISK
20.53463631493193,40.438517241822474,45.35355515616934,902.8354048534206,825.1247919408645,63.737189418476916,93.2085752989269,3.663861595474796,6.338870004800215,HIGH_RISK
8.134471538268723,0.7611567527737098,8.170005312678624,969.673932433265,570.4010243076857,47.81609427332015,79.92411037887139,11.730601051671933,0.7783768989367679,MODERATE_RISK
2.845189473980921,0.8458636800785394,2.9682635509886652,1003.1893771286831,159.53688288661095,22.554459010445488,45.23495459193865,52.06013439271625,0.027166784590253762,LOW_RISK
0.2937678826465223,-0.3351989735577782,0.44571057957918053,1023.0969961052378,129.37140551914658,26.393366956984508,68.8483432676334,43.8920015280748,0.04397479823357744,LOW_RISK
-18.53154597247882,-18.042244387125926,25.863889472677403,935.3791691820101,833.5084920602337,61.26692117631801,97.67235532977186,3.456418144834829,1.7062320571681127,HIGH_RISK
7.52194766291514,6.23184285535517,9.768088964453375,975.5860891737179,634.1292727613275,43.24707541182266,86.20027822265425,11.548125327269135,0.9563026914465547,MODERATE_RISK
-1.7264903661334543,0.05700521725230043,1.7274312082238212,1027.6540894520867,248.18174208058144,19.94200637218014,50.16198867323294,47.04719265321126,0.07705933155987978,LOW_RISK
33.505495538277664,-15.222609236419505,36.801441048283266,906.6703857967909,799.7591133697674,56.617070212812095,92.70563426208759,2.9832163410751744,3.9845001420199737,HIGH_RISK
10.50949598650831,6.85271675356636,12.546283624844584,981.6943837154247,474.6896284062964,38.837241331089096,79.1044312694115,8.547804405807096,1.1437063607986682,MODERATE_RISK
6.4554150049709715,1.1359943137075466,6.554606469284044,982.367633451679,431.12388538006184,40.374689072227454,87.64823125472248,9.064157990443672,0.5164935516906788,MODERATE_RISK
-1.2747665541971878,-0.5505417586249834,1.388569766230585,1011.6261549008348,88.81317231407628,27.584024748458205,45.34994537284649,40.409904691805174,0.3131698826155364,LOW_RISK
-25.50484595904098,42.61000685016802,49.65994211802683,934.8971245984569,891.7895322387853,54.78202852035404,96.14120666464454,3.106663982750228,3.703515856474665,HIGH_RISK
0.9612642919005148,-1.3228119768415767,1.6351943508214912,1003.315915396147,206.98133183063254,23.777557543384788,63.355476401849906,44.03286185709397,0.04943866355794588,LOW_RISK
5.907264774251767,2.828557747114274,6.549543193374326,979.1851455915705,537.288958023842,43.24877218005582,84.43633788119621,11.947184540435021,1.2133320261768898,MODERATE_RISK
-11.641578082276446,-5.7022694413315085,12.963109851701578,975.4030769933025,527.3050736212703,47.33094073109854,80.67751665539542,7.8009712020403335,1.2477134505551666,MODERATE_RISK
8.289063361879462,0.46327333717209784,8.301999373776598,953.0249899473797,412.8202899699327,43.54580671535624,85.47892254026084,7.595308107140146,0.7194414673403644,MODERATE_RISK
-1.5865663934338505,0.9707939095541116,1.8600090686878525,1017.293761273333,140.6571781698566,26.077179010322936,66.23194095124992,49.85158100894141,0.03929923781872912,LOW_RISK
12.442541225756997,3.4770551105996184,12.91923931184841,992.6482588379174,449.6249009579623,38.791446682782095,79.57452957189847,10.911164035027692,0.7969370187582273,MODERATE_RISK
-41.72273901026975,39.707228320539215,57.59731705052343,924.6182185736651,939.9344335336493,61.854881257601384,96.81573075568832,4.308097108678292,3.9511188888964566,HIGH_RISK
11.525864170078858,1.3869577864027782,11.609013600145833,955.8884067473952,437.4876671131625,47.914018630496116,78.37916944073633,6.689326992196651,0.832777257175725,MODERATE_RISK
0.25705242178495574,-0.68832639430341,0.7347579006994374,1009.9757404950951,161.54962100054644,26.92363237099558,42.45815317114438,53.83255900163817,0.1531351830057395,LOW_RISK
-8.314793438780585,3.9197589645931146,9.192404487950732,959.7501505985595,404.99553810406667,43.29190098746567,84.01670021763594,9.621240327188456,1.1585659762270446,MODERATE_RISK
42.483325316089136,18.988568122979007,46.53384412740553,904.7702500917499,838.7235371792968,60.58321957686468,94.83733746288068,2.9573181642429223,4.96575272799641,HIGH_RISK
-19.5678039033563,18.063710940606402,26.630745437294642,893.0227086501592,929.861620355968,59.089429171388666,91.52209389650127,2.570289671916785,5.062827986240938,HIGH_RISK
11.350578237621296,-4.102649637147368,12.069273398740606,970.6520530662779,418.65447109994636,40.72667990268144,85.51717041478483,10.650281268307047,1.2291139715107633,MODERATE_RISK
21.99772924361994,-20.04320583618401,29.75953951369632,928.8516360654991,838.7937584377676,64.14564246994651,91.96455213564091,1.166095451723546,2.6919123506854814,HIGH_RISK
-8.181939687839034,7.180828290678576,10.886157816036166,975.7166855388025,584.0860208181646,45.85601792423022,81.25644776949893,9.459636715967779,1.093531710458107,MODERATE_RISK
2.2440664672337745,-0.3785302531894314,2.2757678840212874,1023.4490003302298,80.83748872559157,21.14319971430702,65.7623490558874,49.38357093193058,0.13902466446932604,LOW_RISK
-8.98928097327466,4.121476755995197,9.889071901178923,1000.3036966864169,424.3385787213834,38.49767196588576,81.6436829410008,9.478306017775411,1.3286641421237504,MODERATE_RISK
-0.9009580348782075,0.920276959095625,1.2878800650890951,1014.927275322197,156.19825473368,23.468731241548124,46.14937698477733,45.566971959833445,0.013599644882432732,LOW_RISK
-0.04904212214113966,1.7602107862279874,1.76089384736771,1024.301632629524,170.83673254734123,25.034224323297398,67.45416461214688,47.23268253470356,0.08603590856403709,LOW_RISK
19.93688629859461,-41.17279628971256,45.74580406547969,912.8796560598388,934.8858246550785,65.03287452214585,91.32941839170412,1.0558330575340729,4.139570836001045,HIGH_RISK
-20.114925653636828,40.98319683913626,45.65339699525902,890.070429644907,763.6013039571964,74.36382866170071,98.6530801078209,2.245573037719368,3.7683050365320425,HIGH_RISK
-1.2919263019923954,0.27682695479555547,1.3212519565477006,1024.7990560277506,139.26516037996,18.952466321747146,68.65525481434398,56.939838527623664,0.003422612715938452,LOW_RISK
13.748863938910798,3.9383655153570993,14.30181745594719,964.106573622879,621.0542062335782,44.55948710838392,86.83777458208587,9.183264504413405,1.0706792518527064,MODERATE_RISK
-8.57832682379582,2.541715338879828,8.946955234030842,979.7263976299001,387.00947495555863,46.75653387674586,84.85029949269189,7.5199510199207396,1.140104553323452,MODERATE_RISK
29.45672658172454,-31.01104491529655,42.771294668843225,909.8750397316767,727.1677426173198,70.36056136291529,91.91096002084292,1.7321450997129393,4.770535647794917,HIGH_RISK
-5.166107771387204,1.4186023107444592,5.3573409469285025,995.2217410008737,447.2025640021618,43.26802918855937,81.13083169351351,6.756033944651636,1.017232883527539,MODERATE_RISK
-12.055327512276989,3.885565051059963,12.666038733332575,976.155967386799,642.5101464702618,39.70754550996197,87.11085131574049,9.4934806584189,1.0132154982012205,MODERATE_RISK
-3.037713879986411,2.516551221114661,3.94470983282114,1013.3641845426914,211.88459241639953,22.285427754823587,54.55800227027865,33.47894032028017,0.0337892773203095,LOW_RISK
-0.23351585308811923,-0.3055106252654488,0.38453399822844997,998.2106049188876,271.5891719852275,23.73059803102986,51.138127615161814,45.738779537000646,0.054473305038635636,LOW_RISK
-2.5041079216820576,1.8315505432880292,3.1024399875016937,1014.6516913512681,214.45013745883892,24.212312768012442,54.12102998473185,48.726803620389376,0.15786758484102914,LOW_RISK
-15.168998351441475,29.370808769272013,33.05666224450345,886.3073256031452,842.4775442137366,59.88543745828988,95.79073900457975,3.338729292229245,4.818461179468116,HIGH_RISK
-13.84650429458199,2.2529285860524046,14.028591105087125,976.8030505133751,507.56428879056585,38.89016124733896,83.94159357879651,9.945872161641232,0.6117441678930298,MODERATE_RISK
-8.185151004906354,1.5847500623881325,8.337153575013398,987.0357805453345,469.8167152443638,47.32450421080643,82.78702200850786,6.8968268182325065,0.6554791814107703,MODERATE_RISK
0.4617026533380888,0.7696586972641241,0.8975209470389758,1028.8832594700023,258.13169109236844,27.631052704601494,68.16157905933589,43.792847176375034,0.11929095456467685,LOW_RISK
0.7088962236195645,-2.424465912654882,2.525978784053332,1009.0022328175043,203.08415596416708,33.30026015739416,43.316294989257415,49.892289028332755,0.11527193573003816,LOW_RISK
25.846664876107848,21.6827434064132,33.73709304083833,932.1626322012536,777.5319563967806,66.22419985447456,94.54801106040033,0.8623776229902664,3.2365226695034077,HIGH_RISK
8.682294091258601,9.694053950413817,13.01372017067517,975.9901444948725,558.8741557597552,43.690465748936745,86.30116911308123,6.938029761466364,1.2847225898827728,MODERATE_RISK
0.49689514710534594,0.8154002318916485,0.9548729367752536,1015.3504906320154,242.93420094199783,29.363446682414793,64.06821091442433,40.94553031899875,0.055297710552741686,LOW_RISK
2.2943254791909204,-1.2695349824863102,2.622145777072885,1016.9554783621406,264.48685673122486,16.126608959795675,50.66589391456023,39.51428175185593,0.006639676320275141,LOW_RISK
-5.074008182500024,8.080366963964405,9.541377746866777,963.3479800003471,525.3282415130867,39.26426227155028,81.06838130702619,7.989749277718702,0.5970413064667524,MODERATE_RISK
-29.02974372564123,-32.88589340167477,43.865795394620655,883.4773835257645,892.2280939811012,62.42207852056391,94.5280448074493,1.8020086613075574,2.8221378188714192,HIGH_RISK
0.7184697386195877,0.6548397062365017,0.9721182058659361,1012.9074129495074,269.1941779691199,25.628511675963765,44.04935458214926,38.74400431683161,0.07521497886754057,LOW_RISK
12.018368080608292,-4.628574340529219,12.878853665865986,964.2680972593295,457.3677976095306,45.91732892999653,86.19346148721772,10.367454725002032,0.6039227976600992,MODERATE_RISK
-7.3557758213332125,2.739308134486616,7.849283215005994,968.8596183845059,601.4931540628332,44.09695455144984,80.6680378209225,11.345882437986024,1.050803507598301,MODERATE_RISK
-23.387130161117085,17.355336546322317,29.123282160655307,939.8399033667727,927.0639970803679,60.19266740172333,97.61200533584582,3.4882709372407312,5.743963631895028,HIGH_RISK
-19.966595393240816,38.175058970541194,43.08131914184712,929.7013396285233,856.0442395623948,67.76714434524924,91.73896671420718,0.7422803326557781,5.836718227509145,HIGH_RISK
-5.640860457871093,9.221667385679122,10.810108976197775,985.4505614523121,412.157015554526,43.39426514576236,84.45533990880149,7.981954127647324,0.7935347454074254,MODERATE_RISK
-0.8461179461050925,0.14697473020634316,0.8587881869473564,1010.1102311515131,102.12071977463216,23.04609567955856,51.304318833226375,52.12313866038622,0.2290539042736672,LOW_RISK
-41.08377308521213,44.90464349688548,60.86298890540605,911.6334601055746,808.4744814455833,73.50939370052411,98.42736568755141,4.489610827772136,6.3644252244652275,HIGH_RISK
-6.452752889188165,5.0692294504099475,8.20579716236209,972.950675257584,389.0609790447578,42.92748896129338,82.35291331495333,11.677874521585672,0.5979744019819897,MODERATE_RISK
0.286648602029855,-0.16095321600634332,0.32874512739880235,1001.1126104266266,237.01278420928622,28.805224977197934,45.96789339385115,35.851590923959584,0.053741627044080906,LOW_RISK
26.03954720813124,-15.501332812131789,30.30427919876942,883.5593600971699,826.6742847698214,59.78581484172511,91.57510313124098,3.006759608901431,4.766542752281781,HIGH_RISK
7.244382091963029,4.368455601139674,8.459578963133048,962.7763538501276,564.0851390467843,43.46279104790284,79.43295991430935,7.616833759807611,1.395364826355613,MODERATE_RISK
-16.315410561328896,33.488900006782295,37.25183277973026,926.0044198786512,958.6087103637212,66.01519660034383,95.12511979215876,1.3700213347513355,6.194925920001404,HIGH_RISK
-35.355895363108274,42.17038906130942,55.030728238950886,938.5062927451027,828.7327239291083,57.542668559564774,94.38520252371929,1.4195739622723158,6.388531836672465,HIGH_RISK
-21.82374331418762,27.148373423965847,34.83259898156673,897.0133061919016,945.599108067097,68.43039872478856,92.7821270113356,3.0893874338228136,3.469325549230066,HIGH_RISK
16.138514587826446,42.341836104218515,45.313162963734825,930.6976291205585,975.528660323305,53.00182434815928,92.26791458545823,3.1966376887985346,5.417450098134002,HIGH_RISK
-44.996143148224014,33.23471316424164,55.93924433995228,927.6317867799249,951.3321338199091,72.91215037964159,97.45120288105063,3.76903524405552,6.498032072780097,HIGH_RISK
12.833604167952533,-3.772803175143176,13.37667521240084,980.8705753459453,581.8451517346098,39.03435166648762,86.93978391883108,9.563854091329045,0.5677318411773852,MODERATE_RISK
27.215785490575605,31.79821317110029,41.8548126353919,916.3680611734263,958.2809796204602,56.22213536102238,93.43161525329367,2.727237768447002,4.254374221882204,HIGH_RISK
-1.9206440287444246,1.008860551804097,2.1694868282932904,1014.4091026647751,196.96556226115817,28.42680992097022,59.08316903930856,49.551078918323725,0.2448210022583188,LOW_RISK
-23.078535594261282,-26.969787500107415,35.49631308990464,925.8619331349119,856.9315547889681,70.82284479626739,95.12451155777197,3.8637940792192857,3.1105083146326216,HIGH_RISK
-11.236746143963007,-4.476692226063459,12.095670183613827,959.6740176540224,442.4078923426589,38.87432697493642,80.9130280870515,9.509449449097573,1.2907594371268152,MODERATE_RISK
-1.0886157197301984,0.3575534741021777,1.145830996301913,1010.8771403274416,209.87576404732448,21.48610479463176,41.562172186638094,48.581700402702054,0.3126203016569854,LOW_RISK
-12.81491567285331,5.035926781840451,13.768900546318116,980.6291066028508,597.2613368210008,45.807732348871895,80.62823026212389,8.429052194705815,0.8332065372424762,MODERATE_RISK
-29.8400484668203,-21.959515112021183,37.04927524874503,939.1264649499326,742.2391934178601,53.70271961033601,97.80821277041393,1.171288376491697,5.0820647166654584,HIGH_RISK
25.634686523475896,-38.81816119595869,46.51867143193483,881.2631237065524,978.326899831862,71.64235454973665,95.06421852443057,2.1661025953582382,2.074949407160569,HIGH_RISK
-1.3613454930623967,-2.79980492560959,3.1132248831314806,1011.2103536515705,115.43070464452512,19.537530383239403,57.06764217534149,45.669791902901174,0.010622677100465496,LOW_RISK
0.5356688572676196,-0.5238865564776432,0.7492651391225941,1018.0596539914329,124.0892008490838,28.984472859644516,54.62124423763735,45.41493709406255,0.0009274362730186593,LOW_RISK
21.42924786485495,-40.32236203146705,45.66295592545544,918.459815793302,790.708519970101,56.074804689089774,96.58629541304474,4.004577399847372,1.926637740061558,HIGH_RISK
-12.998238933063185,2.178208662284605,13.179484372973446,978.7969967741711,502.34680949919493,42.0512607333686,87.14815149191227,5.6876214564772,1.0638529765394866,MODERATE_RISK
-26.397155658546787,-17.68729011883287,31.77499108747808,944.3834825042638,862.1963450089593,58.881496641029685,93.34662002632606,1.1094451374615928,5.630904421049205,HIGH_RISK
-0.14294329858042815,-2.7015866012291085,2.705365585378379,1018.7340619103217,199.21002315219005,27.66507868817409,45.82386311337917,48.51570098618025,0.022186428757942016,LOW_RISK
6.440666949380576,4.668261890913416,7.954549631185778,990.8914730163646,617.4173247148244,46.35806369617836,87.79691746435829,9.069930649264613,1.3747151143865035,MODERATE_RISK
7.896619716811882,-5.371747624990703,9.55051179249235,959.9244705536657,385.212192513824,45.06687708460544,85.92019207940135,6.10615665360491,1.30036101986476,MODERATE_RISK
27.468044005940037,-43.4515327881785,51.40553611387016,934.5961531145493,938.2974172575343,60.04401058941162,94.83273536839383,1.8589630729496034,5.452864198778782,HIGH_RISK
-9.611856962389908,3.539865664190537,10.242970427857266,965.7507418428073,495.821894793727,40.621639104088,87.53573537412298,8.258448985590208,1.1213540047343153,MODERATE_RISK
0.3757392755188148,-1.4870885241844607,1.5338227674436578,1011.8431647645434,274.9381192097103,23.602242691132176,44.60238647167264,42.83063268510406,0.05058699375945753,LOW_RISK
44.936935582626504,-38.475169078480775,59.15798183825076,918.4481642849851,832.6862707655039,63.862762616495644,94.98720340529616,2.539133462966337,3.776795211931378,HIGH_RISK
0.9327149433257946,-1.1137058785470724,1.4526864594307838,1009.3207700228631,162.13652660205656,21.414669365631752,67.44247986182981,45.15879728290725,0.0738667448321361,LOW_RISK
0.9425182638964198,0.8998930949943067,1.3031301777630482,1020.0428168859452,123.5782759253488,17.43995931526823,48.33673377963268,50.459026695373225,0.011688373960969977,LOW_RISK
2.368819223261087,1.3427898300415984,2.722937575515532,1013.2596438028978,90.06990539387064,25.031520738778912,45.06577868101106,41.65928475836117,0.050467812523664606,LOW_RISK
-0.14876379566907436,-0.5147884132461158,0.5358523838841475,1011.7259751520176,90.76610498169181,24.80047938348753,46.24695425824643,43.46993022821296,0.10543129656687812,LOW_RISK
3.4483471854288754,-0.33728397271211785,3.4648028500195673,1012.8588225322071,269.0048129161138,25.27135405566775,44.48198165361317,37.04929084659851,0.2575338311572525,LOW_RISK
1.5437334559884655,1.1999128529130751,1.9552247537621057,1029.1464888935955,165.29994944837222,26.985600470935765,41.71297235335529,35.26328762929593,0.1226675054004918,LOW_RISK
3.2448820849581903,0.21441464214556014,3.2519583921152835,1023.3071937349006,171.60572331677372,30.090280651714277,53.08140922355737,46.47359626451151,0.08030824491053017,LOW_RISK
-0.7957517214157912,-1.7938245930527765,1.9624034938761075,1018.7166319424886,209.7530772318772,21.6557513915999,42.26236527978365,49.10116199152992,0.018159134193177672,LOW_RISK
-1.2857363346244237,2.088003429516899,2.4521166864257866,1010.3904366175166,125.21581420211254,30.162577843690187,63.92261661824993,38.83449347492572,0.04446668387921754,LOW_RISK
1.4450641938664828,1.5338556480144603,2.107349917156818,1025.894325492547,141.2865645406743,33.73638693352183,57.35691796838063,42.12958711456365,3.282989047330103e-05,LOW_RISK
-8.422170497720511,3.2092916013930997,9.012907881224908,990.6685470721378,631.3777209949419,45.90748118577476,83.87974248370348,10.895424919272566,1.0631023969324156,MODERATE_RISK
1.4327134807518573,2.5533224169528568,2.927818861002518,1006.5954223341564,181.18633086391168,24.68707736376593,61.814884292204155,46.996140964696636,0.10088069194655835,LOW_RISK
-0.011958961974926057,-0.8277872188386701,0.8278735993158485,1013.1392980312461,193.17011206264934,24.727506299328187,50.98859158619567,45.246640828974215,0.10195621935936071,LOW_RISK
41.650038803362804,-27.957753640377675,50.16335037592364,916.151054423234,942.7908680933928,55.56637359248551,98.4374916197132,0.7226655712173131,2.481579563392421,HIGH_RISK
-10.02408575251695,4.552747995394293,11.009532664167905,975.0654865780454,577.2465105040764,40.31151367562677,85.24460423251412,8.687667347389233,0.99068997093566,MODERATE_RISK
-5.4780856177910096,2.327377338118155,5.951983476945703,962.72171433943,609.3697698720231,38.22250351926331,78.09475131261696,9.570957116030128,1.195991197433669,MODERATE_RISK
31.18123676472083,42.154264489373006,52.433305644576635,885.7044958411276,921.333700407213,66.53425847284686,95.25229437563192,2.4139295830114857,4.2016242822545875,HIGH_RISK
7.2617691842794105,8.278514347757973,11.012133830088729,978.8842461367751,382.1872542447771,43.61797852662138,80.11582134570492,10.634426051448234,1.3030077739539843,MODERATE_RISK
23.07153165241457,22.516852697039415,32.23824170404674,902.8051085633917,778.1807958110219,63.244542285866075,95.75155242245486,1.6876693267095262,1.8132582342542174,HIGH_RISK
-8.867708429681,6.074149710601579,10.748560252454126,963.2806607077681,494.3515049212761,43.642179770333655,78.16036400030646,10.032617507066451,1.2007236638485788,MODERATE_RISK
12.460369020737108,6.293650809641781,13.959614487751791,971.9450053694635,382.4954249368911,42.85784114355232,78.53416671934511,9.963658287431516,0.6462312380392131,MODERATE_RISK
-12.671288143358392,4.960502656420977,13.607649680101797,972.7427736838787,402.13156995024246,44.41737044814023,85.1928780015228,10.382499073696259,0.775182940840129,MODERATE_RISK
-10.319858424820527,6.921840191039902,12.426236338434679,965.1355950090075,622.8216404349688,46.43884965665632,86.42038783605521,6.5053894703314326,0.8232553855033702,MODERATE_RISK
-9.716339028808282,3.566792064041891,10.35032606978424,964.1681155333395,514.4432744168137,38.51239541146425,85.17186889725272,9.797740848257597,1.1531226640232712,MODERATE_RISK
11.425231256752708,4.472273975720167,12.269357920616015,985.772936730157,556.0329027591994,43.62666780656333,82.72263460795216,11.278986958853677,0.9247181989231288,MODERATE_RISK
6.102672282833844,-2.449309878682323,6.57584427077461,974.3179746966733,441.3241187098037,41.486978953616365,82.57545407373412,6.105727108820034,0.7067611887066757,MODERATE_RISK
-2.217879368669762,-1.1018873651970738,2.476518657218623,1015.4950912359211,92.40828339131086,22.89747626405846,48.03005311582893,37.611937965402774,0.05990479019625944,LOW_RISK
-27.929800262045084,16.725803511439626,32.554972673633436,919.7034434656553,903.1522733683748,73.35255240558418,98.22806484285647,4.271861982740183,3.1246427335248628,HIGH_RISK
18.886612132814868,37.3128802275867,41.82051110081775,893.4397808631905,740.7738442474923,74.27075184027788,91.13931923152981,4.077966179499166,5.301368315355969,HIGH_RISK
-33.790966259287735,-33.01638717003109,47.24310767188919,886.8505758068061,963.4912950344798,64.53120855784687,91.74487424480368,2.195494024362787,4.852604976024543,HIGH_RISK
-22.092118768593437,-32.81942259621434,39.56230796142387,923.4631008377597,793.4736164597584,67.977695601012,95.08793479983935,3.245204502974494,6.2853043806348765,HIGH_RISK
1.187494040944404,-0.2161313335824232,1.2070024236241559,1010.1532023802048,80.22241883923748,23.5092976641921,60.802025602871325,50.407570431498705,0.13316665359675528,LOW_RISK
-6.978946907366142,3.299126376440458,7.7194517152166044,976.411144967056,408.9536664777713,42.41518696510865,83.42041984553948,9.06614954602125,1.1037719329976259,MODERATE_RISK
-3.101163150059815,0.27153233805556043,3.1130278980277115,1002.911898439155,162.45594556633313,18.71647417149635,65.63546307732248,45.998052092013914,0.06685868669366611,LOW_RISK
-6.659314142177244,2.431040221810172,7.089176355844217,983.549039226364,380.465701969657,46.299180309869584,78.83582222000356,8.916014752317155,1.2062083826559897,MODERATE_RISK
36.24587813917609,-34.220738028501025,49.84799487737997,927.2031811965415,946.229390688305,72.00279136439961,93.9152376490899,3.0425604392318384,5.2594531597690475,HIGH_RISK
25.101497918402853,-40.89401887569484,47.983392726580604,888.1878404598046,962.9870494238561,74.57792415463014,95.63605953947501,3.5034522661394605,5.055050080543186,HIGH_RISK
-1.506211150128102,1.4297049508698676,2.0767109272385578,1025.7531101480656,107.46000654311405,23.18545444963327,49.601786925507476,43.1716145873474,0.02560704103568007,LOW_RISK
44.8396266887433,-34.3211781757923,56.46711780284471,899.0287386371555,843.0727386312328,55.334838029854325,96.52605324945871,2.9420372609519783,4.045303142833532,HIGH_RISK
-36.12789860461037,-16.56089540849535,39.74277688229813,942.7161989613445,876.7915880178825,64.06628533724562,92.40133219119791,1.7740743063411366,6.001809336026881,HIGH_RISK
10.290971227368036,5.26986850679349,11.561816590891356,990.153180943238,450.82527954469435,42.44605599236101,84.45934184800939,8.713042612325388,0.7123780194075062,MODERATE_RISK
10.023207423153934,-3.1810344826684833,10.515876921469463,966.4255757045279,388.04081257664865,47.41411181418501,83.70552854949972,6.688030367312726,1.3909414563166995,MODERATE_RISK
42.57895315133023,23.249733893697567,48.513063988898125,891.7089067635934,831.1074613766132,57.130126271406546,92.56084644538262,1.8116782054857992,4.8250563216175735,HIGH_RISK
10.090803941463097,6.606662332189902,12.061190296012416,960.6039186920117,504.21788451864677,42.199075476984675,81.41757602298563,9.834819260657225,0.8656473205036279,MODERATE_RISK
-36.27410974678277,-20.426221146642348,41.629815616372596,933.3742382484141,845.6414006237395,69.51994875088792,95.3251459836188,3.2813959860333406,2.278476520741412,HIGH_RISK
1.3731031765531112,1.5454251810477633,2.0673053290882693,1009.1848784188215,205.96413088694152,22.042514370163854,41.50968798803992,50.05137293418008,0.029526717880034307,LOW_RISK
13.702865162252337,1.086109824761838,13.745841124002306,972.654924648541,596.8078448241313,43.14207174477286,86.9770522647258,10.215043100033139,0.6665978573850607,MODERATE_RISK
-37.47024162745434,-24.907747451065667,44.99349831593317,928.8132618783619,886.3189065578115,64.6773322694464,97.53441618391648,2.797818553163183,5.058257169607433,HIGH_RISK
-5.257680744520876,3.1826622059279983,6.145937318940705,972.8326821084354,537.5221675202336,45.29874012642641,84.62127348854249,5.611293557681552,1.3929362917070431,MODERATE_RISK
-0.3712779533272571,-0.05555519557261803,0.3754113722065286,1011.3180204330338,209.12051541168233,22.71743827919955,42.56225448424796,51.36357366985632,0.15852884815805002,LOW_RISK
0.04463420924361779,0.03196747300791333,0.054901110783978885,1015.658858713534,236.67744399916768,28.675659418633316,49.10092846642512,42.86597902532371,0.017688903404901115,LOW_RISK
11.417283107375935,0.033822344772381774,11.417333204605084,968.3730851651196,457.98394607829437,41.838749534342774,81.818717522345,6.183920081921858,0.9187153836619424,MODERATE_RISK
1.5464992837439264,-0.8254577307681301,1.7530089845478112,1002.4830326122143,150.93324099701658,28.915558234227117,41.56071265088341,53.57953815566347,0.07127499599643664,LOW_RISK
-24.959501836298653,29.15623760313873,38.38050186080006,910.7115266491398,840.339636991074,60.72254575452756,94.9934681956407,1.8250049879679842,4.2598050741830615,HIGH_RISK
-11.136497288295729,2.4858442567981838,11.41056499570791,977.5095102071205,486.41597556364417,44.84544433031324,87.83162289911408,5.538567728849367,1.3270412687994475,MODERATE_RISK
7.461525792467364,-0.5081944587909635,7.478811988518067,975.8676107546264,490.43208891879374,42.71842974837614,86.09876415038569,6.416661125902182,1.1309604647988896,MODERATE_RISK
17.367098177537464,-35.868684085747425,39.85195851086087,939.3815661295547,775.8690527441252,66.03633762445477,96.3402237541052,1.8725422140558643,4.058918567715472,HIGH_RISK
-25.374784913570377,39.56845122934016,47.00576605160935,917.5031575604917,914.8161570327536,54.20366633210633,98.57628630269643,3.9395834410395185,2.201119893092704,HIGH_RISK
-11.905504709482834,7.974839036022137,14.32965805725944,983.9493006156556,428.55900007048376,40.255031025209625,83.7189896766037,9.103366265384665,1.3446198163559866,MODERATE_RISK
-8.750741545616478,-6.056253096951053,10.64207118809621,961.88456033963,581.6148324546967,46.85228984211172,81.08865201012158,7.683053053095409,0.8325308512703599,MODERATE_RISK
3.694863168727929,0.743522831958907,3.768930887833629,1005.2325003537483,159.031059494461,24.47975882578552,49.56451968619014,45.23912659892341,0.012215864859751823,LOW_RISK
35.87683954390136,16.47836250087269,39.480172825976986,902.1480581212159,897.2177134437604,65.70533977988872,98.91751772953177,3.335803697336628,6.254632357774918,HIGH_RISK
1.3160434358635071,0.7742674306724375,1.5269120404527312,1013.9969789942132,146.03119006312087,28.130519305266073,54.51390689748389,50.56050309610669,0.1327214594932561,LOW_RISK
2.8641249607051957,-0.8267785744928001,2.981069372184231,1020.9954772842628,197.32478365673254,27.422424930525253,56.80347949028045,37.45722015893572,0.1671867317116069,LOW_RISK
44.25343521137177,26.18180114502283,51.418413425587126,918.1801023993224,748.9801562917144,59.59162841033056,93.34397525529225,3.9695570879195485,2.1834074498264804,HIGH_RISK
13.756049504489255,-4.889027735830076,14.599023603367275,971.1930537620491,586.2950092601584,38.3562979539014,80.00509523550888,11.66811085334769,0.7179549107425494,MODERATE_RISK
13.297600671194752,2.6533387227101537,13.559734141493788,973.7333597265234,637.3788110446253,45.71313633225014,79.54156049625341,11.977393467510371,1.205564708354916,MODERATE_RISK
-11.957811274554007,0.8710376323070848,11.989493610438519,977.5412768707143,593.4598747356115,47.262274502058304,79.3622777831845,10.723189409102016,0.6535792298768948,MODERATE_RISK
-1.2841257388633007,0.12921582456956213,1.2906105696647652,1012.7418034030771,188.25402218833563,33.16827861171152,52.539055240416616,37.17688936332098,0.02064175626417832,LOW_RISK
-0.940450586681651,0.18480721017672852,0.9584367537418247,1009.1185628488994,180.01165183821735,20.977594497242137,67.12340981438516,45.695143434765626,0.2295962241100401,LOW_RISK
0.4713709988929108,-0.7258287510814824,0.8654582569331724,997.219101084746,175.47007962448026,27.054457856924387,47.74680439779949,31.304298969312637,0.013808978830174116,LOW_RISK
5.494144018196969,12.343900702735583,13.51138420191231,976.902232218449,390.0373277734044,44.10506174041819,86.82952455847497,10.102985970313906,0.6463403675633287,MODERATE_RISK
6.293224465355605,5.9200169445355755,8.640096920459786,967.1832792765312,511.8512988787361,41.627366479724834,87.35342281396905,5.904584220032076,1.0646033993827877,MODERATE_RISK
42.06319397154938,-36.04109585197844,55.391992898790754,944.9776600821621,891.0270289066948,53.0679740739941,97.18041707412962,1.0654289725284158,4.692137863290559,HIGH_RISK
-2.9281316992837527,-1.996849430336667,3.5442013057649855,1016.9464871460152,201.1993934542051,24.420381683674275,55.54617196547562,36.008926302954464,0.15863451794540395,LOW_RISK
-44.083905886374964,-16.29252648470593,46.99826781333126,916.8148170396635,831.5720626232909,59.40323197038077,93.7028570330956,0.5004409272072898,6.128362374379368,HIGH_RISK
1.5876367302743817,-0.33188043537865797,1.6219540716997682,1022.244826878964,220.34765477545145,32.42658974624782,68.98064377390625,47.33975211065926,0.023519677103128696,LOW_RISK
-9.670005784859733,1.7268551689428375,9.82298532289066,977.5597714641877,441.1454667528966,40.03648641123277,84.21883161454933,9.83550996242562,1.0775717982509516,MODERATE_RISK
12.079872644687121,0.38518626400837275,12.086012227771448,979.9200405410296,617.0442222798937,45.57305595334876,80.42415912544864,11.335531443657832,1.125434026796092,MODERATE_RISK
1.6372602778836927,0.8201003523020689,1.831170610670061,1018.2550474691681,278.30655516547733,19.667486580888774,56.89493165361864,46.80220838146386,0.036577459412310706,LOW_RISK
2.7784172767634066,-2.502876110816384,3.7395175343769593,1005.4616304023642,156.92221519575364,20.26387776710976,65.57627934626501,44.482065732971094,0.10886393763563365,LOW_RISK
8.383639186765974,2.856675764526999,8.856974790384918,978.6992561300439,420.86213984671394,38.52591471240679,87.4316305246044,7.634322790126835,1.1610431605499456,MODERATE_RISK
-2.0222781331585695,1.1082157213312545,2.3060249202593326,1004.7787393035472,242.03221799194048,20.252026446777023,65.51740591919798,47.52778926607504,0.05615577567705603,LOW_RISK
0.5280830947714452,1.8928822510709875,1.965165380165994,1019.4692588221161,181.77881401397605,27.80597912769886,42.356087283783964,44.625367219407764,0.06660631182957163,LOW_RISK
6.6438645686939495,-6.507333951197062,9.299802769927371,978.6299570343268,501.3539821596101,43.36430396789492,79.80810635037635,7.607003619254126,1.2710284008148118,MODERATE_RISK
-18.67094486298073,-24.30000033634635,30.644643878219554,929.8301351684055,897.5638274018299,74.36018779323548,98.5923318129331,1.6874714041310739,4.820164875840045,HIGH_RISK
-0.47290386696051845,-0.4424245174380417,0.6475936388017534,1009.489662817924,257.2172217627033,25.072067488177787,64.80603541520085,44.30958832669259,0.005556043750338218,LOW_RISK
0.040328758491796166,0.6478838170109109,0.6491377735936471,1032.5434134046275,270.68057587641897,29.80980499193229,43.59240365501596,52.01004662959561,0.1161210209795132,LOW_RISK
5.288986224338524,1.4466588719344884,5.48326519265569,967.4937317802325,504.37921107189004,45.74061706946116,80.63511450648905,8.16072926488814,1.3376335938732264,MODERATE_RISK
-15.100871349688099,-37.289374034668704,40.231004603629465,911.7780699028806,928.1797805293143,69.91293933472366,94.21050262195001,3.261021437648482,3.096894901461714,HIGH_RISK
-42.284971288221485,31.7036843075654,52.850188225960785,921.5424833453372,932.0954127388499,64.42214868524744,96.73737113646614,4.443070423299254,3.681824084266291,HIGH_RISK
1.7371663102501018,-1.4090030907281315,2.2367468562958526,1004.5163929908855,139.1648194993072,31.518568524451194,62.504824988638035,37.14423824441059,0.023252052264418045,LOW_RISK
0.43466228534461937,-0.03205094152265424,0.4358423627339315,1005.1388323816597,232.73845387006412,21.238404334062587,64.23494355479866,46.50980450085882,0.12132019044716374,LOW_RISK
-9.910476179844355,3.389589945739048,10.474104167494117,993.3117713556588,443.32690720197434,43.37208179394889,81.84160183092482,8.576802165663207,0.874003994993428,MODERATE_RISK
-12.652688629146127,2.7907022678169806,12.956795463914776,976.2147857932906,567.5440551392167,43.928520048922216,86.79707982404054,11.099411489128263,0.9923352292585903,MODERATE_RISK
12.517063617614134,-6.811653412822874,14.25045626721548,980.0190023370067,385.19255993332524,39.95030231789154,86.66415129524825,9.886176792410113,1.3519685713688039,MODERATE_RISK
28.340024125161488,28.993412692766732,40.543494508833625,939.5371787052691,899.0591792421035,53.341665262550436,93.22189718843406,1.2279824854164372,1.9637128677554279,HIGH_RISK
0.36553081723786846,0.004569030230121705,0.3655593719053415,1016.6177835551151,246.30366662244472,31.62483300822918,49.43762900242199,44.56649431925896,0.0745563499408954,LOW_RISK
6.498910297344212,4.13156688090816,7.701018110895715,973.8787355638866,438.52458205693597,45.731386728852776,82.41148825046801,5.641628173454661,1.361395897570429,MODERATE_RISK
-1.9806849196264145,-2.1600763238914418,2.9307068218898764,1006.622023801758,126.76256661861282,26.553248021693797,50.52129363976253,43.69120854889453,0.01599499696747423,LOW_RISK
43.511528831373525,42.015464773894095,60.48596879781116,936.2249748193934,784.6106051505911,57.027059092088,97.37022702638262,1.8423448407527352,4.877678243447961,HIGH_RISK
-32.97591273063325,-20.07215407670295,38.60443225456428,944.7760170314323,788.8616240474449,71.22674736044864,96.32658211244474,0.5877221697415851,5.123181302785355,HIGH_RISK
8.961336025017193,-0.7469295822694062,8.992410530783173,971.1741615727757,565.2008895912193,47.73379195775117,83.46501713897884,7.634325603364625,1.300540991359577,MODERATE_RISK
-0.956609976376974,1.4541858007901052,1.740620288898045,1008.3869979145935,90.72695830416617,27.092892742948134,48.75601531109199,47.45722755447201,0.1874573156127545,LOW_RISK
-1.0145884530889044,-0.29600763046098916,1.0568870547189353,1016.0700397468551,221.2743993619992,22.860973316622708,57.573348127931425,40.24523308452764,0.014400404210240011,LOW_RISK
9.063463452074998,8.061655261392836,12.12998991346003,972.018474738001,626.4819146826832,39.45567758652501,83.14271495442551,6.519419049326359,1.3068367453782468,MODERATE_RISK
35.65059598620685,21.26101248425428,41.50898271491804,930.5663146837827,744.2859972576562,58.767759386034605,96.60725347303563,2.0858724830069346,5.417547143441702,HIGH_RISK
12.809726510735576,-2.9982596476960204,13.155936082044642,967.912217972785,435.04934837434143,42.86003448238227,79.71635017415373,8.156393862149281,1.1043801761491658,MODERATE_RISK
-1.0715271270395517,1.5147256340139512,1.855414813544562,1008.3191087356842,163.92547656136207,15.438782530122248,61.2168498500627,38.92596932055678,0.06488550590858645,LOW_RISK
0.15964534153784526,-0.03430209344832318,0.16328891171684856,1002.312897548318,111.7473526748619,26.18630775412122,46.708076449710134,49.84684651204027,0.06906357041909666,LOW_RISK
-0.8202884118605882,-0.17710279048661812,0.8391891783328197,1006.0894412617872,107.04346274257094,30.986841629783925,42.69102757044537,43.18213352542485,0.04582293326832868,LOW_RISK
6.0385987245274535,5.712062636606747,8.312179865738193,980.7122421023624,384.74267304007105,45.6050200441724,84.79358789921646,8.186531649107216,0.5064170181989055,MODERATE_RISK
-37.37750813995669,-22.661921224933355,43.710877231618376,905.5753367181181,862.6919858424353,74.85273941136933,91.97002169705912,0.8653397536292329,6.19258188796549,HIGH_RISK
28.348999702052655,-42.66584515903112,51.22538557435562,922.5595643529062,879.2500982430302,59.87248238973587,92.83871196638957,1.6839719286629147,2.7719563233221267,HIGH_RISK
0.01950283781686053,-2.539435221293078,2.5395101109912392,1000.3887117830556,90.11462076484577,22.567093970220963,56.32378005889303,43.080626293346086,0.048898336352942176,LOW_RISK
37.13844024849961,40.38684969346233,54.86676017639181,899.2539920073608,818.7622034782376,61.337113495810556,93.32559850917536,1.127125420564043,1.732952801853524,HIGH_RISK
-7.079800299211117,1.58396308910122,7.2548267618424145,968.4067586522283,648.7983014796837,40.71533482908502,78.45920056091263,11.775820359691565,0.6904537946144433,MODERATE_RISK
-12.366883219149528,7.502387857216834,14.4646335631497,980.9908975926381,529.295661266031,38.75477914424029,80.76870516965157,10.076795302510824,0.6335691110443734,MODERATE_RISK
27.30615015850597,-15.351078804326779,31.32541231868348,908.1552842575678,725.417574828141,68.02333897372131,96.81505645054878,1.4692199787860298,6.083631224902739,HIGH_RISK
10.57416175342669,4.315639272276536,11.420929870901379,978.2525949822958,522.2224324678018,46.52355460387485,79.95872185079138,10.339174534670232,0.5979934544280492,MODERATE_RISK
-0.816574086787774,2.591314755151067,2.7169294064213227,989.0939027534334,173.3386241768817,21.574007050363203,52.56798933951838,50.624662726516206,0.04743988731397805,LOW_RISK
-40.3444815771643,19.62182381191603,44.86304897614544,940.4982441882928,875.3615373770772,59.9918017544453,97.74899030871713,3.032171693902892,6.49224312188135,HIGH_RISK
-43.60670420160295,24.216251604695714,49.879569896983114,891.0366753208192,840.3731529378852,63.93315154450996,96.78963540773624,3.4716353841952112,5.648079435741126,HIGH_RISK
-36.53489328422674,19.416073832937272,41.37369152463806,885.8816089702209,901.0176979012654,61.34384812784003,92.1766879381631,3.332843350352748,2.5486325409988497,HIGH_RISK
38.76317338244874,-26.30303220613235,46.84477680504646,903.4058562278808,810.1685771448809,67.02816015456975,97.91108826143166,2.4700466333345354,2.2289128559242712,HIGH_RISK
2.6918367952766813,2.093525716184934,3.41010780720098,1005.9725326641453,272.2833239284099,23.114737115395528,66.01456453003365,40.50986386837771,0.19334539265303932,LOW_RISK
25.960177908321015,31.12464458502575,40.529919042305664,888.0935054741853,947.0278639201645,56.3702137811188,95.98495590475747,3.743239585929886,1.726715879339126,HIGH_RISK
0.36570107065679824,1.6286794874090207,1.6692316033991326,1000.1341266997965,223.74362265244048,25.842403357190566,50.519280743714404,38.883898849690354,0.04329860016100447,LOW_RISK
-36.730881196896554,25.55453746260423,44.745860349625325,935.5447880196092,736.072080399558,59.808635867252406,98.25157054779059,1.4230615419326864,4.003423793021398,HIGH_RISK
-5.460857142712961,6.248669790354641,8.298604393632093,968.2869240862891,446.5441648021264,47.210295160538024,80.38122071427749,10.27310215342041,1.0046723700863884,MODERATE_RISK
-2.172126512245986,-3.830881702352932,4.403837894680549,1009.4193003519327,225.78784002103146,24.55674975888365,65.69715966050008,48.98925350691069,0.02018004733069179,LOW_RISK
-32.4311497251373,-24.121358089074228,40.418057703897894,931.3739346162307,900.7794761765971,68.69510990039154,91.8421844976507,1.890260490383671,4.551598492806571,HIGH_RISK
32.057465420699934,-33.97601306413319,46.71242396765042,905.6439686448571,869.2334247217607,58.60339123382654,97.46825340617829,4.2285472692301145,2.521265002292625,HIGH_RISK
-38.40182769654505,32.292140803061756,50.17452269907408,927.6629202292085,863.9175301501947,70.33822531399238,98.81016050592898,4.160313607268067,5.1408422874438475,HIGH_RISK
9.342063233430057,1.3517515918527043,9.439352616757251,972.5762454189489,599.6817264264943,47.00376022347599,80.36246967715115,11.187883267098128,0.5533236071597548,MODERATE_RISK
0.22559067971431146,0.4489388706097379,0.5024313528416713,1007.1820373223994,195.69850164586603,21.135014720986984,69.9054785284432,49.29069535467008,0.019339691161285893,LOW_RISK
6.935203124205661,5.233438198662833,8.688263218458292,980.790763008755,532.5547976046498,43.42949937948113,85.64649611590357,10.638304477625516,0.9042175093041418,MODERATE_RISK
31.64683128525628,-32.46027842645739,45.33422113503894,890.3668911990286,872.6468723163897,74.26568545986608,97.83988811865646,2.9234673900475534,3.899432047178353,HIGH_RISK
-23.59910558544782,-43.19479927932744,49.22101653983287,942.5547212697576,908.4434907613407,67.7204805527267,95.49898225896959,2.6221475881870306,4.785165052761538,HIGH_RISK
-16.997158419073052,-35.418717852082096,39.28598946963746,919.4863181341857,729.9707532406059,74.23294992368858,93.85182532118266,1.6320552123237895,5.436531747723102,HIGH_RISK
1.2986327912551823,-1.5221350960393003,2.0008354197978893,1000.7360671063116,165.4972908180536,19.33509177682942,64.26398333503452,40.79089184065924,0.05083918965010372,LOW_RISK
27.878847535830396,-19.41361035202754,33.97231824333493,888.6906743371286,791.4893687031948,68.04985639098514,96.02113441152139,3.8440866337838915,2.02989985546637,HIGH_RISK
11.341274289200152,-1.1828706540824458,11.402792881007786,962.7050484229192,421.480510506182,46.18109784744168,85.10110891906213,6.170798777387934,1.191856305210873,MODERATE_RISK
-1.5318492256960698,0.38060949224186014,1.5784250491709306,1008.4181549922462,154.96498486999954,24.676330649349246,64.93737415269828,51.342916178237346,0.0019201696278762545,LOW_RISK
11.829147284338816,-4.702321798496378,12.729515142816501,975.0613145043523,645.8650995571145,42.383808971409316,78.24464702758934,6.003175882464404,0.898572478621477,MODERATE_RISK
26.52045089181553,44.259972903197365,51.597282068893556,916.4889861191939,820.4847349967392,72.37395869407234,91.44981944092369,3.4875933409673343,1.6011803315371214,HIGH_RISK
1.2381245234820448,2.08531132352597,2.4251753857552805,1015.0905660735312,200.18240113181722,18.999112554212257,69.03593697854066,48.36146704020201,0.03714887377907705,LOW_RISK
-12.385646540771331,4.663511294825561,13.234522198775686,992.9452484839221,506.55805224179426,46.037549475691904,78.72959863912955,9.074983655667825,1.087961220283535,MODERATE_RISK
-39.24979196764693,23.269326907268322,45.6290230469696,890.350755610643,846.3140754593381,68.73329709927944,93.05953596097946,2.9023935290866807,5.027894616242507,HIGH_RISK
36.39117825775895,33.19035916453835,49.2536069385689,896.6848938012942,831.9735992785385,53.826745091549256,97.51277605573789,3.937973159555913,6.119752641632768,HIGH_RISK
6.6589821408937215,-1.7433249191622622,6.883402133139806,971.3682444126719,580.2484399538839,43.40919813287299,82.09076034566095,6.466819814164734,0.84296360879098,MODERATE_RISK
-0.060236925966515115,-0.2923624205290215,0.2985033872294983,998.6851735956119,81.39645237606962,19.010969419285423,53.37189462708608,42.41692900619946,0.024616226733119976,LOW_RISK
-12.866934164595897,1.1442941345953384,12.917716665979109,983.2298859200332,541.7273244703772,41.93448153223636,78.83663410051183,8.821479147573225,0.6032131181408031,MODERATE_RISK
-0.8604930103203544,1.9756726010097978,2.154931657197278,1003.8452431550012,279.30526175972386,26.922978319071937,50.12077235071839,46.45601377569016,0.10325263602418154,LOW_RISK
-7.708619440028052,-1.7046530539328333,7.894849948254934,967.9424443777281,508.46514004854225,44.53838389816626,84.34480073173481,10.891265127211158,0.8777254311496374,MODERATE_RISK
-0.7530813365289167,-2.25445549259273,2.376909983047256,1025.0313654060078,149.766381491726,23.78574269893634,45.60317584693388,43.709772421944194,0.06232918884994015,LOW_RISK
0.03676526138841407,-0.2594190898851345,0.2620113521238916,1012.0028145765067,168.82071138132372,22.400692458010255,56.5811167013662,38.39560822311341,0.0872814730492656,LOW_RISK
-3.057186802766781,0.10048607583730787,3.058837785572905,1005.2834768416782,112.67335167968403,26.616851461109327,59.97295720796102,50.44952479545415,0.06454617327183268,LOW_RISK
-10.196075526767332,-0.3878881116044619,10.20345105024118,983.1559424459616,635.1713834081146,38.033788468084126,85.4697460468677,7.1685405520196745,1.1908454175124086,MODERATE_RISK
-13.710739316732743,-2.8975490934318175,14.013570685597893,975.0358260183278,520.8902393734791,38.05941755844354,78.45726614762273,11.815728930026705,0.6549508809180058,MODERATE_RISK
8.85041110974425,0.9363197032177919,8.899801761731455,986.4948736401037,394.8374325445292,43.04074946840088,87.2027119760154,8.184853261697087,0.8672127502984419,MODERATE_RISK
-0.6682537821011577,0.2529820079500915,0.7145369225162278,1012.8307643953802,146.32336982156679,30.76778002320756,53.817476520839996,40.485955365186,0.15390365812080953,LOW_RISK
-1.4504642146938194,-0.9400758368849478,1.728464352308804,1019.1099368222384,163.47895646582958,25.060731770161734,46.15561428714421,46.98698511729617,0.016104222898358576,LOW_RISK
-18.140687048509633,-44.58749569415653,48.136569246970566,926.4179821188031,903.2063530545871,74.95300445655258,95.21535493843545,1.503359438886858,4.227424938234834,HIGH_RISK
-22.837026030548532,44.06619416047815,49.63223978130455,919.9830138273551,932.6018210803775,68.15926110917707,91.37782911732374,1.856305367215651,4.050349128301621,HIGH_RISK
-13.434012445293249,-4.819102976912177,14.272226311349526,986.9662712082725,436.3604840256653,46.48752466668843,83.44779615370099,11.797475646139546,1.2885258062156064,MODERATE_RISK
28.20099459012016,38.846812491194925,48.00386376738903,919.6306190898504,888.7249033476065,62.92935068096931,92.60638611455089,1.2006646566031467,4.354953076400946,HIGH_RISK
28.918396251660393,-18.609799721926052,34.38892681457572,900.5100525974406,781.1609907923681,73.05256572730995,95.68203380990546,2.395531493376952,4.0533713675837415,HIGH_RISK
-27.898192433553564,38.54988520176661,47.58574145822433,928.1560709475152,927.0384930700532,68.93595484185451,93.06562367574855,2.2371340728806066,3.840428988088589,HIGH_RISK
0.29483216476736196,1.3452589737982978,1.3771883356920571,1010.6800578710568,143.38852435345626,28.7499099700277,47.9676279492208,44.367405515230246,0.010786422183278322,LOW_RISK
-8.276247222931097,-2.0287799501079133,8.521280196134532,973.6622062747876,572.4032647487779,42.4936587162515,84.08571724306016,9.329115392807777,1.2306296924952753,MODERATE_RISK
13.813356790477782,8.40429722465757,16.16913843287346,989.3362501982094,621.5602585647837,47.65458178439803,82.93974988305266,9.014993513377686,1.3743293632432465,MODERATE_RISK
-0.11165014365006942,-0.64395333677589,0.653560750444734,1012.7558864011189,266.90877614310307,28.409874573731802,67.28330992109893,39.15259685398492,0.17595214136306747,LOW_RISK
-10.63261999445549,6.129557592505587,12.272900399919228,982.1387744409013,388.51434959543053,43.96963965716443,80.34062492572075,7.291629905105264,1.2340543238123247,MODERATE_RISK
9.268930134952619,-6.625781508020131,11.39359672968349,975.4596093604894,512.4291699461781,46.29400220198936,79.77236197772353,10.163989612832076,0.753762494428381,MODERATE_RISK
-38.03222429558127,-19.10350031761558,42.56047238053804,912.1380930538843,833.1707821046248,59.823266477198416,98.84421734637834,1.893550044460854,4.818256353725704,HIGH_RISK
26.21091509208669,-26.71183119208213,37.423709003770185,897.9767128070156,826.7375696261462,62.77090457596838,98.7759207886458,2.9402733541334705,6.006738837992362,HIGH_RISK
11.566459843118082,2.874873064565951,11.918384472730773,970.0075238550535,605.8197091127233,44.71956140494912,80.15866397659488,7.093129963936136,0.7659972487716958,MODERATE_RISK
44.56155420803717,43.420155362423294,62.21769848791268,928.1386229659521,979.2733374333184,56.585388830184755,95.74768977961469,2.493406043407535,1.7825603323702184,HIGH_RISK
9.332444405735847,6.85866712053161,11.581702519768484,947.5470044632762,496.46867322476055,39.491351078475375,86.4339164632907,8.85551513658289,0.950897152950976,MODERATE_RISK
-9.252159025234015,0.07914226347040221,9.2524975074888,965.1426696657253,515.3328362031701,44.25496837116704,83.02649334622282,9.410153447342353,0.633005720130486,MODERATE_RISK
7.863576885578328,1.441831828288386,7.994668251808026,967.1567902969974,599.8369425633744,46.68465341212369,78.96689716337742,11.31462701870299,1.2458698391556293,MODERATE_RISK
10.30049283656614,-3.0362596457927733,10.738669624903263,965.7817634367979,512.1193245385437,40.839173996644305,87.31922435685587,7.791150729387402,0.7028619032919202,MODERATE_RISK
20.401496999003562,-44.3502069838975,48.81763963276904,883.0199960194241,759.7554154530594,62.60527135658454,91.26874551263606,1.0051035511005018,1.8608136958901018,HIGH_RISK
35.95845918033363,43.78005504851756,56.654249678862996,940.2206282963778,798.7921545628325,56.095505081468836,96.93996848405892,0.997346293757861,1.6012019235087662,HIGH_RISK
-38.188006210792665,-19.49564761755883,42.87661477289883,907.8585194611861,970.0766232357431,57.51091092714955,96.02249943256004,4.034414978252345,4.3716730605394485,HIGH_RISK
-1.4858044876960326,0.4539531978585498,1.5536049953265707,1003.8034974775293,217.60911141482578,19.003936158166397,63.4823702275416,43.000500049453414,0.027956784098351197,LOW_RISK
-19.231399007511815,-18.85188515406755,26.930285584231722,922.868797053547,933.5101171745397,57.73515649288294,96.03071830846946,1.2135000077443618,1.6209481108364059,HIGH_RISK
-37.80141617882932,-27.789590004129444,46.91703717971405,934.085740649254,813.8209808326333,53.54503491911469,98.65184877784982,2.8108220040618104,5.698734265020407,HIGH_RISK
-0.5389381361805893,0.6360915666961345,0.8337066605537888,1024.3567022256675,275.1557637097865,21.149395952324095,40.21289597484662,49.97986839423223,0.10679240258373238,LOW_RISK
-15.412940800062,-44.00092850382964,46.6223171164341,914.0108755550887,881.4512712194612,69.81306204445045,94.44930794507842,1.3811446709869304,2.221294737249716,HIGH_RISK
6.226102863911531,-4.15083123412001,7.482897620985711,998.2260922526276,592.5052965773989,46.94521243549935,85.57812031892117,7.011048761408962,0.794010293428561,MODERATE_RISK
-9.533960993521706,4.109923332110922,10.382094298445914,980.1682526582445,641.8799048628048,44.73009100963053,85.20324277326401,8.630970496299996,0.9319608441169813,MODERATE_RISK
-1.5037940469567133,-3.886563438217365,4.167345905363561,1015.3400042498708,250.23014708519634,26.246611424019115,53.958325938277696,40.69635418302331,0.0712246581911462,LOW_RISK
-8.661283622211645,2.833967882302323,9.11313381567026,988.9064359594996,547.1861397580521,43.23178009839501,82.87527570405,8.23151211320949,1.1135286230745511,MODERATE_RISK
-7.180795457487029,-5.302631982658432,8.926462308539618,976.2438476690771,405.98765747418594,39.96139349733872,87.04163683956075,11.7060540907639,0.9169309439550524,MODERATE_RISK
-0.7867803994196605,-1.3555527910951923,1.5673374768558705,1010.6144177092233,122.02143858247035,26.29274192983282,69.78496395045926,58.189408761300996,0.058324987942716434,LOW_RISK
-0.7842900407299025,2.116398569619405,2.2570453636281163,1012.7539679250717,182.11408174570073,23.761401144047756,51.50702173021877,38.57204499621986,0.02690795869701339,LOW_RISK
31.178947915027837,-24.065104600750225,39.385988022811716,896.4394486423547,829.7516048330473,69.82478493838289,98.56569091986927,3.5874525240020434,2.66054115609846,HIGH_RISK
27.87516083277186,-43.27144094202616,51.472732515888026,943.696115507209,792.4932354241412,73.56565031728135,95.95045045864339,0.5846617904482971,6.407781770625981,HIGH_RISK
18.559675341281697,-29.112404281344297,34.52526077836652,904.5984757231492,862.3982879875775,69.24914259956061,94.43636358974882,3.112349003825501,5.09487184489898,HIGH_RISK
-0.005403808635852606,1.4296875680641299,1.4296977804504345,1000.0109005101737,255.1809849999789,27.582350848696773,66.3475740319704,43.597489732941916,0.11254203931233617,LOW_RISK
-7.467225504727445,0.8966401604141738,7.520865662656101,965.4386429704147,512.7356031068894,40.71738516484481,86.01155597301157,11.762056959404019,0.9563428931429103,MODERATE_RISK
18.745544352998532,-24.669654968108187,30.98366197426863,884.8953010247135,798.5404878111092,72.47323474763729,98.94123797802173,0.8901039611872359,3.0491833165912974,HIGH_RISK
11.252045566372619,0.16710788297399626,11.253286385419939,978.0700306000537,645.0348770234568,40.031600383642086,81.79956125147409,10.148570774499845,0.6610656354215009,MODERATE_RISK
0.34118990190619414,-0.4463452550399879,0.561813702093025,1014.5680867298921,96.82553245187657,20.28252351346953,47.756717909207374,45.435082401961935,0.21025577806833418,LOW_RISK
-0.3552279101100133,0.418491243335703,0.5489278539751743,1012.7209390829934,125.99875079264811,27.37026909538932,61.408220987904144,54.7112279737815,0.14091988258381058,LOW_RISK
44.13087393735299,27.16788631307419,51.82304585022638,943.3743802424653,911.2622790565523,65.49823521132545,92.11571723679228,0.7679583700505197,3.523960900997421,HIGH_RISK
-0.16314022268528638,0.1793705526212299,0.24246345581437678,1001.0711265102568,201.42705617671538,24.758385083212367,48.04861601283318,45.514586952616185,0.024373630119298748,LOW_RISK
16.50321089819905,23.05524125903755,28.353132445337735,941.2683639279993,739.5469521036467,53.14352072722329,97.36487139855579,2.3531497962657393,2.121525221628538,HIGH_RISK
0.3480749060364544,-2.2273469526748553,2.2543803112612233,1022.0272216940295,160.40544337764814,30.087569687754627,50.56692925212236,40.5324245374036,0.007276256159487327,LOW_RISK
15.859377939307699,17.08250875770413,23.309482492728964,916.2887685184321,849.9134958631747,54.470763222552755,96.80111522076666,1.8956647807057343,2.17209477645703,HIGH_RISK
0.10129230703188576,-0.03653188839147426,0.10767873668133808,1024.1352687667093,121.8118747413692,21.02454930066059,61.27888381422304,41.230689431545194,0.05823911540841953,LOW_RISK
-0.14506966780558858,-0.18057174593039738,0.2316276407201347,1025.508941797425,205.13638245227054,20.22324239563084,53.60248691872804,45.929188144513766,0.03026788170895165,LOW_RISK
-39.16752747430883,-25.34714384982307,46.65375558081429,893.3176698649654,796.1295596607267,67.18029886679459,95.10715257268038,3.879392825074475,5.487464059959732,HIGH_RISK
-0.6951265392186934,1.9760910984514886,2.094788040567677,1000.3895210850482,125.30432520722114,21.0265652016722,49.69435651838252,54.50134212155483,0.15308102835070275,LOW_RISK
-34.051532106074674,-30.06193746004703,45.42275776109167,918.3945995148464,885.8049702105455,67.29033079370055,94.5690240753535,1.1765503732898952,3.1445240633466347,HIGH_RISK
-12.875310781207327,2.6798981589970774,13.151254003146223,982.1726354378321,599.5808213646767,42.88219359199238,87.95182120624939,6.138357778817613,0.5398788301144936,MODERATE_RISK
-1.9151228637304643,1.0070101146756985,2.163738652019309,1005.8364135292215,209.04371516893278,21.061863798072128,59.01668385497325,48.41606202000534,0.06427666646385097,LOW_RISK
32.6647467974488,20.282632748076068,38.449588743376296,899.9999958374498,862.8633647182276,58.29214619177131,92.14815731313806,2.504472469324346,6.138968238914051,HIGH_RISK
-0.5881622296982365,1.0989601158233688,1.2464542288484215,1021.5628942993621,109.28725132056323,17.624825666077015,44.64358104538336,42.56183289522519,0.04784081851031382,LOW_RISK
-0.7552134811742988,0.4931436154552206,0.9019634291985731,1018.9954858056635,116.23665581001656,27.193278510217993,44.6755460965433,48.06395370791645,0.0264958247184658,LOW_RISK
7.060884667702805,3.5249786206483953,7.891867115368125,962.333680048934,515.0399824543878,38.00554184585254,81.8152769466031,8.700747481090865,0.6398333203431489,MODERATE_RISK
27.235888902769858,-43.114590189772976,50.99668157396215,881.4360935618104,904.0725919863694,64.82813823018661,95.30591558597708,1.9896182529022157,3.672433489277732,HIGH_RISK
6.925404045209425,0.26936194641363165,6.9306404500290455,964.1210698789074,402.70972681361513,40.28320173796943,81.85855376721736,5.903455888605323,0.6536588685017446,MODERATE_RISK
-21.572004655787985,22.24111914012012,30.984169594719756,918.032951128715,951.4216240821571,74.02909263053233,97.70369739868867,2.0555913225605584,6.338879937025414,HIGH_RISK
-9.842715885866488,2.0924173840029243,10.062666968491314,980.069157201363,643.4912012318927,42.57813650084625,83.5508525047282,9.812388558653279,1.1450717446190697,MODERATE_RISK
-5.335284925527765,-1.6006409114946516,5.5702169225367015,986.87427151682,397.3812185490607,42.8750227862028,80.53469141242894,9.79911321527209,1.258739093004533,MODERATE_RISK
0.7513757814365711,2.2701746148631967,2.3912880100269565,1013.9371440503467,161.084565027831,19.770520871076144,62.18689744333804,43.448045043112174,0.06832041844581804,LOW_RISK
-8.336395913340056,3.536836886597849,9.05564531032173,977.1740585272701,382.36918386671783,41.48862096770273,87.03013039168093,10.687812812041791,1.1965825366402192,MODERATE_RISK
-11.788540997316945,-3.3985986808805624,12.268666261623775,986.6858036427338,553.5569473713765,44.14910085801941,86.20625593067194,7.830462441903985,1.147808536221456,MODERATE_RISK
-0.3618540867844948,-2.659548702310322,2.6840524734220748,1022.8979561323745,215.11735471348777,19.53991281829346,47.240491115124996,43.25921301591343,0.06183176563708794,LOW_RISK
9.358395782987529,-2.4964874354430933,9.685660594216792,971.0245130345422,611.1457397038236,46.70047996606392,82.98586287391213,5.7006428615259965,1.3366875900115005,MODERATE_RISK
0.10127772211516342,0.7617536344344356,0.7684567499676921,1002.6382229735113,202.72758059787677,13.581493348382436,54.73991295736393,43.0300665937844,0.0890253377885047,LOW_RISK
0.199454511220314,-1.6091145386097097,1.6214289069864498,1011.6924216310665,123.92698571891381,22.56659694128265,44.72114750049731,49.7899697074001,0.13316251472382123,LOW_RISK
36.787277655221125,-29.346663446493537,47.05879782489233,926.7245836333683,838.160511778782,58.0670343563103,95.93946816385983,2.0946363682704354,5.6867980076260665,HIGH_RISK
0.46687523181530416,0.6292986658605416,0.7835746888053823,1024.8760853065683,158.34849011245564,26.974240817337165,48.05796798743792,52.66436677818156,0.03351632524788186,LOW_RISK
-28.165102142523928,27.79394400681165,39.56989135886763,943.2202651094932,783.7343628569736,57.30803021781453,98.56360440094231,1.9367971825728323,5.951127965328668,HIGH_RISK
27.244939947046646,-16.028554067796115,31.61014549511662,933.1627032383687,836.2608087606573,74.25294131952054,96.32279705810853,4.178646628350009,5.369719885240711,HIGH_RISK
-10.371711747060418,0.25944500815186244,10.374956205997497,980.2803600454796,518.8681493056619,38.9208049312362,79.21442615728375,11.315562096657194,1.2822645775824593,MODERATE_RISK
21.462657108218444,25.083914414494366,33.012852232102546,891.9586023447091,743.4961346132443,69.31104202785944,94.13991840987384,0.9752649890605887,2.920581646093766,HIGH_RISK
5.481901858034075,1.041776564251602,5.580013117452441,984.4563342756763,518.2680409752259,41.59109942967597,87.33893438149863,11.02793977685468,0.5086244189418401,MODERATE_RISK
-11.876837001916833,-2.7502126671001603,12.19110031475334,976.9821732772082,632.0515644334903,43.32351126517139,86.78335605887587,11.323135104526141,1.0231544587649535,MODERATE_RISK
10.004516016723153,2.078183379192727,10.218081370121448,966.8073353581062,416.41620853017287,42.14847969809823,81.90562102427032,9.320495006939582,1.0960227927693322,MODERATE_RISK
-35.68438781185792,-33.10516510348859,48.675738207409985,943.1469836707589,945.8769322173146,55.7211374555435,91.02653363523922,1.6253429632256595,4.2378489134269,HIGH_RISK
6.061810994933231,5.237034512493194,8.010747969031247,990.4075237651678,467.6362379746254,45.05906669326658,78.01425728287532,10.260391350957551,1.0516872758573195,MODERATE_RISK
-0.7759326751505582,-0.19688545063845708,0.800521952877877,1011.018932846794,109.3390228030363,27.745414220058134,46.206156262668635,35.29070670310297,0.11728585639019609,LOW_RISK
-9.277218739284805,4.935801913456954,10.508516929872764,972.3407580592757,587.7920408495777,42.51267795371267,80.54359538806382,11.953582038700093,0.7880043971852133,MODERATE_RISK
36.33621482202068,24.153364190352278,43.63147383831799,931.560580489637,832.6713138019662,73.88689358512661,92.06058293815624,0.800249255310582,4.0317605293812715,HIGH_RISK
-6.991489319595656,3.9488727785217086,8.029602675535688,954.2786488390351,384.80198814087055,45.77642569677689,87.99924826833177,5.820321309410342,1.3556137431263742,MODERATE_RISK
-31.096073208771312,15.338083385681948,34.673081359339804,939.955871783113,851.0353006784543,61.447122760214015,92.34414190637621,0.6522729245995187,2.0004023094778938,HIGH_RISK
-34.96602000510042,-43.314141269752184,55.66630389143087,897.6665939205388,889.2926936876044,56.41563815389492,97.48793018444192,1.129292247150592,5.827276985019786,HIGH_RISK
-6.656369313393021,-3.6853997812741888,7.608509971347617,946.9808843051211,400.96978268015545,45.34106980881127,79.51482113029958,11.785603927193325,0.9773696191778629,MODERATE_RISK
8.27737537194145,0.4734756183471547,8.290905994473226,971.596595171171,420.9500792965575,46.001582366647966,78.20249379790093,10.76423030708712,1.1892793882449273,MODERATE_RISK
0.19383177296284126,4.7896613517672915,4.793581815388489,1018.5967239097447,84.80100896897777,26.39438047944392,46.99562663264849,41.25600101989973,0.15256524862381526,LOW_RISK
9.98177796821465,4.266163948326625,10.855231284534531,963.9054444455378,458.55877623984964,47.542313574764215,80.31984984983688,9.040472607320847,1.1322932724983992,MODERATE_RISK
-44.50479617399324,-22.426862006602967,49.83614172417338,886.9774439259141,739.1734829367018,70.87477858786066,93.06464369086336,1.3974897244702231,2.3843731962174664,HIGH_RISK
-17.6427855213566,41.43283189150337,45.032737419594746,900.9150870661523,923.067983126819,61.915596419822045,91.19390075331339,2.3848733959972908,5.9941330466557154,HIGH_RISK
8.505942480333701,-0.29794682166510267,8.511159133002142,993.9550734599136,525.0865922912568,45.115129003118184,86.94107598397947,9.37696469099734,1.1540804516584122,MODERATE_RISK
-26.897356839347317,24.446331777532492,36.34681474793051,943.7060264008529,826.6389271710464,61.89460222508112,92.7872369970898,2.3100630553658132,2.2964224808877955,HIGH_RISK
0.10284446220904099,0.6328811313529271,0.6411828988905021,1013.4069332615519,124.53521582461698,24.762339274910023,65.26581192619344,43.91420596431572,0.015012699871361938,LOW_RISK
-0.4485110256988012,-0.6421727414488687,0.7832930294808873,1022.8810754973505,126.2761272753696,22.086153513278628,66.27799066558615,52.84091214763663,0.012988602355905477,LOW_RISK
-35.47734411270248,32.85351392473811,48.3528212464802,911.5284234262057,887.4385629420915,61.724479866322824,96.84715243269356,4.081566640320421,2.8310337708908646,HIGH_RISK
0.2562981571919128,-1.403158053066893,1.4263734669666441,1028.9506975242464,229.97198625765375,22.643551468875494,64.77664679280444,39.04541747013137,0.023377854220788176,LOW_RISK
-7.062049525202591,3.8532060409369233,8.044858003117701,978.1880833962825,593.1483676801729,45.893796334619246,85.61447582127121,7.247686520719847,1.032066308404466,MODERATE_RISK
-6.737134868651287,-1.6293062374890623,6.931350882325736,976.7790839141165,646.327615651031,47.38883315070567,81.59636743179003,8.99251668352347,1.104200627992705,MODERATE_RISK
15.647697334280261,41.39840228619385,44.25695587944094,941.2427620243225,915.9948280401874,63.8881420934833,95.00005887452706,1.1937214810222305,5.965459473938473,HIGH_RISK
37.10938787163455,30.46267344020739,48.01126056803898,889.0604262924728,889.4295618991862,70.95785860519518,97.52177483369695,2.639839663735324,5.434556202434101,HIGH_RISK
-13.157187899860816,2.0894022198654625,13.322056713158918,981.5689870631965,557.3420227588367,46.05905647018902,87.1779562611068,10.63456268686322,1.1016726246015023,MODERATE_RISK
9.301015948511747,-1.5710932291046027,9.432774332560289,973.0533630497532,525.6472759817427,38.47708341453872,87.45358134456532,6.38693226875798,0.9376570151162118,MODERATE_RISK
10.54499720374149,-0.5938768000765497,10.561707043872454,992.1271141127627,594.4751288968723,41.714339506467326,87.03724920373807,8.694189405048732,1.1966029816187835,MODERATE_RISK
41.6878938940858,29.967722950778615,51.34145416891871,931.0423914655776,892.018989092182,60.89254042091523,91.76075039842183,0.946824488931886,2.2411361100912757,HIGH_RISK
-24.909830680996627,-16.880164041058975,30.090523468510504,911.7708571495067,776.8407661273034,67.46229404256894,97.53948215387108,3.261037446986564,5.194545865541097,HIGH_RISK
-1.1510213443320743,-0.3139855157277992,1.1930788067830504,1024.8379938391433,242.49476420883434,17.65456086491841,40.63110707381406,49.16801602418674,0.09408411300028863,LOW_RISK
-8.837994251428729,-0.7392484389555838,8.868857347076089,987.2379362251316,595.4414692280552,41.561391620149685,79.76554192242841,6.286817045120201,0.5386210453941748,MODERATE_RISK
-1.0157425672681675,2.236089205274928,2.45597799194284,1010.3937663935471,83.24868864189074,24.450756136844483,65.70850389608165,50.30071909335635,0.03150308419076636,LOW_RISK
-15.98203021812656,-41.52312068844633,44.49263806069933,892.6101179369889,964.5454077967796,69.463196652258,97.51973870415877,2.6852555900189943,2.668506606984943,HIGH_RISK
-41.8909368624329,-34.90946968512115,54.53000701365013,884.09669453905,935.3759418798514,70.58643028454128,91.6333360038029,0.5214372185023843,4.082581284225656,HIGH_RISK
8.548324119461707,5.755877874819168,10.30553129931706,950.2320793312291,593.2222424868482,38.42349747476414,85.00731880363266,6.575370660122705,0.9851811305200227,MODERATE_RISK
-10.29277621269228,3.69403149608815,10.935589186626173,977.8391105873638,444.0748234415829,40.09738993938566,81.43267157072404,11.914699505121185,1.2654559439403756,MODERATE_RISK
22.656063720467937,-36.67951003984666,43.11245388596102,920.6284822430738,878.8624045980891,53.257480655483754,97.45395794777802,4.185362239219686,3.742353348122876,HIGH_RISK
5.76539259175464,-2.0990030003055606,6.135598204930879,975.7468584263688,498.2685814463068,38.12416089169424,80.43661012541845,8.788520654199107,0.6921043990201483,MODERATE_RISK
-34.14144603441033,35.53788150348981,49.28061849324373,927.5360714838384,932.3074745322018,55.46422688260446,98.41398217076134,2.541229056844903,2.302087259974771,HIGH_RISK
35.44096726741679,21.70080998202721,41.55703688578097,908.7277480952398,908.1303350266988,68.37363675705376,94.69378334533353,2.6895885905355748,5.326867336319928,HIGH_RISK
-10.760439172370507,-1.906481263454224,10.928024615189504,963.8267299106876,592.0395566074717,43.50492469465918,78.9938277895086,8.706218821683192,1.278471703487432,MODERATE_RISK
0.1454939474890773,0.08497488734566075,0.1684910093606247,1016.7660098449618,219.566557101034,24.198589688823343,56.71755499955232,43.861401925821234,0.002900938523539465,LOW_RISK
9.727254183474393,0.1674520406331217,9.728695397422632,986.1833813679312,407.75831166868056,46.54778346295579,83.31981799905,11.786287658655858,0.5296197172594453,MODERATE_RISK
-44.56998069073521,24.05272671750692,50.64599531374204,918.675635538696,757.3036830748958,58.905723479071185,93.18335077923467,1.090994313656457,1.9859706181830163,HIGH_RISK
27.343087122799872,42.39732677350901,50.44975451818104,939.8185864013672,858.2531102198068,72.70497955475395,95.9207469269952,2.10924478607599,3.6015899905890287,HIGH_RISK
9.447131670271435,1.469583687038013,9.5607516968413,963.9597436652762,399.876930614094,44.416865079748,86.63187348368056,10.171575671762824,0.5549926608379432,MODERATE_RISK
-11.501900807201718,2.7022963397032873,11.815080519669822,982.7773504724786,556.5232057259152,39.622808243140234,78.36184797532925,10.55149390349158,0.9212312236304543,MODERATE_RISK
-1.3903957073671245,0.8374903687825836,1.6231421197382914,1016.7439084138681,233.07267277160815,24.58262882805243,68.52234139638016,43.817755816320705,0.15799627541932884,LOW_RISK
23.875534956361324,-16.147924349679037,28.82354298581957,905.9984496906642,903.678478182311,59.51538053263635,98.45583375645906,2.7831000718652144,5.577013067827062,HIGH_RISK
22.49307038577946,-27.511056735395123,35.53584750752061,902.5448147967558,856.8968986255456,66.84203636740492,93.00262755041626,3.1148244192068426,4.7507866438286115,HIGH_RISK
0.6663949672290597,-0.388357460556116,0.771300051547914,1018.1497503521089,218.99062386860953,28.02625869965256,53.48750058760787,43.34323850456075,0.09908785862567258,LOW_RISK
-0.590008218491041,-0.5007292346340149,0.7738471840771525,1009.8561093328157,199.07327403137452,23.06836064215793,50.865448083824546,43.42654585605954,0.09737434550394344,LOW_RISK
34.35253510589489,-18.527012114196832,39.030076173142895,920.9764237064679,951.4856765890158,61.23722720382246,92.09927896187193,3.1138900918382446,3.261443421982838,HIGH_RISK
1.2202758260545046,0.8961001047747871,1.513957888922406,1003.3371433947688,231.45659565510016,28.84121918512588,42.712569333749826,41.13272077983285,0.00024203547184467502,LOW_RISK
-11.389058900433081,8.36318296868501,14.129879405190866,986.5291325620481,612.1598974172291,46.906785956054705,84.22590897942523,7.009160576193433,1.3768450164751513,MODERATE_RISK
13.17998696347821,6.108604143572604,14.526771869218845,993.1155577319391,575.4787537190792,40.022150874589734,84.31736176823411,6.136599374988563,1.1036189881972949,MODERATE_RISK
12.431043013815302,3.0956443473887156,12.810692578344307,972.2637238960673,436.93701696398506,41.45050869322057,79.42106959832583,8.614600758070372,1.0178968338775989,MODERATE_RISK
-0.19521458155152688,-0.280456954478169,0.3417087007459826,1004.4487661362265,185.09406147117863,30.426333543311927,58.855117002507036,43.24610897199223,0.04249500350500182,LOW_RISK
-1.6597888631125055,-0.5297494392160325,1.7422782609164371,1021.4946446849924,91.9234650689318,25.892612218990788,48.73589364989873,54.39937274710504,0.057876882262809425,LOW_RISK
35.468613652910925,20.556471544516832,40.9950128286355,924.9461468457026,923.275611537261,67.94330108711007,97.42726261271709,0.6911659354804858,2.65163934588899,HIGH_RISK
31.239039487689656,40.35337239213483,51.03207081367307,898.4994687687578,924.7262433920345,64.53163183022889,93.26599249821899,4.359135030981639,5.731084749273297,HIGH_RISK
0.5916782135674452,2.2390328534392827,2.3158910223045512,1015.8725693827447,91.91741947062874,24.810517189822257,64.5508192418565,40.91922505485978,0.036340964617883886,LOW_RISK
0.09034531491153966,1.3051015960331314,1.3082249240458201,1013.5773534031657,273.14944196394947,22.775525012956876,45.93070909343463,39.96536319527428,0.2320116404597005,LOW_RISK
-2.4922800934034397,-2.6526590483442773,3.639788467856041,1005.8389509601477,208.7913158895227,23.653789640487307,47.55994664932215,46.15305424383107,0.0003495288508162483,LOW_RISK
-0.7078977986841501,-0.27793148831656245,0.760503258099349,1008.0550156934286,159.39843244149483,21.06002749673194,44.283569100036544,43.57581531128899,0.20110230335271603,LOW_RISK
1.1148961410340725,0.9230512260195801,1.4474173451872534,1025.1033072197008,165.9346726710296,29.231256723283185,56.516359018599864,47.181178524005276,0.04993921891058064,LOW_RISK
24.87827187667373,-35.58050207939865,43.41544125989953,925.6341767717736,926.0580753156823,69.76384243773838,96.3587400696209,1.3030905934177004,6.468870142800977,HIGH_RISK
30.417141376490186,-39.46009432473297,49.82270098694183,887.032132726103,804.1928189851515,70.34917703814374,91.95506803086938,2.122727602008521,2.4175076290439597,HIGH_RISK
9.32213042123924,-5.253173888068634,10.700371558449744,960.0136450285079,507.85314396854915,39.40605804076527,82.51636684683224,10.645016541165802,0.7037044505937373,MODERATE_RISK
20.106439046460146,-33.80145240311546,39.32946828637653,935.954704201336,959.6196980529156,56.707385794660794,92.11643683650851,3.5205071573365245,3.767952026976169,HIGH_RISK
-13.201108792832043,1.2220340605408957,13.257550324449445,967.8519274100853,389.3803793990283,44.30185569054572,80.58043894036716,6.193647317144441,0.8224906357304449,MODERATE_RISK
44.33873840863514,22.5909463059642,49.76218020413027,935.9229675877402,821.7128948457505,54.04521655439496,92.54547130186418,4.409681898427478,3.7727002436741115,HIGH_RISK
0.4337529658617272,1.8985617612970511,1.947480011926491,1008.5390653860904,254.60862940304068,22.28307738722818,46.016939787642094,38.578064819637426,0.2461914965869588,LOW_RISK
-1.868608168067982,0.47967290121380546,1.9291922086534687,1002.3446079632575,168.421406935944,31.56245825395315,46.4638872182719,37.975915280362464,0.03131261654856934,LOW_RISK
13.172313887021494,2.189194972514912,13.352993213729416,982.6543749437502,486.82464172311234,45.01599349899597,86.02548303394579,10.195055152410701,0.8857810123836645,MODERATE_RISK
-2.288287756387108,0.5656505908532797,2.357163856621726,1013.9316755970713,158.36217892343433,26.163789457357943,48.3902156963933,53.461732862316026,0.04141591497577602,LOW_RISK
28.8997781735008,-15.684229820628692,32.88148785477706,882.7993827098963,851.2679683732558,58.078560087887084,96.645001761954,1.8177315222619472,5.725277101403297,HIGH_RISK
-12.67712203089133,8.441171921931485,15.230325223110462,996.1680305496385,582.6050103144894,40.51079024029345,87.04976881781681,6.388907653487019,1.2393858748330868,MODERATE_RISK
-1.753017056429298,-0.08642819555037809,1.755146328121429,1005.2952050031319,241.08600860919583,23.711887382031765,69.10350659255296,42.5116373828548,0.032035207806647384,LOW_RISK
-0.40908535462150575,0.6424606458114729,0.7616472338177944,1006.9719047349784,239.83159422095642,22.7537690146775,46.96235733598495,36.79309942198952,0.22863041251951902,LOW_RISK
-13.46158456970951,5.451018367810747,14.523355685710218,970.7750410456756,597.6766068965569,47.939977334136714,83.01020572015625,6.013155271438043,1.0334102593223708,MODERATE_RISK
2.284544784612038,-0.9704051665583608,2.482102145396362,1010.7863077628876,273.94472655959544,23.35034472713408,47.165354812108205,43.12732924624875,0.11186488362317193,LOW_RISK
-3.9296176561346163,1.4944002291707101,4.204179702195232,1008.3087848365252,113.64073115330365,24.971820058077782,53.99123783513646,48.802530597920715,0.11947812799710182,LOW_RISK
10.486116805086176,-4.1461227615281535,11.276035633305376,984.1540297048493,576.8935875564574,40.73329583124663,83.28140057273754,9.230108030757226,0.6634789129019445,MODERATE_RISK
1.1362615650709578,0.5920072947344717,1.2812349438242503,1013.5535026835809,268.1007905758805,29.141773665667777,40.27294543842328,36.52513280741694,0.010491761404454158,LOW_RISK
-0.3512054354237708,0.5902280781326243,0.686814707244488,1014.9563496589835,149.50375906275093,24.037339301879147,49.152990604585796,35.21330705433005,0.002670107485803541,LOW_RISK
-11.815660148640736,-1.4675383395338666,11.906447561140084,976.5734656767307,409.66213440423803,40.52014733679052,83.463095713793,6.682619111364819,0.8809154973411677,MODERATE_RISK
0.2911349893474614,-0.708135866545691,0.7656474302907071,1023.6169742549041,90.94654138499718,23.063526021660728,49.096245812790244,51.60497894770355,0.056568349008516004,LOW_RISK
-1.0729555638899524,1.4458186751923645,1.8004514110681824,998.317680389115,214.2541650458265,23.076664841952084,66.04294479601188,47.550621806250376,0.039960584733476016,LOW_RISK
8.523317573006143,6.761899940773929,10.879808512071975,983.9187763457028,520.568065596292,46.58649578902631,85.24709487464378,7.189457080075204,0.5298766835590055,MODERATE_RISK
0.7574809184706857,-0.8725213709229656,1.1554526751730183,1029.0615246761238,162.23809517389822,28.44889404754791,55.77839730704378,46.09481957927988,0.049822231204458466,LOW_RISK
42.68619523463672,-35.86883236209074,55.75557728720321,926.8692319746876,833.0354488223971,58.58313132359142,91.90410100277583,2.426888816053204,5.1798813503619865,HIGH_RISK
-6.585385212525741,0.7619604562910829,6.6293198847471535,971.7538032560205,627.1180086883048,43.23694332244688,78.87479605750929,10.376006354666991,1.0788453060470076,MODERATE_RISK
31.369308549729404,-30.04163304014652,43.43424034798985,920.7729816387734,945.6599562321296,71.98874374655716,93.6961424972863,0.7734835172423593,1.6866964895701768,HIGH_RISK
-10.413936557417355,10.14212582687838,14.536601766236394,965.315163530381,541.1194929505751,43.37383842439368,84.80265628728574,5.947074275034783,0.5944139477143802,MODERATE_RISK
11.093737747559974,1.7444886686746133,11.230060459622253,980.0109000930877,432.7220725015846,43.58817234918322,86.55624566175877,9.719730350137205,0.678724680403475,MODERATE_RISK
-31.046364464027697,-21.7131770725562,37.885865504399156,944.8298620986491,902.7594594961117,69.51012805540472,95.30836353712105,1.192159064554704,3.5389930627943436,HIGH_RISK
-29.45116439532027,-30.24859319174773,42.217869135237365,913.9163117308902,924.8074046969873,53.78240849822007,92.71746153338806,1.2764150686684324,3.769121585266294,HIGH_RISK
30.369459337699862,20.7315745937846,36.77094295230761,926.3092997062786,915.005769500823,67.06278124255822,95.45661473579544,3.7881301873694597,3.9956239094046033,HIGH_RISK
6.094606016120848,-6.213946194623555,8.70386981758189,982.1250444209217,607.663768238395,41.19095339872988,86.43482492814286,9.648509601341315,0.6152706580863914,MODERATE_RISK
-40.99970772086719,-22.76752853794147,46.89708294683707,888.7902994071625,918.4522500810141,71.42145642568126,94.92987655065508,3.6834572567089396,5.905093079441615,HIGH_RISK
11.302757184954263,0.1290452645656719,11.303493825465736,962.8653663984708,392.1255640573575,46.33809308872862,83.22289473311172,9.784237890540059,1.2689864481035573,MODERATE_RISK
13.201305366508592,0.375558571906387,13.206646342684463,980.9908418529483,492.0042814100176,47.84865940344843,87.30254319985056,6.949353586119929,0.8887400810271289,MODERATE_RISK
9.673520741557443,7.087598181695774,11.992124562500145,974.7023351166359,530.7993613534228,38.367079828046286,86.13086964113819,8.25118442797789,1.0115250641921971,MODERATE_RISK
-12.758756772562084,6.087852620240014,14.136754362553026,977.0073854075839,417.5830856225591,43.438984207131476,85.55714133601084,9.819766282058758,0.5166999851628744,MODERATE_RISK
2.8230367447125504,1.3788434018628053,3.141774274014259,1013.9206130234348,143.0727486532235,22.326619220612795,56.304532857490436,41.63104947170262,0.06510092341661398,LOW_RISK
-44.9608275909133,-31.310890754254256,54.78912207258549,880.8408979978982,786.2482143640365,59.62551668499423,93.08018698515976,1.6497823895623402,4.831912315171911,HIGH_RISK
12.077306473655282,0.6593321070944607,12.095290425865821,964.0416083699604,618.8968318592529,44.902107766994675,80.56532617610978,8.304137073853605,0.6368537550002291,MODERATE_RISK
-2.8781568229485623,-0.2860236011450199,2.892334039819282,1008.8970879830864,81.27580868131814,26.717363291206937,56.84783523136583,40.24407814806022,0.09494847233056002,LOW_RISK
-41.906347254898435,28.98358257803277,50.952821308596626,927.09398450763,780.9443779681714,74.3609369717642,91.85035888399713,2.0775483989665626,4.754433554768827,HIGH_RISK
-11.561303685465447,1.067166007174424,11.610451593044326,978.8767987903285,462.12926895969935,41.27099665400079,83.96327605003862,10.789363921189059,0.8251247251162441,MODERATE_RISK
40.78585863339169,31.08989475858318,51.28418684704662,900.0448109458828,823.3331708206397,53.54613440395575,95.32984527008915,3.204598713689459,6.455567598438115,HIGH_RISK
0.06835775985572068,-0.13242307252688224,0.14902568057201515,997.4891694583054,111.24030158611986,33.67974635232217,61.73673727476455,42.947407586351346,0.15789873830536738,LOW_RISK
-0.10801518237050077,-1.9420222135813585,1.9450237935989296,993.7394627337885,211.63196485951468,23.537976252058936,56.18985366709457,55.42356460615508,0.05702280731951063,LOW_RISK
-17.238571667061244,-34.64928969186078,38.70066703909503,909.0117116718415,874.1553887653685,57.95309713159345,93.9452459229023,0.6216116043145967,1.7414937194021083,HIGH_RISK
-27.31812201446737,-23.469331735626202,36.01512630151667,925.583135398431,777.8690089350451,74.41633168657401,92.00530039689204,1.9972566331347137,3.221647134205062,HIGH_RISK
41.94808948901533,31.239865778094114,52.30269042421981,907.5872453458967,950.2616740993262,60.92322566782796,93.47055130871077,1.7743480798298257,4.661202490402518,HIGH_RISK
-1.2906200479259287,0.7704001598545749,1.503069031818659,1021.0565337547577,156.64307318945032,21.949923043413605,50.98084797239546,56.6891387269415,0.037416985118175386,LOW_RISK
3.285683438714968,-1.719518089528032,3.708430681522839,1017.6269529214017,211.90119633026544,21.620234245626015,59.28419773258521,47.619802560383675,0.05874766244009624,LOW_RISK
-17.384752450580624,29.579453536923083,34.30996486898464,880.1622044840539,949.4295142066071,69.85016858302146,97.9152449947349,1.5967566717969905,4.061108000375778,HIGH_RISK
-10.30206862382213,3.251462605963644,10.802991576777252,973.6672128477085,502.56189967060743,42.64370320182041,82.63229637409029,8.641568440089646,0.9357478226528015,MODERATE_RISK
-39.647650844574414,-42.56019517733893,58.16619663538666,928.2649155596052,812.9158565787709,55.653300397243676,93.65606409053751,2.0730946306359566,2.628147576148713,HIGH_RISK
6.8152996636792285,-1.1928243054326164,6.9188972625250775,985.9748497135316,420.593386177577,41.95040535681498,81.59973518176669,8.358495275272933,1.175980577398147,MODERATE_RISK
-32.73212128943118,-44.71123568901636,55.41196947361467,903.577896427857,819.8278977496898,62.600469301437485,97.9628319944452,4.215383903505018,3.4805453750202604,HIGH_RISK
24.685798325083574,41.465993358524095,48.25782054916968,913.4437998887423,757.9415346940066,56.13031149404226,94.89883496702909,4.158192316404624,3.1987499066410696,HIGH_RISK
-44.56214350441894,35.299749134849534,56.8494232397457,899.5289496707514,781.1801834995964,65.27507549354088,97.42702057150336,1.4319879522118102,6.405956399601028,HIGH_RISK
-1.134526117926455,0.3370270886278289,1.1835272581255671,1008.8535429127313,254.3826122561011,19.565703938970103,50.023139562596896,46.70607921246017,0.08405367856233519,LOW_RISK
-9.757668537829574,-0.4691428275155487,9.768940080006551,955.8665966527719,538.0887914698915,38.999369065686196,86.09018542266698,10.630599567347563,1.1218767360364075,MODERATE_RISK
-33.31426534061036,26.593692420017213,42.62704249317648,890.5681102646024,844.4252659208917,56.48406840877074,91.43807944951702,2.64521511967493,1.7804792084222902,HIGH_RISK
42.73934137747243,43.2660198442964,60.81611443151541,889.8134192984022,935.6596244351176,68.85702888089862,98.87484790715381,2.1804660878377757,5.619472916884865,HIGH_RISK
28.493338246971096,44.788950054579665,53.08408774244818,913.8314219353856,954.7448463858266,57.44952522671709,96.58615385558167,0.6396544584128696,4.440377673590375,HIGH_RISK
13.361687242311413,4.038054255718744,13.958530299908936,977.0003378731233,518.0576267885042,44.98927660945217,82.7870168189035,11.020246877848177,0.5476697650487391,MODERATE_RISK
-0.6696504218257924,-0.2522157278771844,0.7155728200819813,1014.0345403163116,149.0033679849132,30.627738983567003,65.27603525055405,47.01134038600649,0.04837483330796303,LOW_RISK
10.648578865844353,6.210189242938995,12.32715223785373,990.1611618035504,634.9518631069988,43.115195574628736,87.87315549198628,7.576243641642328,0.9732099591819918,MODERATE_RISK
13.19718119943981,9.456194121647034,16.235307169164354,979.0768973683718,528.1542935074233,47.26712845307773,81.65050654105531,8.485043043866591,0.8416342794401959,MODERATE_RISK
7.3702725709827135,7.819304696586602,10.745345211236419,983.7660587984218,646.7783443295104,38.38153605935377,84.2282923696118,9.282591890961216,1.1335873296781969,MODERATE_RISK
-0.7341591637773333,-1.8515233078198832,1.9917651059194994,1008.3950785771426,235.10105934379988,27.60922460644092,66.47485315204409,39.50795391018724,0.18377046720399073,LOW_RISK
8.84697728770904,10.182618190708617,13.489059283248393,967.216914469935,409.70573560769867,43.060053347669374,82.3248337587266,5.995635168250647,1.3751289363019805,MODERATE_RISK
-19.138530314050712,29.715802110764194,35.34561129288806,919.600493112175,847.3443542959293,59.820213138881826,98.2001887812618,3.3916004017812766,5.2108198567957125,HIGH_RISK
1.0352159875666689,1.794857252496737,2.072000168376868,1008.2158928504576,128.05982469007336,25.344443473035913,61.64347471328716,53.367209428114926,0.10902168176189714,LOW_RISK
16.797141030100914,-43.82658387674921,46.93520428304146,925.0586355688175,904.7375848889901,56.96019870828401,97.14095298261277,2.6174639499910444,4.9602359646242755,HIGH_RISK
0.5635470275185079,0.18004699007739194,0.5916098130194212,1023.1615708235155,124.2477392892128,17.827574189861693,56.912113043361984,43.61664114140427,0.009601819903534703,LOW_RISK
2.050311401166787,0.02203229209379564,2.0504297753518457,1002.2016431747699,196.34732948423732,23.852823057046923,58.20919348822797,43.21953975690472,0.0988410117085574,LOW_RISK
-2.7073231509967783,1.633122929556279,3.161754125001754,1017.1115030976737,276.50425445120777,26.533740125614578,49.04986724893446,48.69118615408081,0.06669533123542194,LOW_RISK
-0.2759750045290187,1.6289731742625484,1.652185160807285,1013.2795653747828,262.6082933779712,21.257614804950297,49.10511727443857,48.39364034639709,0.0562603341524016,LOW_RISK
1.3969201786742977,-1.0074350519070774,1.722298281192444,1006.695937122228,190.1326758881703,19.51302748294598,43.40938116090158,44.51237308127188,0.04781427467868313,LOW_RISK
-1.9349413496115808,3.093787378864717,3.6490434872798247,1004.9898087717797,254.8614668274161,26.401480865545352,53.78038030518468,44.683630200515424,0.11247815308578162,LOW_RISK
1.1209404076848928,-0.26243963504311296,1.151252344024687,1010.1782298243812,139.18640588732322,20.60551829928875,55.111583037698686,46.8018435795243,0.06146281661167759,LOW_RISK
-23.7721348068154,23.58336069683589,33.48565804983483,941.9376948375159,904.4905904083489,65.91833006524175,95.01953434059777,3.644999312994911,3.297844558649566,HIGH_RISK
-5.847893272512444,-0.18384770845971143,5.85078248669374,985.2477411228173,574.1830713386868,46.812495283226056,86.09245836753483,11.65625727103646,0.5706431820202158,MODERATE_RISK
-15.02996976800828,-31.54602748939082,34.94355221766448,910.814103070043,744.6101389023462,61.913998549872204,91.41212180751444,3.6257895145026904,2.248248071285918,HIGH_RISK
2.3897799399590953,2.8099466643263185,3.6887461850592946,1016.528102367676,127.38479877934469,20.766237465433388,63.703941211783246,31.436937180947808,0.0717022666792763,LOW_RISK
25.6121475833971,31.080748829311524,40.27399969737875,930.60610489425,733.2037462015553,72.5246736356459,92.95264008369989,1.0498377563415056,3.816078949368679,HIGH_RISK
13.016000083027164,-0.8266764162925617,13.04222573254341,963.9312970846595,501.3601306000656,40.184382449886805,78.26029549817135,5.698141192024022,0.7721586678460799,MODERATE_RISK
5.75843503262689,-1.0750656401540821,5.8579296816899875,979.9911050679895,583.7642806343981,39.972883087170686,81.55687389894375,7.742388497023209,1.0654639056333974,MODERATE_RISK
-1.2382457951887673,-0.9201039953114096,1.542674305059458,1017.2553257710497,213.01119780132623,26.230706613604454,46.105333249956594,44.119332482245106,0.06103844618739436,LOW_RISK
1.5856833393283736,-2.364588235476374,2.847045692639451,1013.1755974308911,93.69009051320336,23.409768938033114,56.34474027020295,43.369937520915755,0.0075620606211218334,LOW_RISK
2.829278851815795,0.9191608575938546,2.9748404164702307,1006.045034122817,194.60844012380312,23.427788971754396,41.63527832241159,45.898111363159614,0.009997534439410595,LOW_RISK
-12.829153405012889,-0.4642848613452948,12.837551850794148,972.5927569601095,430.8665871981329,47.56498124777099,81.5891299099803,8.155932309701061,0.8808555555740794,MODERATE_RISK
-7.923190238423245,8.977244458972445,11.973631931473294,980.424239695321,392.5153827472555,41.941704545835066,82.65173696656639,11.171682369326762,1.1027712266830751,MODERATE_RISK
39.74801512922384,28.526585743953113,48.92515509347023,880.7305338732496,836.7476038523437,60.97720388868416,91.44758357278897,3.248860164724459,4.448890168597176,HIGH_RISK
-6.69379983511876,4.547632316011942,8.092460436373605,970.2974428373365,503.6639485653054,45.9556336250227,87.36446422811757,8.844264071571098,1.0146881448238565,MODERATE_RISK
-11.301694333646477,1.655131607970189,11.422248266032343,983.109137726157,476.1870283336476,44.095203113099245,81.76993829210456,10.702665411613172,1.0475671297455316,MODERATE_RISK
-10.952043024525913,-3.597368663395083,11.527719102729892,977.8134834748957,540.9042308472901,47.93360855054743,85.7604895886938,9.188355133219074,0.7930818429687079,MODERATE_RISK
10.799291304433106,2.702414199217481,11.132283466662928,986.3052661953731,480.56607591293175,42.69648356402692,83.43012510014346,6.799091932282293,0.845770236848582,MODERATE_RISK
0.8558980028897389,-1.4391588550852197,1.6744370998997973,1010.7417625106208,270.1065641908818,18.017170268561394,63.71540822600943,40.64403484996185,0.09505574045307784,LOW_RISK
8.457747664333798,8.098068724463612,11.709492415116872,965.1905327298663,625.3370015618971,42.06399852854497,79.3178666863411,5.796221390489832,0.7867067883133906,MODERATE_RISK
16.345750085561576,41.998995593885724,45.067717678565316,895.9951093218941,791.819101526971,74.72969784510592,95.50403811184557,4.245234545573162,6.32754900725975,HIGH_RISK
2.0334567882074266,-1.1987880099753805,2.3605167235941362,1003.7326667272771,216.86284978506896,28.279701010540936,43.90953964273873,38.39753278297484,0.1595702800507199,LOW_RISK
-10.219657824816,5.587189328132941,11.64723532194338,979.3374760934854,490.232028960135,46.42356787718382,82.94586251202645,7.350094427605574,0.9929441373613123,MODERATE_RISK
-44.75869112409456,-25.25643966168345,51.392880591832544,901.5492999170473,870.3221721558606,56.15702705040209,93.33161318116326,1.2861735821435616,6.23831839834129,HIGH_RISK
-0.718761356767935,1.157548065972517,1.3625473984488017,1020.0571836973438,154.69158902654107,24.400237123683564,55.29178225864539,41.297549468339206,0.07003741770614866,LOW_RISK
-38.95188447008972,-33.77019637166276,51.55264752417553,932.805690713493,887.4044411027119,65.99987297160816,94.0161780045324,1.6476997677512633,5.67114678625107,HIGH_RISK
-3.110085348612224,-0.5502366177220314,3.158384272240254,1017.9062125366778,151.08786747281235,27.648207339033892,40.114908715009676,40.30379229658997,0.004295388093081327,LOW_RISK
-1.0530796408160286,1.0914443154554698,1.5166500663110376,1018.2276571523472,226.29929280862783,26.206800035606943,44.08168703294929,45.03681340711783,0.26056709649763504,LOW_RISK
-0.3824658261312829,-1.4989533484423663,1.5469781022900313,1020.0353937013333,269.8546212491234,30.070606044751894,68.00365315749556,41.84298722216721,0.0551530806213626,LOW_RISK
-10.706006906743893,-0.21077181513398813,10.708081464263465,964.4905883381103,636.4458254347408,39.80775954840727,78.87450156502754,11.801100731680215,0.7758119582154055,MODERATE_RISK
0.17027601787687208,0.20031135717342347,0.2629040929248985,999.4435461696752,205.0660339908908,20.243070139691483,48.20999154764373,46.215673275692446,0.055860433509265284,LOW_RISK
13.62426055009253,0.7718066362995941,13.646104243359849,986.8964264548523,526.1295695688814,41.42740413588846,87.46173704796345,11.743118385146353,0.5999417485627084,MODERATE_RISK
-1.2408464153284844,0.27503987966873344,1.2709629270131135,1016.5192224918453,97.01127709784822,24.620703074876513,44.70707872438361,47.01637281518586,0.14099693947229436,LOW_RISK
-1.2254035064808542,-0.44322047704374057,1.3030956008545396,1015.5486312352241,94.67281349192054,21.19974601013549,43.793927362107134,41.68281921390256,0.09512370333247921,LOW_RISK
-11.740258764306677,-2.837741315836235,12.078346394622226,972.3939166766604,556.4625912238976,38.76089371349576,83.9106207804899,5.8878657619362285,1.0891188627567248,MODERATE_RISK
10.174581439066772,0.2782892047971366,10.178386529392007,985.0958596789119,400.4240637774844,46.43109956576403,78.16833319860561,10.6671810633604,0.7905539999581788,MODERATE_RISK
-42.09963315807764,29.344960898300748,51.31769521488187,922.9540344042584,933.9424361477626,65.74989170752174,97.78932249429744,1.1266875783339239,2.972588963346802,HIGH_RISK
-0.8634567393566609,2.4599467940570894,2.6070856852685504,1018.2862366737745,255.95048045886873,26.642200341310467,45.9172799850105,51.59098533617013,0.031362104834907666,LOW_RISK
-18.887571900299534,43.10158437982054,47.05833558828631,883.1133713953826,890.0195561806954,59.50836771960257,92.17760182528124,0.986938275877002,2.342276767599167,HIGH_RISK
39.44093538360046,37.88120169669851,54.68613010553317,906.9258763488652,720.9401240606076,56.49655957452073,98.3263372523759,2.175478878908882,5.8038057874559925,HIGH_RISK
-0.17347242358236079,1.6180212501469433,1.6272939032856404,1009.0572928165233,112.2437623950245,24.18990309174068,45.87940554105286,50.19303034604408,0.02386596095172381,LOW_RISK
30.31186867560297,-15.67864671381302,34.12666619204929,887.8237095157149,941.6104282476858,74.0411153421675,96.43805270145897,2.847782259653807,3.50178158452984,HIGH_RISK
-2.0665040519356364,0.0732901054885565,2.0678032876047294,1005.598508985456,152.21494526820743,17.09804891513145,50.50020605419536,46.54004951108671,0.12998261333398176,LOW_RISK
-9.789000204533034,-2.7191069974980344,10.159629317459892,969.5870090503776,423.51419573196347,43.794056310866544,81.6564216270421,10.342273789995806,0.8072710273647035,MODERATE_RISK
-30.04491286608191,26.526916141180468,40.07959666827593,881.614236486201,866.1780449594947,62.42433979729833,93.9656174449176,1.0919740977216357,5.869643989272637,HIGH_RISK
0.5424540375714513,-0.7015518019678371,0.8868096265388016,1024.6319850887994,159.05186308623155,19.416843191230058,40.540870268767364,43.30120496176238,0.04760693244164888,LOW_RISK
6.758803279745141,-3.6795086570837157,7.695466570120858,976.7941417104884,406.3463757855927,39.892376025452485,82.40218972971002,9.439580713617488,1.0937340339323827,MODERATE_RISK
33.37983741455997,-29.12398244807424,44.299208790430946,896.9407233669099,805.5700073526551,65.4957190273596,98.71111094488391,1.2249131567350804,2.0514007799157605,HIGH_RISK
-19.833297155574993,24.467965058567238,31.496682208902676,936.3734525827923,979.1493356606604,58.758387131472304,94.93707193917872,2.936235664776593,3.8512036601234025,HIGH_RISK
-0.48309227430851337,-1.8414117227054887,1.9037266815416984,1025.6421612119616,163.62895763255995,23.654452218355456,59.507652132809845,46.49398890160881,0.2502883996003483,LOW_RISK
-0.059332730784982565,-0.4785809034999272,0.4822448072682689,1017.8350225059296,161.06507212939067,24.246954659654772,68.73299974528668,43.76832359410076,0.05251035045607925,LOW_RISK
19.456354545299426,-31.84171119463118,37.31547003582689,916.4388745960056,811.1863465479631,71.48905064729104,91.08893425867498,1.5082277141761873,5.480048795053984,HIGH_RISK
26.600744839163642,33.086890183392214,42.45399778591113,891.6703516016208,967.6113910293544,70.78871367775233,96.0888964576235,3.701361630695369,5.600057115830795,HIGH_RISK
-1.2875366702718203,2.418417386982968,2.7397980463815528,1004.2050773204998,224.03149218618805,24.59809711771318,46.45807137357503,51.96019375793546,0.06871830166043066,LOW_RISK
-1.6945602819864272,2.6583773950046163,3.1525394404443934,1003.1819607145974,245.26816219003734,23.392819892233465,56.105774395078555,38.67370795457393,0.03081207508144694,LOW_RISK
9.694395616920094,3.7240387685203067,10.385074440118462,971.6133094611624,426.92569142651473,41.04070284780257,86.9783107960142,5.61433445538141,0.7116400130075753,MODERATE_RISK
18.872209959204884,22.461470459365877,29.337313509271397,942.9679367781586,750.2659984808531,70.2179388212009,91.7765546252395,0.8730487916357159,5.945713397093099,HIGH_RISK
0.6191713904047474,3.6596286095089092,3.7116377477108218,1005.129246465377,88.05160060184642,27.282028833418064,67.34025448649226,43.59437257555957,0.07254341242068807,LOW_RISK
2.6481813604216455,0.35067886768612155,2.671299344125674,1011.7370368737837,266.8866077506883,27.067786062993484,48.325684147071776,38.75089830205318,0.15037125345388352,LOW_RISK
-7.181769324984898,4.123468648268595,8.281352807998706,984.158237815976,572.2140104591524,38.120091630842644,79.19244911319261,5.861057017669699,0.6009022835043765,MODERATE_RISK
-37.029289998258136,-32.247377525337015,49.10256281536342,880.2840919110907,783.1395187801164,74.71723362347255,98.50745452330194,2.4351729322180544,2.4680409755795605,HIGH_RISK
0.5498973691452724,-0.7929250226246353,0.9649441476568322,1015.603793032108,196.90862265189162,18.747862773714985,65.36532432521682,55.89281086995831,0.007349305778473192,LOW_RISK
9.691409784416592,-4.860719882813682,10.842048763433317,973.1294248352634,430.8097256753453,47.30725794545397,81.93246464792038,10.63098924447609,0.9872864548744971,MODERATE_RISK
23.644708483852348,-27.297838000532174,36.114321242267,911.3464930064404,948.6098427824817,63.69358068122288,92.72923062085104,1.2417249656189262,5.205476858699276,HIGH_RISK
6.259270795042947,0.946305459521984,6.330400059111484,963.8074975777936,414.8668290979103,44.43997953630473,82.96032889941415,6.018680802636473,1.2872538546990873,MODERATE_RISK
-17.789408293343737,-23.286545055328496,29.304030917966404,916.3893921854833,784.8647726042598,53.59990722018754,95.42055801521566,4.242085141857612,5.407956860022273,HIGH_RISK
-18.128332734946387,23.706014865196725,29.843116267204014,882.0513706889867,838.6778848308894,62.882984934491134,97.45063179877887,2.6006358351116687,1.7338512063546412,HIGH_RISK
2.2535355781440423,-0.25068257067961724,2.267435633750944,1015.0524633763275,91.37627955552931,24.97775882540772,46.03525696866638,43.929248446444056,0.2910309863504774,LOW_RISK
41.948191953303805,-17.055088893063925,45.28274357082988,927.1812062037208,946.1411878917157,73.2285660528854,91.27303923256942,4.020688722563026,1.975525588257436,HIGH_RISK
1.1562977908304504,1.7471090316857572,2.0950929692205364,1021.2248701877264,181.13934875627479,33.39175735652972,66.84242712493904,43.141104942382555,0.06767646567428325,LOW_RISK
23.19957959871425,22.67986861579731,32.44375030706078,928.0746499092162,744.8048928933413,56.28965370407285,95.34848471755576,4.289471302043401,2.406956204339358,HIGH_RISK
17.351652809107755,15.467627543260917,23.244942611778175,940.4655669177985,776.3768966001776,57.72661512332483,94.7992183346477,4.206654237577879,6.386487436186885,HIGH_RISK
-11.528709108736734,0.44238575389849366,11.537193717239981,986.5499756054162,447.4711626141885,40.404455636759096,87.80592123804787,9.491054203753093,0.5893640116671233,MODERATE_RISK
3.840126807403192,0.1131504583523892,3.84179345139246,1020.4128434461009,126.21617057489924,30.572725031739623,60.2827910249373,42.783682675910484,0.011640808701194102,LOW_RISK
1.4256357572790754,0.048006223598649936,1.4264437983800435,1020.3715872889983,230.69442213191934,24.962845753728736,67.19959890855996,42.77174848485003,0.015495449127928423,LOW_RISK
0.9508785334770169,2.458675208166101,2.636143729897523,1019.0961129525322,238.76362078160793,28.134358659194426,53.279645447812996,45.683733236996154,0.015178641254164427,LOW_RISK
-17.240382984501288,-26.14815297902569,31.320228442123653,937.6542042616793,974.2518830567194,70.86630875992417,92.00372311254448,4.491930534829895,5.0614023373499535,HIGH_RISK
-5.230690248959803,7.634477973783677,9.25447861377135,972.3268297683219,405.46441589494185,41.813358171222845,83.15255364112576,7.241976917169864,0.5568171442920078,MODERATE_RISK
-2.145212066940949,-1.3558614621971845,2.537773653583106,1015.8072146073519,249.37744488579057,25.825447085301803,55.261179526488,52.22206097527544,0.1679645144202749,LOW_RISK
1.0616279031832132,0.06540366955868059,1.0636406558649998,1011.6031245529573,127.81327681500593,22.849416968880735,50.99913100289369,40.37055048054425,0.06212738023592289,LOW_RISK
-27.01965005319095,-34.91669507032772,44.15016515972675,936.3408811625177,911.4743069494499,57.476005187025166,92.99891954175493,3.232170988338344,2.06976140607027,HIGH_RISK
-2.070152187322337,2.4110183640299887,3.177819949330877,1019.858377371532,146.2704437472634,27.07960855811501,40.299077042035556,37.07187146615204,0.03311647541569381,LOW_RISK
-0.5571612989936872,-1.3836152767477539,1.4915830339428295,1008.9392651504581,176.76050797212946,32.397448565545524,68.15342921231223,49.64466006766108,0.006171813330125704,LOW_RISK
0.6074725664414333,-2.333843469305441,2.411606986678924,1020.6232008953957,217.81753074964593,24.113946948191504,68.00239381070364,43.673812297648986,0.0007667793003992182,LOW_RISK
28.374653462150377,19.849210070123227,34.62819804010893,881.2486846497785,975.907936548104,65.2056033279257,93.16737289048042,3.1145177292692616,5.964975927616306,HIGH_RISK
-11.280173297562715,-4.092689856695391,11.999684157766165,964.4767053039681,444.4567792160092,39.37552111475139,80.59391607420856,6.7117095588662,0.8548177890514247,MODERATE_RISK
-26.34092300622931,44.832905376008114,51.99840025687519,891.1087466864743,975.5553605435193,63.474996085660244,93.44531258073965,2.930107448701354,2.9888669733233737,HIGH_RISK
18.88951201473386,44.0626032732841,47.94086640199154,927.3694947916049,829.1884102784243,73.80155792174753,93.91567878351715,3.2297983454031653,2.554598562987156,HIGH_RISK
-20.363288626514613,31.42260155619168,37.44387015582015,905.4844234484042,735.2207697070203,66.10751390452239,94.14888273555698,1.4807181613691287,1.741195465162668,HIGH_RISK
-44.655092097846186,32.71311842336745,55.355445687379195,940.6717429208638,927.3554598226824,55.40903952548088,96.18669056122019,0.9723670327885334,1.665543573103005,HIGH_RISK
32.94758791551156,31.057180107442004,45.27794149115499,891.1431541765822,813.3650597194617,66.63641363383277,91.077561346675,3.346723078645549,4.316485058574399,HIGH_RISK
-0.7708003760050404,1.8574246071504534,2.0110095452029877,1006.9798746753088,155.56784274543733,30.74034959688894,55.25437105924078,44.26329886689247,0.1809247434135968,LOW_RISK
-7.5313401834242715,-0.7177799396709976,7.565467136948996,974.168664742785,579.1221608041783,41.385859719415734,86.91868204381326,11.059759846443548,1.1437539181944594,MODERATE_RISK
0.17134147299305946,0.4979704958535218,0.5266236940245224,1018.2540641346483,119.2588604622134,24.143729209088555,55.09400664244959,39.79900644522263,0.019888174154377054,LOW_RISK
-34.663971044292886,-34.14826858260434,48.65896768067792,906.2802213713286,861.6061544606431,72.13921445863593,93.82049713793988,2.0493749586321384,4.3648247783386545,HIGH_RISK
21.969713685957828,42.39099294161372,47.74583334720325,898.9784405632616,747.2386029970909,56.46759179297643,93.6779477356586,4.33757444977528,2.093872816584936,HIGH_RISK
29.847969730177084,-41.73309432503108,51.30840534411013,887.9427895189004,867.5484918650764,63.2673881266647,98.54486454176106,2.7658069988041487,3.6870363188545774,HIGH_RISK
9.739780371726777,1.83757507328588,9.911609548374866,965.1034903383563,494.0350056291983,44.08319401400067,85.34654497853064,11.066296767287806,0.8729448524206489,MODERATE_RISK
-12.974665703859726,3.6525899038104894,13.4789971115188,970.3746703368662,605.2489859679964,46.67404113224568,83.34818164943144,9.486361559915343,1.353527357919332,MODERATE_RISK
2.216841067112274,-0.4824525768260739,2.2687319819056646,1001.6991614709317,257.236354425869,19.43911229938615,58.752746580595854,44.34537097436937,0.011172302426345308,LOW_RISK
-43.542165471304756,-36.627976450257336,56.8992867509874,938.7436804983204,940.032116842959,56.42481316815775,96.66904558376787,1.86555888792383,2.321546863401333,HIGH_RISK
6.151549468277883,2.75452432627192,6.740101269617074,990.4484146241825,487.63800762997124,42.52008287987081,85.307623018533,9.34414818384294,0.710596830911565,MODERATE_RISK
-6.88938648506136,2.91969738167175,7.482531586374159,986.8641559051761,603.9074029332388,42.66003514353013,83.99300389016372,8.014006355919225,1.3454902606065686,MODERATE_RISK
-6.0942861458017425,-5.072226876697589,7.928922317415175,969.6716373122008,521.4730347251427,46.68850751801164,83.84469931644612,11.852581983234348,1.1633233152113185,MODERATE_RISK
15.69190160991681,-18.347069771544813,24.142301989189914,914.3681657500856,730.4351131130851,52.502133156105735,97.72324078755624,2.818097735655644,1.9891003970590477,HIGH_RISK
-0.3735540593345675,0.9724206507657885,1.0417027202043263,1019.0225000410092,147.61688187325228,23.832965470965853,64.14900501645056,42.91780783375987,0.035358954949917906,LOW_RISK
-1.4663328671978266,0.9462175268321663,1.745124547277065,995.4955970180197,183.2566598395348,18.60851146202065,42.59859282564082,37.260992218454845,0.07783512590743245,LOW_RISK
-0.6750982072188655,1.4940715287087245,1.6395143556212466,1026.6376167223882,197.11274575866037,30.136383175792467,59.73849733613777,47.23490858504926,0.012959108523907895,LOW_RISK
-1.1386989923305468,1.1131430580139605,1.5923953223804932,1013.5123759632927,105.6651724377529,23.063304195005053,65.23288511848304,47.654471571079746,0.041375804551568994,LOW_RISK
-22.23089197007777,35.44337628359463,41.8383254942851,939.6352396610622,865.7814325407091,53.51814572366836,98.11510473938586,2.7569262514302864,4.255627458387895,HIGH_RISK
-32.56410087068667,18.973703726006352,37.68848761357404,892.9043648750519,791.0482381844514,73.32724322426633,97.49636190841247,1.3269412225662953,4.554148206122896,HIGH_RISK
-8.91892516011832,3.386108073252002,9.540070958621534,974.8213784511227,511.473992574597,38.833025831117965,78.29293705005371,8.420684386330322,1.1450523044133054,MODERATE_RISK
34.977900936620394,-34.42556961897137,49.07721872236318,887.631264053634,740.5484956905572,52.63234662743411,94.97946294106461,0.7356100608479119,6.486865683092557,HIGH_RISK
1.0664399523052372,0.4249318073192132,1.1479813642844423,1019.3043094398959,132.23248650217204,23.155321071861525,40.0428502923753,39.982805482502485,0.0342451617215496,LOW_RISK
-10.902166519097479,-1.263638140594212,10.975154493695952,984.33810426075,530.483167473446,41.908335492672215,83.63578342776549,7.750204500138652,0.5407981718431947,MODERATE_RISK
-1.6595024610090423,1.7231485505581552,2.3923188218516653,1016.3737187994311,101.17486364262587,22.90135037173279,44.537928533880276,45.757015239758665,0.04848166564794117,LOW_RISK
-0.9560806909597765,-1.79045524763472,2.029734042038225,1004.4110976554998,156.67942821165178,28.255923440790966,58.46043521885723,51.51295198393116,0.14522803344550675,LOW_RISK
-30.7450054140413,-22.029953758980238,37.82293246870523,880.9862439711693,813.4626098352288,66.68710489555144,97.64668116374477,1.934088715211384,2.3786466617055986,HIGH_RISK
-20.989440575440025,-39.33382812191921,44.583703865814144,907.3278821491293,940.8470128668231,59.01718456653079,97.8628478865174,2.9006105922944587,5.705710249218841,HIGH_RISK
-11.327285299767183,3.0606556909863496,11.73349928713037,966.9349037097442,418.7659151311207,39.90748263705803,87.77615367523754,8.679669750055735,0.9156780131001525,MODERATE_RISK
-2.4190738067844775,0.6206986461772473,2.4974356632428014,1011.8002066142552,244.8700894498699,19.377747784574854,53.56645300305154,45.6974889807373,0.06247671227260135,LOW_RISK
-28.438260338471583,-38.81903178130908,48.12122067775266,887.4656445067865,905.3294540218395,73.02008131460876,96.60559456881644,1.777267401666943,5.876317422348896,HIGH_RISK
1.4389062391278102,-2.4203420968151117,2.815760471101246,1017.2642618893403,279.11378009813757,26.919308141467333,55.88600845067372,37.27783075875878,0.14926291486842289,LOW_RISK
5.030490631843752,-0.8926737553175719,5.109080389903894,971.6485686122181,406.66330154405586,40.48549310751179,87.94061983383111,6.466056848054382,1.0172382825808177,MODERATE_RISK
19.40381278310889,-38.53919743406797,43.148321976457105,900.7904475304312,811.9238519868345,64.09497614925016,98.96928236973339,3.7928626028441976,3.2554190334667537,HIGH_RISK
-26.32887240420434,-26.964645942226312,37.68688966824531,891.4491737018215,926.2360393634292,66.84987622195085,94.12237505901768,3.904775880707069,2.8033585045419454,HIGH_RISK
26.977175090075377,-29.48625365918069,39.96507388575842,931.1041849917692,882.1228828485853,52.947800002055565,93.07498026819357,3.4645420614818816,5.916507977752788,HIGH_RISK
-42.947329590557295,-32.27305744656853,53.72172145333274,918.085919929688,756.4406696425539,55.53611265743099,98.62260251957181,1.5262340249958055,5.267835527154465,HIGH_RISK
0.813840065378947,-0.802852817340852,1.1432009002481376,1020.7505611010125,171.58579888680558,25.848373412296702,41.05477750813583,45.078411182358124,0.004042320908017751,LOW_RISK
6.979920142072376,9.3921607670834,11.701793412312844,975.2250038824544,589.5129553624698,39.71282636292151,79.9371594227956,8.811112151951306,1.341144849269528,MODERATE_RISK
-9.283340276284669,-0.131974877703815,9.284278327023273,972.282699601303,630.0220027528777,39.33998681205671,84.89284081750965,10.31336937043592,0.9953028479857473,MODERATE_RISK
-3.122894111825583,-0.19895061957386034,3.1292249811580697,1010.4386861142901,114.88185342229991,21.779312993028494,52.89493772539008,38.95400644380197,0.13678811087165238,LOW_RISK
-0.7263511092993771,-1.8144615280368082,1.9544453358193736,1016.1590550609998,88.0277718170733,26.198590751349393,55.285266196726056,36.62765269773377,0.03418865345376056,LOW_RISK
-9.715938507182004,-0.1338097831036018,9.716859890592039,980.4957431606445,456.63846005345687,45.69023238782648,81.1969568666625,7.328518058059826,1.2662915340717271,MODERATE_RISK
-0.8653554834936046,-1.1301268055192752,1.4233856502598485,1021.5319946777901,254.5718843131329,26.22792429074495,45.73726387228364,55.269093450432976,0.10879803338762992,LOW_RISK
7.946390121038593,1.2913275395409523,8.050629961072403,982.5289108149378,583.4147910283557,39.49977024151545,79.15804889347407,6.040551265361022,0.9783207463616717,MODERATE_RISK
1.7925699433872637,3.11112400462496,3.590598776539794,1013.984019875587,263.00030754950546,26.638544474735976,68.4070869838155,39.86959577902188,0.02812825187028663,LOW_RISK
-39.619445401481464,-42.56052533829893,58.14721636495556,935.7126667905536,889.0448015288528,67.2519609796163,98.98038209293888,1.3787315345010906,4.7008636339675975,HIGH_RISK
22.031147592114174,18.46688389420008,28.747126203977057,909.1805439531782,813.3842913041453,60.444292664177695,92.2058486742075,3.0466914720055347,4.794869223127858,HIGH_RISK
11.13088332039394,-2.815654595865521,11.481483976187166,959.5243020586369,503.3615298452555,42.84741357399692,79.14294681142384,9.738740861054364,1.2041954685489875,MODERATE_RISK
-11.445148764290638,1.5159158759617428,11.545104208266652,971.0832939049596,414.1622667932504,38.216393249451635,82.2970080704316,8.741059011230842,0.5500995314505792,MODERATE_RISK
1.5215550975271956,2.565920058872888,2.983131854835994,1020.0818078124178,183.61549960806894,28.05544140653369,63.99075586008374,45.143877820404995,0.05076693462768581,LOW_RISK
1.1076998699931155,2.525891537186803,2.7581020756336554,1007.6922949512875,175.11923836440167,29.727564371839847,54.79090375476407,48.297657347945695,0.08699153634893346,LOW_RISK
0.9878164090092456,-1.6364496453227972,1.9114781452020397,1017.5285386907673,152.59656808077432,23.738813378855504,68.42870975562002,47.52668573823674,0.19167938159946754,LOW_RISK
-0.8653378042847231,-4.308393319922474,4.394435403402456,1013.6894728879988,89.67254220975617,28.602132309326365,43.50243708306387,41.366290475589906,0.04680286627200648,LOW_RISK
-32.67419447633171,-24.436867213845975,40.8015130099888,914.6073218096648,900.2742335422928,66.21297698399476,96.70146252835251,2.9374548460970162,2.2389790364037103,HIGH_RISK
10.133485928307778,2.7070484130010555,10.488834452385225,966.5396032737236,401.8348313746686,43.93675074397902,85.12661225646745,11.383046245446199,0.5207806604139807,MODERATE_RISK
7.640507080246805,4.6543914742430506,8.946547291486697,966.9103610707419,528.4108106309966,39.70106882012076,78.86509268939747,9.05507654091337,1.3470994715857614,MODERATE_RISK
6.888782095512091,-4.54561207682594,8.253357372150669,971.8821442674398,557.8853690968863,42.29817698141382,79.52888845644796,10.67223014730395,1.1780397907217315,MODERATE_RISK
2.1767154116925624,-2.0578517143970343,2.9954705242994355,1014.5301458068222,254.72370574744306,25.05131457417474,43.78412974048456,45.00554972343647,0.17594407464147918,LOW_RISK
2.255989482874033,-0.7571623818423261,2.3796603579745135,1003.3898134818519,255.9202993423524,26.154912012039347,50.337897871809155,45.26263184107658,0.06931178348474315,LOW_RISK
-0.4329879583802075,0.5877060081038198,0.7299841943929932,1014.397107738738,193.14899012265784,14.477079452683746,47.86822965444955,45.83327908679922,0.06815298273963262,LOW_RISK
2.7014106493662235,-0.22690992548026756,2.7109237559899584,1008.6871890686906,149.1159171741626,26.179885822835285,57.60303723533774,48.47966050470425,0.03462969185980704,LOW_RISK
13.363525865172281,3.128144841848882,13.724762792147423,982.9586381234122,439.379627970631,40.511122868190064,78.71252685321365,10.456416901110844,1.2547198997342823,MODERATE_RISK
8.350207656674643,1.2077609471243744,8.437099881771378,970.4855460967507,473.1159215971666,38.290387826597744,80.50571291422148,11.323574225897364,1.1045954537260068,MODERATE_RISK
-0.412577545727466,1.7949472299684768,1.8417534551644004,1021.8338243821281,110.28646287399266,24.633175903419495,60.07946249090505,49.77042551078314,0.14953179304200834,LOW_RISK
-12.4827495973728,-2.651755947411652,12.761302720151413,978.9188126224558,403.37858670842456,42.58728824200241,84.31982092983306,8.927926384810467,0.5182431851057473,MODERATE_RISK
-42.970556937037315,35.93409254715836,56.01542439959647,923.0947332659285,752.9069061916349,56.76969355003586,95.2949301366749,3.874257168565236,4.839492937544533,HIGH_RISK
9.875181416303555,3.682146823616277,10.53932698209779,988.1347316132524,500.64524224038075,43.129788419143416,85.7865215107491,10.84679425904931,1.2938489638508917,MODERATE_RISK
7.170860971652207,0.9265248034504769,7.2304699215316415,976.1430875305924,514.256279651182,41.3276371533568,84.08730482584849,8.69666087040727,1.0804673936706766,MODERATE_RISK
27.35767883682488,-44.39004391267197,52.14325066494994,896.9514400590896,970.6453879688793,56.61486740445607,94.09726164906748,3.539857033220994,2.8652015249015452,HIGH_RISK
10.829381673112067,5.643777615357902,12.211786650345248,976.2341913350097,429.93524104716766,40.656784655028375,86.7932165926506,11.511108413141088,1.2037948569599544,MODERATE_RISK
-17.74776102433406,-25.01324376808697,30.669942699304357,944.0563137871541,799.0322717524614,62.50182125673376,96.7718832754924,3.4681306495750253,2.7648183275018825,HIGH_RISK
8.347952838102456,2.57701408912816,8.736665164852543,969.3679026595738,510.3974080684997,46.892140134241906,82.28092876624943,9.277461447326193,0.5296223917950563,MODERATE_RISK
-10.51240556387375,0.9937923992634545,10.559275262639838,974.6712551484757,436.8743113615949,47.45161457177897,78.63167730903031,11.025772642364728,1.311087862257451,MODERATE_RISK
-12.451208559341579,2.3394618334444166,12.66908348138744,978.8521265225935,608.1789707314613,41.69330168819645,86.05503111259863,8.250268284060247,1.3541873800355837,MODERATE_RISK
23.914479560669747,36.09085849613838,43.294946583244275,920.9547547409617,923.0854163322911,65.46075352018354,95.27569195793447,4.394723817592826,4.6719466248747,HIGH_RISK
-2.9813533719013394,1.2753326131702394,3.2426750072067225,1009.6484858811887,226.29727194062318,31.61446907396914,45.04354292793175,49.693200113394724,0.023404042933619636,LOW_RISK
9.528884750763888,3.171315374346734,10.04275289932539,987.6961326259984,394.22179959401825,39.83562908119909,78.48533450729668,10.43060898503414,1.0058703238090838,MODERATE_RISK
1.5477668092029524,-0.4027959718587485,1.5993206966133846,1027.9104563478336,241.7652646983368,31.540265578110077,63.017001824776685,47.19726345228995,0.2158231032034391,LOW_RISK
12.944678685863725,4.234781131687276,13.619767894995464,964.2933162858341,499.20682068807616,47.92724619593628,81.24886606481219,11.500968210160512,1.2485490082519262,MODERATE_RISK
-16.101845667177468,31.063469989423034,34.98869248304925,919.2229408021599,849.2207728526823,64.2214608678908,94.27574758674095,4.146372694229779,5.9757731742118025,HIGH_RISK
-27.566119867381417,28.622806338129976,39.73859593912364,930.6267871366375,916.4483828058762,57.320355420811524,96.09828517451552,3.5197566592235616,2.835090824160832,HIGH_RISK
41.43510265422523,-39.19908365175779,57.03889805302771,912.939258171545,801.1942497312064,71.94134680485621,94.52697897196062,3.7174340453453296,2.7167124869543287,HIGH_RISK
0.7103886459527724,0.6803014522709697,0.9835965098863476,1017.984513069931,189.29170834562487,25.89693897814117,42.17566950863444,41.980705343815224,0.09763829784231629,LOW_RISK
-7.808011754976053,8.368099594304333,11.445092327545487,972.540046616443,513.6370761003477,47.34155343793006,80.92014100440734,11.218485096412174,0.626023120522897,MODERATE_RISK
-3.298208934930123,-0.1589225314562035,3.30203551608055,1020.892404465902,103.82813439920963,27.07197910556581,58.645219334142524,38.149866863177856,0.0327777731517782,LOW_RISK
2.3482860438515107,1.6514394524978566,2.8708360470452154,1025.8749444604975,104.07271524199722,34.55348797148176,67.85523255831336,44.66775512345272,0.02965788918315672,LOW_RISK
-0.5442578406594886,-0.9750038712351896,1.1166239949252996,1002.0084812255714,216.5080957534314,16.920290671375454,55.299552379404915,41.67674451248969,0.13738915524716805,LOW_RISK
9.183057853437507,0.6099002299245679,9.203289076740027,963.6093849238365,599.6795276602047,39.60515415280691,80.32779684437479,6.520882746644402,0.8427053611328987,MODERATE_RISK
9.028614853989724,7.735331354639379,11.88912264836018,971.979029589754,459.7517910369663,45.79336265319487,79.10743120191185,7.933190909241276,0.7889178294958097,MODERATE_RISK
-0.9759638536827404,-0.2552769337873927,1.0087971830943812,1004.5687957875376,175.3677755466249,19.06377334030266,56.863326478696884,53.53664904779612,0.2163803165774297,LOW_RISK
-24.561116970846527,30.03210962121831,38.79659875757769,943.7040505001735,972.0100035306168,66.07220625578115,94.89123004077689,2.5830969545540863,2.7373339181109024,HIGH_RISK
-41.46151550897897,-22.063404766549933,46.96648909801457,943.5801969163934,859.718588857564,67.79614627224285,97.96476506981027,1.8557087734274709,2.0495134946057805,HIGH_RISK
-10.857909537461996,-3.889416246043111,11.533505896243877,977.740388406493,647.0991844260659,46.61657155497048,84.54522269010943,10.226102739957534,1.3475253483514935,MODERATE_RISK
8.160953176746393,1.197259126498681,8.2483080791779,959.3982917487006,460.15004925559595,47.762312567009744,85.06844357429098,10.610094739420912,0.5938188789962997,MODERATE_RISK
11.36111453957133,-1.9520112720117635,11.527587413996047,973.070186322393,432.0436669095007,42.398207378332444,87.0947710836789,9.932383581995015,0.6059875930489567,MODERATE_RISK
2.0732384865562907,-0.13254443880800298,2.077471022757513,1017.3161491173967,181.10415834469808,30.884138763268417,55.940198597098274,38.96120303728324,0.0015249118577676955,LOW_RISK
-0.6302802256437858,-0.1478821984263926,0.6473965611964622,1020.8615942164647,103.99058834619396,29.58411030005366,54.75213829056968,49.40032981478671,0.025276562594450804,LOW_RISK
18.471398987069087,-43.70304651644551,47.446273355850586,887.4531083992274,944.4805068452342,70.34304159115693,91.2989252811089,3.596794638116746,4.314077603238463,HIGH_RISK
11.878210587671422,-2.426931950917804,12.123608598905491,980.1566063008339,538.9467644981193,46.903091977745646,85.57526994132844,5.7022057972182045,1.1378346804941026,MODERATE_RISK
-22.055107173738353,-37.060359654426065,43.12653487309752,924.8688194456829,815.5206951795091,52.84101289190949,93.85788333293425,3.4374831530943752,2.720508080094433,HIGH_RISK
41.656541481101044,30.9803317977375,51.913855630887184,937.0989193418202,853.0565307648653,66.64166263522091,98.48117365000296,3.9235252378517615,5.502140611286592,HIGH_RISK
-42.04932533310928,-37.848809183678846,56.57453594676847,939.9609746957636,853.8514554473127,60.84454679077838,92.03667629699811,3.1468083705688223,4.63307062591615,HIGH_RISK
-0.40333303583224583,0.29157645236600405,0.4976890247614471,1017.3363367082208,253.28463670794002,19.572257721201698,46.92203770621161,44.564576369284254,0.028085598494918807,LOW_RISK
-0.11565256412115629,0.1563016559278141,0.19443693896370348,1010.6912198139612,134.29840050854227,22.073473044365887,66.00464457065468,45.10208583606459,0.030772671749533156,LOW_RISK
-1.9922790733476456,0.3366777278399581,2.0205266141584057,1013.0454055024641,186.31443053734625,20.295306653780877,43.79911376555123,49.493345801695874,0.05787655463575743,LOW_RISK
29.95578372439194,28.131289392502175,41.0940192902477,907.098952739526,873.1060414538749,56.59648695896796,97.36504091437847,3.771492230015706,1.900388726498874,HIGH_RISK
0.5987041715281063,1.2711325157256324,1.4050710151234815,1002.0555506015845,161.47310484256647,19.58996524223711,41.64234946778785,50.094616200449494,0.24061461720835062,LOW_RISK
0.1456163240220606,-0.10740188912109593,0.18093998897003924,1015.8639581168186,215.4876142456589,18.869197760440276,62.30058686710037,44.72610819830587,0.0052949042752992075,LOW_RISK
29.022315007723947,-35.93879133263769,46.19406337245548,917.4138536698417,753.6913636617799,70.16383055636027,95.52318788117572,3.9432850429606905,5.024410229596482,HIGH_RISK
-5.008487382747413,0.1793128641849444,5.011696216492201,971.9826694604136,590.793858840761,41.352883170794705,83.7557712569842,11.881487782786778,1.2088410318154799,MODERATE_RISK
22.255049848633966,-44.11862537060537,49.41396916214085,891.1229574287369,843.5662746780874,63.54764696835594,94.0457670498838,1.545387652737344,5.573746132503194,HIGH_RISK
-5.8927507710159075,8.985962526378486,10.745791463395658,970.8807676561405,586.3880300751126,47.12858689964388,78.56209557866222,8.964781371275791,1.1820319751248394,MODERATE_RISK
-13.520371235304994,4.266408593570902,14.17754141689448,974.3383406545356,612.567934118273,41.477397822959254,79.30439454533347,9.607564258534389,0.9993579713344471,MODERATE_RISK
-8.76602110744605,8.951939940494082,12.529180130974368,980.4445986952746,550.4978631258425,39.927435072123686,80.85263661941534,10.587035129000562,0.5567138516235294,MODERATE_RISK
-1.1592378218063577,-1.010235936365803,1.5376634789937749,1009.7562421116752,139.4574408562653,19.532566546876694,62.865625335822465,44.4651426507076,0.11828392575247404,LOW_RISK
0.40568523866975825,-1.7125336712002577,1.7599295690081382,1017.1049284937479,104.86916828617407,21.06138086061095,67.60114492327158,52.743196475120186,0.0023540366238669038,LOW_RISK
-12.862036420453514,5.127770141807673,13.846516078360178,991.8570175403497,556.4266195270777,46.70329034554094,85.57583832719058,9.222896185113058,0.6329554752655169,MODERATE_RISK
-2.074199596446504,0.8887904238017746,2.2566019550068144,1015.9704103565512,267.9137178050331,25.742754321674955,50.68581830384139,42.513228142929535,0.15372937025514602,LOW_RISK
20.542949652640708,31.743253236495722,37.810671859505845,928.7522163665487,831.2018738320669,57.226631041425414,96.92262787804287,4.493539520032434,5.5669425902386145,HIGH_RISK
11.546575644613565,8.936167817690476,14.600633697984144,987.724283828166,519.7899774182048,39.476068191575884,79.43785173016192,9.19398317986644,1.1605340512692377,MODERATE_RISK
-9.613318327405667,3.3310419145480417,10.174071431856056,973.0192636985064,429.6658028187937,45.23746385407786,79.17041482688444,8.875212194170988,0.6078005418952048,MODERATE_RISK
12.989781584725877,-4.734930270456195,13.825845011606557,964.6020677547176,564.3660618278027,47.20535231239627,87.3386703985132,6.995590148260257,1.1920218890821355,MODERATE_RISK
-40.72852499304836,32.30459362773757,51.984608467917,934.5689336219438,915.2739857155188,59.10645859809679,92.6052001238214,4.032785787210906,4.693705792593121,HIGH_RISK
19.67249279396833,-20.83446692191381,28.654528170065138,931.3020948044335,724.9419240066745,62.581655866557746,98.12038327899153,3.6201042582955583,5.430955791979669,HIGH_RISK
16.705171832394587,-17.733965197013994,24.363010642339198,938.8037734395629,765.6014870931392,63.919803162503825,94.51593493182511,3.7722462410890345,4.7267047447725865,HIGH_RISK
7.2879604616001945,0.6356282714335673,7.315626493287731,989.0564759750796,609.1588084935713,40.57567725649517,87.3301487313042,11.692978331496665,0.6517415221137972,MODERATE_RISK
7.850454098226945,6.568829571542231,10.236168789558715,976.6585902679867,425.82262242662586,39.80769919300903,81.96563716797081,7.260759357671436,1.0031098033371575,MODERATE_RISK
-12.860457479339427,3.2281569490072872,13.259425472671182,991.7427076607113,571.4634370201119,45.39821634365597,80.50546058931128,7.858330198063655,0.6006739517116902,MODERATE_RISK
41.85884442469016,26.234006673916603,49.40026278004516,922.1514172215583,826.4405775722768,73.40914556380221,91.35936044193708,1.7617778643275912,5.6190838689334885,HIGH_RISK
-44.44563043728882,16.022935850002597,47.24561924899866,904.8493059724625,894.6789126691615,61.40762378103691,92.71961960125536,1.9218320019298987,1.7495686580816578,HIGH_RISK
-11.658167347424893,4.145556875390305,12.373298174199949,986.6150304848197,401.0249173627189,39.43310036275611,87.22199723835685,9.20999717780836,1.2643327638496817,MODERATE_RISK
5.897578751094942,3.1763281551728566,6.698544295196561,970.042940534251,503.0882988745078,46.89285462074263,81.2182750816908,9.451923502777495,1.3089299837246793,MODERATE_RISK
-13.040991188386386,4.932717269690231,13.942709594561297,953.9739930807898,536.6591201964459,45.39551148734993,85.89699430315514,11.620979854872669,1.0488304921808314,MODERATE_RISK
2.165646906109889,-0.9806495079732298,2.377330431267701,1025.418049817275,253.2071350091513,26.983220084110282,62.429554736949335,49.035232083033435,0.1860237843687966,LOW_RISK
-1.3848498691663564,-4.054848439498856,4.284810967526616,1027.2938055865238,110.75674110264323,24.124534993057498,47.066978037835035,51.16703038176335,0.05353517432554931,LOW_RISK
3.2159161339879887,-1.2055118519545962,3.434439605823234,1003.5606245657538,275.4559865132894,17.592629073701367,63.48770842772717,50.8859248159217,0.09055975623063273,LOW_RISK
0.6123791335717077,-0.029129408831598914,0.6130715502230665,1017.7530468813949,191.0267573506377,23.04917850820502,42.94133614332819,49.79408153233836,0.03696269530245008,LOW_RISK
-21.27213855901047,25.319489281832908,33.06932742537398,939.8400454746669,778.9394589338135,71.12958588634328,94.07993558188687,3.5312959761218186,1.817543139931203,HIGH_RISK
-8.57739193180365,4.577242000432802,9.722283511721741,977.5888751571271,604.4063866589979,41.998586951372154,85.97565552534522,8.354252532837156,1.1500099305684746,MODERATE_RISK
21.619378340368712,34.975696321736315,41.11808425759064,902.5493658241083,885.7015437134545,52.90034681300738,98.76729656290212,3.897143328622087,5.5079325768511955,HIGH_RISK
-44.18804437511107,35.690660419868735,56.801465710870254,916.9720226774442,889.899152333403,73.76887507384127,97.83057899636981,2.076458304741842,1.7305619267029502,HIGH_RISK
9.141859563409538,5.119314563020199,10.477641808739843,957.2622486779749,561.4801454717499,40.19674677994708,85.51307295652177,8.78224597312409,1.1579321824954798,MODERATE_RISK
-5.002167870660799,2.844837596897827,5.754544669997323,968.2009410325317,639.1805925575454,41.53548222563455,78.60365843515058,9.797502753174104,0.9334301495970899,MODERATE_RISK
-21.140750238653713,-44.30584406389691,49.091130959344234,919.1594621056337,891.4822187240864,65.52635621930716,92.6909331505209,1.3741040030190526,6.06795359381311,HIGH_RISK
-13.25614011356074,0.8651730865410729,13.28434323480198,976.821706277121,458.57090811807603,38.21080660428537,83.95502600572807,10.738540880036526,1.0398570990288027,MODERATE_RISK
11.835379122694764,5.627149091729595,13.104999270449133,961.2491476683291,595.9857031179181,40.39464779534467,84.53943672179926,7.987167507926214,1.2650756191975725,MODERATE_RISK
6.497728558798459,1.7163785498905249,6.7205975739028885,968.2898515433754,462.56669726135925,39.23234668009804,83.88111570455602,7.245601690362916,0.7631353258972291,MODERATE_RISK
-20.73135481965886,-43.62572191004357,48.301062978272526,930.3659174652823,950.7708126332876,59.405859615515595,91.011577764168,2.5571072981682974,5.200218531248926,HIGH_RISK
1.0228372344394672,-0.03960863543839055,1.023603855090957,991.2699612581981,107.8508141569408,26.9210420056237,62.58181413477928,37.46737370980442,0.04121500162027781,LOW_RISK
0.27695078779845633,0.1883646802073134,0.3349372950445934,1015.201625583268,83.31849612651958,31.11212543755133,41.536728892129396,46.99024108254631,0.1161138581023237,LOW_RISK
41.91486584482845,44.68093927655589,61.263711227979336,887.9781615198339,745.9655117597174,62.0529749170668,96.64661516225688,4.437925932553253,2.2480426015646575,HIGH_RISK
-0.9347107896371465,-0.9693409647657045,1.3465905711228654,1008.8638496405994,175.09514304654675,16.930644807510355,51.380967946125594,39.31483558426256,0.21727706916357087,LOW_RISK
0.2254526421928164,0.2857495196685996,0.36398033169741123,1020.3318518639119,84.51290234106945,26.51762159042044,49.478074671569104,48.49407835140238,0.01796886689141363,LOW_RISK
26.786768874935376,-36.762468923593545,45.48637277380323,889.6257094726104,929.0078580574918,61.0019852807922,98.54904525306868,4.328401283520968,3.182320548462303,HIGH_RISK
-0.3788522270897404,0.254041236054117,0.4561424772883576,1018.6917288436036,105.19103927587165,26.841086499929215,41.126986886319415,45.921545320390514,0.09304305512854079,LOW_RISK
1.2328537565628357,-0.7406348747419688,1.438217091664241,1010.7214171517836,255.8660431356948,24.13756168572791,50.849982495851286,36.28526234756667,0.06764480903838599,LOW_RISK
-0.7037634781570572,0.2770204587973626,0.7563222645010657,1001.6528382424118,136.90827713538675,22.66036938632892,60.582734618304606,45.629506941974796,0.006669005494560632,LOW_RISK
-27.676000646549305,33.43939897448712,43.40684756536378,908.5415523737053,876.6331664535145,56.06679922893523,94.95258061946565,4.0642433490101855,5.449381611859309,HIGH_RISK
-32.31404504607772,-17.569339976221823,36.7815064188514,922.5915640045415,851.9376231515828,63.62515810450951,92.55101119514255,4.033942969342092,1.6416653945306758,HIGH_RISK
-40.564439515560274,-32.58450972489079,52.03099102672416,914.8267820021514,882.9452697487648,65.9928079224453,91.20203649352925,1.901365608465873,4.244273830598788,HIGH_RISK
-2.569701793636316,-2.0206894342945447,3.269029381649438,1005.8751214949975,168.6067412675239,23.084965713913245,68.46371493075755,49.25562049190119,0.007529537368904898,LOW_RISK
6.504762690925416,4.57142197585179,7.950461404632812,969.7910709609623,430.2100704956956,38.18465904893236,81.63128442846072,11.460392081679117,0.8894358043238333,MODERATE_RISK
-16.17163855237668,34.79233284808382,38.36702123543822,918.8136765391328,833.2590830337782,60.54066724382896,96.71474026443585,1.4258140492948659,3.509374768530012,HIGH_RISK
-10.216498093054554,3.0357217129027596,10.65797539890089,966.5431068855348,476.6996539284571,45.52310970673456,84.28988387224352,7.855989015994643,1.204006100424911,MODERATE_RISK
-0.7650245982821205,-1.5145960570649062,1.696839371317533,995.2748853281231,95.43750604529359,25.7916666693683,53.255611242731916,41.941201802477075,0.179194805940237,LOW_RISK
15.018349054667611,-25.316815297570997,29.436235240586736,897.7420663966307,768.6842067240682,70.05714604945382,94.19281551496653,0.5058012663645086,5.194700773875169,HIGH_RISK
-10.104467791220529,2.8314420042683226,10.493680630138696,966.4226682339498,499.8246070645268,39.45889246483287,83.44249714495639,9.579560555999844,0.9555530770896822,MODERATE_RISK
8.999544370241928,-2.2697357318419975,9.281352227146295,984.498890682493,396.5094688828753,38.73444691005761,78.45776339428726,10.161276655959899,1.1035452287492107,MODERATE_RISK
-2.068978842021791,-0.46205142627861184,2.1199445674969737,996.5537838511834,161.55560688123253,30.927843073746143,54.93845777746792,38.08329611514195,0.0018990852082099055,LOW_RISK
33.633678087354305,-36.351647751817126,49.524404044430135,907.0292132674219,806.3815147641834,65.4397656298658,93.63287424850186,2.068533730212269,3.5381185407085205,HIGH_RISK
-20.31641724807282,-23.425820000370372,31.008480331798644,913.6242722328548,739.8363212616174,69.86902888285364,96.34158209365177,3.2780979871423055,1.981842951117489,HIGH_RISK
12.977387461619557,8.129521530350488,15.31344852217921,974.2313459299634,629.8390289561415,45.360540144827894,86.22182905816734,11.724767083526533,0.7423342848238799,MODERATE_RISK
0.3132953925071331,-1.838648494503512,1.8651494013365872,1016.3893277374301,266.74988460029397,22.31953919818307,49.57675893358565,38.64524139453859,0.0685476537963209,LOW_RISK
38.576148767793164,39.425366899121414,55.15866939008997,884.7249803847218,897.8344559733068,65.95658019585596,95.55170508740234,2.046200738899754,1.9984095591862605,HIGH_RISK
-17.322667899985202,34.56325021547809,38.66126082567567,904.1968117231589,937.0846088355652,56.863568715898396,92.90708553722774,3.3075973754758943,4.880473367959554,HIGH_RISK
20.880876051105233,31.57231400604026,37.85263526305171,908.1114202329637,734.4509649658601,67.412471334922,97.5631468239919,0.9731955601628859,5.0053968971661185,HIGH_RISK
-3.635818989943435,1.4212896931842867,3.903747445671298,1006.4794721802741,126.7134722137222,25.998192758392307,44.518328592055575,40.910540789307476,0.10339215353174645,LOW_RISK
-7.5979967240791435,10.054217178594799,12.602255246322706,964.6367080316184,455.28614756595425,40.01083488406046,80.73797991401912,5.73212116868293,0.8346208979455592,MODERATE_RISK
-9.426115693613013,-4.749116318564674,10.55489284060406,984.877285159246,451.6946135157158,40.19038361642058,83.52709570166698,8.068311751034688,1.3296996370269114,MODERATE_RISK
33.74399766218245,34.36720910619513,48.16391221624668,905.8472407909958,773.1814289616831,61.918450801983965,98.6030971534329,3.512398719086535,4.655470490219614,HIGH_RISK
8.277820003845644,-0.5030921749271053,8.29309385890091,984.1565380425834,507.8237052710303,43.7382406918894,87.23476037818384,10.38553358049129,0.572201862620927,MODERATE_RISK
-1.166725031386313,-0.4834807038170098,1.262933446317257,997.5489944666193,151.56224986711862,29.651354310139943,43.397303549194596,47.488941547088885,0.13410111012346795,LOW_RISK
-0.8096395204640423,0.550930970102011,0.9793064315702146,1007.3101261396929,133.75952300603964,23.33027847204227,54.021620063437766,43.26614211616644,0.17413937178838715,LOW_RISK
-2.3011712561034336,0.6838316581224114,2.4006280191997886,1004.2696415500446,207.5548283691183,25.97462889481086,55.84533164269051,54.956852092084524,0.2532937605111675,LOW_RISK
-5.903307455855486,0.6568562440810013,5.939738971011029,968.4316453130557,560.8845056082168,42.37361291562615,84.87605100993794,11.82261482814901,0.7861784445019593,MODERATE_RISK
5.0810509783802775,5.546317971030598,7.521882881345345,968.1130556655477,420.30071218697765,44.88396704926908,87.68298314660169,10.271027654533947,0.5558459473718895,MODERATE_RISK
2.1800767156765515,0.6629109743541135,2.2786367516904003,1026.8828441300438,180.11586348616626,22.950503037293224,67.02280487352198,49.04632349120993,0.015118141969593052,LOW_RISK
0.16409219190733934,0.44812936254852936,0.4772275903833582,1007.376609609772,147.07432124349248,24.499302286467344,65.93208961583193,47.08400787241557,0.07516380529064884,LOW_RISK
-0.2885414471716838,0.22562835771536463,0.36628448307464806,1019.176594763361,225.6741708679292,31.676278103305325,57.804892474655546,42.179019100697566,0.08236423309413053,LOW_RISK
0.173511951439288,0.4028884182948854,0.4386632819013057,1015.974713731204,130.46238541393743,22.49473889526797,40.30140943164495,45.20462374364462,0.054162374953570264,LOW_RISK
8.24479626066483,1.735550424191972,8.425485188093662,1004.1410921576836,494.5712977449944,44.508834851238696,78.07591416173914,7.56103571305418,1.0596704769361183,MODERATE_RISK
29.744347032553392,39.58193534116624,49.51217815593688,922.1316712872492,888.2361738327528,61.48226801691074,96.79435605753063,3.1548232791830855,5.617457979341992,HIGH_RISK
0.7699011496700341,-0.29452477362746743,0.8243134249443904,1024.869740275766,186.25880367018638,25.972018888217598,40.97412315075245,41.64243896509727,0.07088094955029656,LOW_RISK
41.8799685504274,-34.51437195834512,54.269454000052264,886.7710972330325,819.9225852191767,52.08689825967997,92.2791788823515,2.1212988307065492,6.176073327310245,HIGH_RISK
1.5804626949117593,-2.7459493452846853,3.1682960936246367,1012.0432983074664,192.9181277866927,32.78078029710773,61.293551506719176,51.530361019358146,0.16452431852644048,LOW_RISK
12.253353380738227,-1.7582606690158329,12.378858980271847,966.6380514929583,399.75727666736054,42.99670243729054,78.04401609003786,10.784160062640039,1.0811216016045844,MODERATE_RISK
-0.6985946303553853,0.29639940703859946,0.7588722330235905,1007.1482017714703,202.79406126504654,20.936484692040086,56.32325871818406,50.115282776261196,0.06359684167858236,LOW_RISK
26.446165274206393,19.163714170529094,32.65957131562473,919.5137680793146,840.8883061406099,56.350952862839314,98.07656965131014,3.905089547608419,5.55051388822503,HIGH_RISK
3.1995500619844,-1.1789841907619243,3.409856935592889,1009.5347659015249,106.19474859883482,18.849660814203297,40.220734888762436,38.092041407682096,0.02595050051461359,LOW_RISK
6.516631791132658,0.6418793733360537,6.548167608660848,976.8496258734209,470.46327615339027,45.19501655047766,85.97599349489789,10.021303632973037,0.8655548116203373,MODERATE_RISK
13.055956031570828,4.162358167248963,13.703401527021487,976.4341763068147,476.23282089260266,38.6197100697941,80.19415638556904,10.460633506463303,1.0553688770056038,MODERATE_RISK
-13.329763894822054,5.061608624053398,14.25841812245641,968.2150526951278,597.5562347866119,40.54792355731304,79.13460501524769,9.931590287880244,1.291324138770006,MODERATE_RISK
35.216956135821604,-32.23788749112988,47.744270749097545,911.8027137984454,790.6266939934852,63.93639868672091,93.08073947627916,1.2437375779290685,4.064151478249774,HIGH_RISK
-41.03733395217784,43.33689790746757,59.68374567790493,899.9964445265058,920.7916593577993,64.00997450313977,93.66148237900512,0.8447153097121438,3.867914540719906,HIGH_RISK
-36.567294459756326,42.39326360758648,55.98531792719268,937.9981925806713,880.059928441085,71.47253722574055,98.69213445301456,2.030825140760011,6.34014010669317,HIGH_RISK
12.14345683206691,4.281944344318763,12.876280177136405,976.6614061307833,495.9225515101091,41.668683942862295,80.52218393268372,11.191246383340143,1.3680133414515612,MODERATE_RISK
32.41701070772363,26.03324016462791,41.576341550139595,940.253282101465,722.3564055285276,62.211738420281826,98.86816246178188,1.7393288981564314,2.135799434161127,HIGH_RISK
-30.653543001446582,20.494969634816613,36.87388613739525,915.7749102950443,775.977557303576,70.0226311205986,98.41497762251727,4.113607420502934,1.9777019291673046,HIGH_RISK
5.277047920138761,-1.9643645413264545,5.630804809497619,981.314186062724,602.0847251066374,44.70719525707048,87.96726401057734,11.564142729606935,0.882978480320795,MODERATE_RISK
-0.8332156787403819,2.662966338914268,2.7902756296626423,1019.9166712942424,249.81960399173522,13.670696300063437,67.32502680969262,40.89092585789327,0.1327695055079932,LOW_RISK
18.235930153327274,-35.1837212839809,39.62882021895027,907.9495151015799,901.6712833390782,61.241846362939526,97.79987628399367,0.7618548852080842,3.189919945783245,HIGH_RISK
0.973064831384464,-0.5550165448231915,1.1202225364206653,1044.6599016514906,181.55156763771376,22.202019119329428,51.991586529232826,49.045563953656895,0.008475998143302589,LOW_RISK
-1.5558692314896847,3.092255364954597,3.4616141188160747,1011.0182965573455,166.5542968683638,21.883629042493197,45.51438668445445,40.82155497489982,0.2022555205397422,LOW_RISK
-26.137048034223582,-19.53300477523796,32.62948904737522,937.9096232367187,847.3909458450538,61.82502016247922,94.41983976788669,3.7613982930417222,1.7749726775700423,HIGH_RISK
13.66062387505328,7.587040709593965,15.626126563698113,968.4871253501682,490.563995153299,47.54378600220893,83.65727911344293,11.98155829281647,0.8893080493415882,MODERATE_RISK
-0.22058607225320798,-0.505628956677059,0.5516510283706799,1017.8516401288525,144.7060824970983,25.830413405602503,66.47323574042746,43.06017515546274,0.09901148810930371,LOW_RISK
1.1330868387386341,-0.1826212625749253,1.1477091572637954,1015.8730361932749,88.0571037555997,27.813711667149235,68.2571676178126,43.33481190473119,0.005333133697443018,LOW_RISK
10.673608334323996,4.259105057256602,11.491992462723747,985.6181664598973,464.8650172556669,39.899965092022846,81.61690811300252,7.434819288540543,0.7186187046394847,MODERATE_RISK
-10.044854171750938,3.6232963466952572,10.67835997462707,966.5444782364539,463.3240740415679,46.365201944475785,84.55558197417349,6.8360000595206625,1.19471561906008,MODERATE_RISK
15.557410021652975,27.36519140428835,31.478352993369356,936.2623790753129,912.1505007495985,71.84393795995751,94.7494441497026,2.7516676804804026,1.9976811133787098,HIGH_RISK
32.93046384083422,20.126113015154264,38.59372842666606,883.4953833166666,922.4039755702215,62.77987154627024,94.24583754390935,3.2745980575586193,6.028335551615706,HIGH_RISK
13.124984429880904,2.3103415579455637,13.326773592996412,954.9829399827447,615.675787157124,46.50805957967449,83.57853849130196,8.462228104421602,1.3074174196798427,MODERATE_RISK
-9.726819802077173,1.352930875337324,9.820460550072061,968.2658576044013,604.7721580932512,44.80554847644482,82.39642320524847,7.671095359924752,0.8889505296565873,MODERATE_RISK
35.374662082188905,20.748100725555968,41.01036943441097,910.9064474019136,876.7941096624452,74.33049895833673,93.06129535869349,2.3861019418083194,6.049256974574654,HIGH_RISK
-0.027769703988584894,-0.8193666723787241,0.8198371181305449,1010.2957828860303,271.5263292545176,18.92435669963973,41.747134924608254,48.36194668805691,0.050967447963272544,LOW_RISK
-29.807323160165467,-40.533103378954365,50.31310945969786,883.5507087698215,744.4781555936381,58.95289779481396,93.46002219570744,3.1524081401806763,4.659984124927342,HIGH_RISK
-12.160236528880546,-5.0726276470129275,13.175845463709747,971.8009272199708,607.790461363249,45.16713609601927,78.03646702784677,6.04571206996086,1.135081342726712,MODERATE_RISK
5.4501693881196775,-4.118995820016366,6.831579094507295,980.6563290188672,627.3931260827535,40.19328184030919,80.22065174541392,11.12753179531449,0.744996920755798,MODERATE_RISK
0.12988468120934987,-0.15023111471992917,0.19859360070970808,1000.5621335020963,162.82821364313324,16.746387390082184,45.9900921412194,44.42763814100569,0.3148675507228385,LOW_RISK
-19.526341404738133,40.2786785242746,44.76214865616094,884.111512006829,721.8176042037852,59.113747694401205,91.61603946561756,1.9810191356897202,5.328912876024116,HIGH_RISK
-44.9170521476276,-21.729078804749236,49.89683796931124,914.4152153781454,865.1475041246358,59.58361655303636,93.25007432420104,1.6930547723035936,1.9622846532318183,HIGH_RISK
-38.64432041903733,-35.149966494110856,52.23890930318455,883.8440617810135,752.3844009838672,61.90806577616165,96.21106536924812,1.6412774451521495,6.057160194119691,HIGH_RISK
-33.53754770513973,-26.73654495124263,42.89067430111517,884.3450692881489,823.8115998440501,60.43039825140599,94.98408315067547,4.428327604301751,6.264995630274621,HIGH_RISK
13.04649144683498,0.8037236590797805,13.07122453301537,991.7645496191466,445.7325832323768,47.89206525798093,86.42972402048564,9.575161059071409,0.6046211774209441,MODERATE_RISK
-16.28233819573827,-29.19495144702215,33.42842693149616,894.973898122613,790.6293430827905,61.87488295789208,92.81798472947163,4.081261020285457,6.240884022410695,HIGH_RISK
0.6851298287306758,4.70662280048999,4.756227608967927,1011.3575577022484,277.7681082607326,23.859622971831943,63.77987430254851,44.79331397595415,0.008295143405854622,LOW_RISK
9.601661716214311,5.486810342395254,11.058797197074872,973.496716262363,506.6961353850457,42.18255553256048,87.64580185801653,9.635967366823863,0.7742267060776604,MODERATE_RISK
36.638048804562516,-34.71639599005401,50.4735056316058,933.9547513833625,814.8586759219511,60.490125883175104,96.22103708860179,1.8647202184014229,4.509742984968497,HIGH_RISK
10.813563780008405,3.7833555009169864,11.456305707802516,996.563496317293,551.3023477340128,41.04579947087249,86.29957918955319,8.940161016179875,1.3691200249043323,MODERATE_RISK
7.731591123903003,4.251417921828523,8.823381191655525,976.928618431502,477.4954996119806,40.433524940335985,81.68884622374006,6.602556604705221,1.0562815608484915,MODERATE_RISK
-44.96478178542745,-41.085782499519894,60.908727819656214,927.2957738871156,860.3593158611026,60.63055235847572,91.57679255320144,2.0437140651726557,5.152956244240868,HIGH_RISK
2.6965297902742837,-0.03978188887359009,2.6968232253002835,1015.312020321142,104.49957239319784,36.02087097487961,60.312813543509336,52.375561821549276,0.029754802715595132,LOW_RISK
11.110127187737362,-2.850628530493255,11.470004757913705,983.3994453974203,385.2107657012859,42.956613440350885,85.64432862370192,6.390907523832167,1.3409370863442511,MODERATE_RISK
0.34838054574150534,-1.9846346901112475,2.014979865369408,1015.0956072457494,253.6819047893868,29.92088870260315,44.54231331808255,41.98080851253407,0.3053131159441971,LOW_RISK
35.73531433732269,35.58860287851128,50.43373221993036,942.4384987106516,858.3218916213697,55.82396685093212,97.75237572294292,1.3801596954184845,2.2529922421336366,HIGH_RISK
0.5077446112416212,0.30085379584641425,0.590184375191432,1016.2268437808549,194.77316993541928,22.310057615974657,66.9579073170691,54.46095880416534,0.07640562188079035,LOW_RISK
-13.580922422820517,1.9519038843472474,13.720473119699589,983.2342318456231,414.5964608676415,40.241722767469014,83.76459856459233,11.390738082383896,1.274715400874153,MODERATE_RISK
-2.1126919445453396,1.6645497629343349,2.6896455465045053,1021.4396763688559,137.12519771244862,21.169724179939152,49.84765267832011,39.590428156434335,0.0024384047165667898,LOW_RISK
-9.724406758191208,-1.1521904929320321,9.792427162392263,960.7523434627851,435.15148474991145,42.625339853783004,80.0638674224818,9.833208527045304,0.5950553407355623,MODERATE_RISK
-0.2506771204752815,-0.3881940940006535,0.46209703888552134,996.5770964840112,107.67431894411132,20.851735705720017,68.61110879475123,40.75139539261152,0.05484916647488336,LOW_RISK
-1.6223220054215926,-2.641213217971164,3.099667071164374,1012.8867102565421,240.6023763052641,24.594877125193868,40.25486735821629,50.12816056936291,0.024317163577034943,LOW_RISK
-0.6314767212303944,-0.40668540156385313,0.7511030989824511,1020.6441611163026,200.87186394295423,18.67129294661549,45.15034585129651,37.72472697454724,0.19496635517435604,LOW_RISK
-13.188412767488543,-0.35095187727959365,13.193081465140011,979.4670361080914,635.3492490386194,45.5716662541252,85.78125661286522,8.362034342387387,0.8607311998841747,MODERATE_RISK
-10.136206954191632,-4.418820039191249,11.057516084408872,974.9293709544917,498.15139081352424,41.28308710357912,84.87122520359806,7.464621066935783,1.3384467456328948,MODERATE_RISK
-0.3584220702996146,-1.0752334809042075,1.1333990554677733,1017.641070682539,274.18804992092373,23.305605673087292,51.11474311178543,51.10647472842574,0.052597272302588566,LOW_RISK
-0.64032160492113,1.544941226371742,1.6723800855881397,1015.740469387543,136.1201626475832,20.655781671527656,48.84104109656584,54.337310020806754,0.06465279222150659,LOW_RISK
31.941858011969842,-30.601877255538405,44.235248217003154,917.8515554452106,796.4344439970978,63.66161611122672,94.92753875282366,1.771097500106765,2.7417242450902197,HIGH_RISK
-9.076982907469674,-3.977054116264955,9.910024124400335,987.7465312403834,535.0798255445338,44.090816550210135,85.5031243837972,8.642795984754825,1.2286213348234862,MODERATE_RISK
-12.767259013252563,3.641533107147568,13.276432731796996,970.1058576550558,577.9652973373037,40.981429711481404,78.13404814251992,8.922240427633568,0.6988983417712716,MODERATE_RISK
-6.820458635678273,1.8198235279563042,7.059066062440673,975.8497296263582,555.4434964284087,42.788328158316816,84.31014193504531,9.057955397748351,0.6687752431519047,MODERATE_RISK
9.239993194979785,1.5526115836547483,9.36952917562946,964.530782498931,491.0634871980051,45.856268042879975,78.06489521386997,6.655078997779292,1.0050850877889825,MODERATE_RISK
27.847521007797095,-36.76695591992603,46.12259179510064,921.6706084573777,801.3495572749425,73.45779497379438,98.0604229078808,3.6278702522826345,4.936789371196778,HIGH_RISK
-0.05206765455786497,3.6051233778574128,3.605499356569794,1011.4212006772799,214.2186314171952,31.459115162839407,43.489951813997834,51.27572894187452,0.2513803550735404,LOW_RISK
-2.761311346997468,-0.15667382780620726,2.765752527500684,1016.5689240028953,122.79893573966271,24.78757279321236,62.1842396165234,44.074511752893905,0.032132946949074,LOW_RISK
30.231928920367146,34.433129652420135,45.82150089102829,904.4205503374354,770.1987911871502,68.84635266494804,96.34049681428937,1.3904516494942412,2.891951704041838,HIGH_RISK
13.00761801304751,5.28057437649224,14.038610761718001,958.7702503799644,646.4388840856641,45.198303117499535,81.45020666610466,8.388178586039304,0.95464212676535,MODERATE_RISK
-10.526816641781316,-1.0816991965515155,10.582246536605744,978.7406208813104,540.9639554358829,39.694667088884394,80.37924162244984,6.527398451895721,0.6410339130163533,MODERATE_RISK
-12.599836998080782,-4.023329621322482,13.22660476539676,967.2573007759595,405.440042261827,39.17676512645299,86.56149572595942,11.839447001224219,1.2894428374430476,MODERATE_RISK
-2.0166757665514154,1.0623216348848357,2.2793657897187387,999.6190273053862,240.4792061107265,24.933558630696364,64.20123423235185,46.65056895235472,0.0025923348458245133,LOW_RISK
1.127899549030161,1.575981594011418,1.9380080952785543,1011.7217778991986,160.04245516993439,19.372739962009845,64.08092216008065,44.15870432756229,0.18540440779781098,LOW_RISK
0.020893937869419305,0.2526914644044214,0.2535538065629111,1004.5145287968375,163.1637136036822,17.25298918999014,64.82743652442106,37.86990941439774,0.009136365627450103,LOW_RISK
-31.380202546007624,-27.558108521519046,41.763218950558446,888.3788285023064,915.4913458269141,53.070420909994404,95.81429731525692,2.4917542540485336,2.720243184344281,HIGH_RISK
-19.405714459206067,23.361841300061393,30.370337215801435,894.5131432506062,806.9477573521992,66.97481644223281,96.93357901103742,3.0939910046764285,3.409417232482154,HIGH_RISK
-29.586260655595282,-39.57855122226066,49.41465912493919,911.7723840027712,803.4917285951162,72.1121196642088,98.19792872783796,0.5929068538444708,6.27401737088112,HIGH_RISK
-2.4822850077986542,-0.605472694862995,2.555060868974871,1021.822345217879,236.48516244255757,28.783478574736584,62.361932174246185,52.91058375651784,0.10196126505406998,LOW_RISK
-1.1595146757831998,-1.3272040710403514,1.762369124089134,1023.1364929600555,277.4672317159092,23.0903571752288,56.86434261482755,56.15749455513874,0.02734266613535105,LOW_RISK
-0.6600667300454757,-1.1032949138846497,1.2856701579785785,1009.2165613519386,144.8658754703036,30.848783754870546,47.29373591268006,38.861600177719716,0.04332087786422188,LOW_RISK
-0.6909581564396813,0.9784843176201294,1.1978542205874025,1013.2516565193456,222.95065528878916,21.119502958481426,67.69858063041806,44.15807538763574,0.072318612026716,LOW_RISK
-3.062602302636436,1.1314369947203615,3.2649169265290414,1018.0669465631398,139.5300555136561,12.293184747215998,47.40896237401188,51.73049897257129,0.10083675437297622,LOW_RISK
-0.7764169485542571,-0.8432520398674532,1.1462535848331838,1005.7579490016832,215.83251366391255,27.873669693886562,60.19024498866031,41.169773987998,0.1499526933497833,LOW_RISK
1.4588316744400949,0.29191118285586404,1.4877506488071182,1000.86105360909,142.51960498166002,31.876162451367286,69.04066516137216,44.17459717498477,0.05164843786727194,LOW_RISK
5.3397258527069,1.3140175984470428,5.499028498843679,978.6849758683904,444.0255326434972,38.89699297008254,78.31841744548097,7.868774273679133,1.0773387237250294,MODERATE_RISK
11.746631769341214,-2.4845360510316885,12.006509789000816,956.1701655332828,630.487715541411,45.660799991182216,82.0759833383218,7.697752515787158,0.9319331201039546,MODERATE_RISK
-0.35123006208500396,1.047334970420385,1.1046597199036925,998.1010826643698,166.24677395831156,26.028795881423708,68.47843515267951,40.10037212608878,0.1333495177768361,LOW_RISK
-9.506614155297786,0.14857485714248098,9.507775091254691,985.5569424888315,575.1363650720493,45.761165984135005,81.61488429965247,9.955143049762087,1.2170955745128609,MODERATE_RISK
-23.153415035735918,27.02205765341051,35.584719018720435,933.2812554789662,760.3857915027289,74.84606546907935,98.99560418393571,1.5384512383743831,4.383428544758825,HIGH_RISK
-40.56398158858159,28.405237633958905,49.520643446551276,919.6153422019207,763.9288306863428,68.66814169705893,95.15685676377876,0.5007794493492685,4.503179346668659,HIGH_RISK
-8.905417246682363,-2.542543619031316,9.261262570091864,989.9688027385085,535.5819411800422,42.96623814063172,81.11415753881158,11.073787309722164,0.9613255702408098,MODERATE_RISK
-1.4975310611081865,0.16283955866478472,1.5063585233436139,1026.2576713228966,242.3892469275767,30.046077010142064,59.301091752092816,46.532254314816704,0.00046299007141821405,LOW_RISK
-1.6935776568258438,-0.036293409586374246,1.69396649650432,1010.8336360040811,194.0573877462781,26.54948592253196,42.222247216313434,43.210860332793665,0.02917385723784284,LOW_RISK
-12.724622019977955,-5.466802347215768,13.849257505542731,980.709409939422,502.83246938531005,39.001432877383515,86.3693935829105,10.572198609563522,0.9055374161932398,MODERATE_RISK
-37.59259183323988,43.72908881995306,57.66659492083712,891.3897883461069,861.291717127234,57.92031243502541,94.82040524317736,1.3425661694191775,2.422216409099476,HIGH_RISK
-20.590956927915517,-30.15086314160998,36.51112235184461,944.3080759832887,760.5431393421803,59.46236503386581,91.3487166185377,3.0248405473951254,3.8832717491015414,HIGH_RISK
20.66219537095522,25.189359692160444,32.57959728493526,893.8691739780661,727.041750255334,60.9764138717367,98.83848139111484,2.277534440350079,3.631238712971166,HIGH_RISK
-9.053448917351073,7.659362651302219,11.858784656247396,961.5507221293483,449.4823368111737,47.56259198027381,82.63821718767663,10.177982374294803,1.3393553154533002,MODERATE_RISK
1.2441083717752337,0.6996449736502895,1.4273432417871104,1034.2163447282398,156.5568200806081,26.106403062044723,62.69068164230903,47.95372167755163,0.0577370167389397,LOW_RISK
0.4861259540921925,-0.9383440522642941,1.0567913718713928,1019.850786117341,202.55916710730207,21.12781696595902,59.76705419724571,43.398074702816025,0.25599536702292736,LOW_RISK
1.7835247966613277,1.3787312604150022,2.2542982475154814,1015.014331416111,113.65571770154256,25.514469801619867,52.358396458367906,45.68830970434023,0.00783437848230764,LOW_RISK
11.277151405040541,5.132622624052699,12.390236430881595,975.6908519272428,453.3575463657,44.44205481840692,78.09506202418106,9.762923519513134,1.1950037360471115,MODERATE_RISK
-6.252690224821883,-2.021260503988942,6.571273017655618,975.9998816376556,599.6026988421793,40.4299759286083,84.2793749329946,8.472195229846834,0.7162904916426801,MODERATE_RISK
-1.1516963476561926,0.43068624780273634,1.2295914448510992,1011.0580553453656,270.4773504797449,31.90490618254253,52.653227258083774,47.52135374019192,0.017838782578439388,LOW_RISK
-11.810344191003226,5.608365246353072,13.07432562874524,989.846418618765,647.7070758351956,42.05225782929334,86.1507399068261,9.709260190244585,0.7713896119599788,MODERATE_RISK
-11.86653990660405,14.631085132177192,18.838349755221206,975.0218359083703,481.2101136551372,44.11531594614774,80.84343909819793,9.61911333225022,0.6245337756322744,MODERATE_RISK
-27.472631630268058,41.527162352539676,49.7920746881127,936.0998099083873,908.9521742497031,65.80063026161999,98.74731890156494,0.9982701910184621,4.217041297546446,HIGH_RISK
9.059684646423737,7.734534435271511,11.912216788786493,966.8065840726542,430.5053457271227,42.070849728153846,80.11959090257973,8.852284678693405,0.6341379882576867,MODERATE_RISK
-1.0215774862123213,-4.41058295199642,4.527346080959279,1012.7009276313163,243.7738541040943,27.887613941752566,53.45897774853202,31.627164359229297,0.0366899289660344,LOW_RISK
1.8567244679601926,-0.9853414184570937,2.1019808421698563,1013.80475469629,119.24914334123312,22.13582625489664,41.660794508152286,42.038795775935924,0.043407183175778775,LOW_RISK
-35.09396183323846,-23.51754872755167,42.245251275209206,898.2624684562464,849.3146192563466,70.79620763914112,92.9207671702279,4.466638182991849,5.061299409336295,HIGH_RISK
-42.44072774124696,22.813057002705076,48.183513165971206,894.9383273341278,720.257884762103,61.37498867401149,98.77320398345285,2.9688874366698474,3.4633977168392454,HIGH_RISK
-2.118455552002937,0.6362489196028747,2.211937298728853,1003.3359328411722,152.5119593118189,17.125983146247783,53.73293838112403,52.70161989909943,0.011380771872505335,LOW_RISK
-1.833191713337918,-1.7685596867397038,2.5472328561424553,1015.930464232673,85.03981896421392,30.179942339267825,48.62207601536448,43.06838762276412,0.06646430315570977,LOW_RISK
-1.8312654749565334,2.3609801449350494,2.9879358233645688,1035.3272803112886,103.72875314831606,25.730004122396853,61.6805072342346,46.1029176886868,0.020581241457414644,LOW_RISK
33.01672968181887,-17.604137211439056,37.416708645222556,898.9058983062905,741.1072434018402,73.91317182282839,97.37941544306545,1.4953262226635324,5.02476987154179,HIGH_RISK
-1.1448887348137753,-0.5583101641065795,1.273766247962397,1020.624412015818,84.41322973645816,26.97882261510013,53.618764991435796,45.360766184108805,0.04330267886031414,LOW_RISK
43.35888734812154,-24.078168627261114,49.59588003564323,900.9128735603425,964.8173875955586,71.02948496142233,93.55363148660425,2.6663631130930976,1.919832792985599,HIGH_RISK
1.610447624789658,-2.9689497155636815,3.3776032872047477,1007.4993408991302,120.84842127368577,28.82107694882882,52.88343691236108,45.54007060489751,0.09302388739486307,LOW_RISK
-11.584813135278992,0.4265955007085087,11.592664883475129,974.2141160708564,638.8606901652781,43.35508388964497,79.01503858303535,6.435127328244485,0.6655208461095425,MODERATE_RISK
-11.808973940520346,1.30582232975445,11.880952717891523,979.5564691008859,496.5361896905343,44.68951641760625,82.39192165682667,10.442517984173273,0.8675768367488232,MODERATE_RISK
-0.576833316344738,-0.7990512594928671,0.9855047387721715,1020.5976355515393,123.2665555261654,29.14521156828992,64.21321060958539,40.6962159914909,0.019294426467947125,LOW_RISK
12.788864645744175,4.693891184632923,13.623056682710379,979.0073725369161,550.7482416865031,43.2298730819171,79.76067036037658,7.03825996661814,1.2613657574263604,MODERATE_RISK
17.15243892677141,-39.4353863884921,43.00413771657666,931.5440629154716,792.720703472814,66.47505847265658,94.68696164187051,3.939996875127203,4.739023908705235,HIGH_RISK
-0.5017518537614225,-1.8359104001433848,1.903239848287038,1014.0848475001857,192.8463633369072,13.643685362058292,55.727641616132104,48.42081604304477,0.11510780951451884,LOW_RISK
0.8396856718965597,0.12365962940175493,0.8487424412223983,1009.3523766304406,158.7110672212631,28.235677077570877,46.80275852201548,34.61440073113063,0.042999042493104364,LOW_RISK
-7.2762062500065845,7.971810491015311,10.79318951456411,967.7160968675829,568.2277497653615,46.58912326095641,87.96762584986409,7.543665171429669,1.1685350215195984,MODERATE_RISK
-23.75383940171176,-34.58485194666005,41.95660699454508,895.8058922791724,954.1188389144754,63.93656883103541,93.03189959364018,3.6142930638316493,3.5254630157085707,HIGH_RISK
0.43960870994802187,2.4630227402045537,2.5019466094676988,1003.1686818786194,265.292759591237,22.612102853115704,63.95360515153571,42.76019330775012,0.41321468489089336,LOW_RISK
13.029008141219732,3.533820059416864,13.499738418069702,961.6755021900179,512.8239033045263,39.40039231264352,81.54004943181242,8.551063460453639,1.300177924994179,MODERATE_RISK
-0.7668235146467777,1.6200720985719728,1.7923872090557422,1006.3612967186115,99.39313419308495,15.007755930028242,46.533424053027055,44.25272153417506,0.10662935687471337,LOW_RISK
41.95969151263337,-43.23102911368635,60.24564374345878,917.8797323738304,766.4772109024767,64.14462906679509,94.0140747466092,3.7697840093012056,6.497111880497522,HIGH_RISK
-6.535043402058666,4.936425343228995,8.189938182676595,981.3655320687326,530.3604723337355,47.3262996573936,78.19719732204312,7.2059124352649615,0.8086003966364503,MODERATE_RISK
-0.527270226061963,-0.7935790160194423,0.9527757060073582,1011.3730354403407,157.34141140879558,23.703727299164118,50.1399634308547,49.77901372556241,0.12002745004961549,LOW_RISK
-32.91373131532647,-38.949394012900406,50.99381338034708,927.5506643650068,971.8791702877303,52.02510544352801,92.75768370172041,1.5052596718350206,3.8826093307043053,HIGH_RISK
-6.743302635071318,0.14458228197621725,6.744852442005031,986.3292638730104,557.3611733567649,46.58013657568327,87.08524030500513,8.165582941197494,0.9206228161570271,MODERATE_RISK
-9.01502876412669,-6.259461110734566,10.975044283046424,984.6061323250349,503.90746156065853,42.236901786604975,81.12231839620735,8.159730935678692,0.559121386406582,MODERATE_RISK
-37.8292069359496,-33.28504789171743,50.387928222510006,897.391635500298,954.0402353763905,67.50752645527977,91.76995299326057,1.6184515937017534,4.578462692052966,HIGH_RISK
-0.8494465944041578,-1.131413775029037,1.414799154322011,1022.164573557351,104.0775157578178,24.63262094266018,68.12443517197315,41.27416114841325,0.0012306037359911255,LOW_RISK
-17.129675734541593,44.942137607767116,48.095961613487034,908.6075339924903,780.6332783290613,56.12395208905782,92.70170635961438,4.131448348693992,2.5235704983213267,HIGH_RISK
18.149711253754052,32.45071754243041,37.18146161211589,893.7418460254338,735.9647850167926,53.854059634723,95.6275779440222,3.700073925793669,5.297156451200793,HIGH_RISK
1.1787002379762483,-1.457485101811929,1.8744591414616092,1015.3621606506694,191.109913977124,29.117652403821303,61.885642659293154,44.9188844120203,0.07661575084335359,LOW_RISK
-36.02946018065481,-24.07366139493032,43.33201096034142,896.954315038896,924.4424576218081,67.4139719173555,93.07579703172775,1.5358593316008151,4.624343592416956,HIGH_RISK
-0.6697724281005316,0.15806325921893985,0.6881708358820472,1000.46500518493,230.49366751729886,27.272412820514585,58.587477784812606,45.147152958387764,0.06514343461983145,LOW_RISK
10.429930090801385,-2.7218419409283285,10.77923305483283,960.1071573555978,540.0178349290707,44.30608471650609,79.861321543681,6.2570078677956085,1.2673690094943857,MODERATE_RISK
-0.3707660737808954,1.7833700572119644,1.8215038409037476,1013.82629489027,139.61324023400084,26.11633543338074,66.98837468116946,44.03347886776015,0.03908518265622816,LOW_RISK
-0.27735320466448354,0.2693726729093969,0.3866347592341018,1023.8814665562833,182.74157104306096,22.688316892669157,67.17270371909343,47.469886911028226,0.030417989051442672,LOW_RISK
-1.1606837986553595,0.1840054739921933,1.1751786651059177,1008.4120426836943,156.42789496651386,28.358655457724755,47.39044741726906,44.21487585777646,0.022562545187636455,LOW_RISK
0.9385010216475094,0.2698412267302177,0.9765236583292223,1011.7296877199881,124.86371177070525,33.06110044184256,45.003620055510225,44.773728490178314,0.013640572764802397,LOW_RISK
-0.8402715602954544,1.4880635243047842,1.708914669434297,1005.2655149814847,114.9294371792659,23.450552141788755,44.92811348367784,46.04161254312796,0.024634583085763193,LOW_RISK
31.040002646786473,29.88779934125516,43.090164930940375,925.4469193743691,897.9929833898018,57.88392957610496,96.54868865811333,4.464913784354497,4.330148516119209,HIGH_RISK
-43.54644341030219,35.60661355777195,56.25054366616522,902.6951010954103,869.3323182790083,61.199875726618494,92.51945333758057,0.8808723162776331,4.709959510399291,HIGH_RISK
-6.339094554642376,-1.1600683872608322,6.444367962478443,978.6244988159452,409.13454365020357,47.95856429178163,84.15051165528565,7.390718259587426,1.3311884812426034,MODERATE_RISK
26.419384400923718,43.00888332099192,50.475220818164516,925.0166594484316,838.9414179987567,66.92069577993371,95.57056201244828,2.422237417203024,6.002470407544912,HIGH_RISK
-44.12976445571442,20.554396252183547,48.68181710052135,936.0033729302124,956.2520341597132,60.25235071461911,92.84453505791265,0.5241707874322676,3.677321116205139,HIGH_RISK
-38.244291625267614,-18.152567855173288,42.33369298390096,893.6452827731671,949.1616596455932,59.09092538896879,97.56447784790562,2.4283072929435154,5.054911769609134,HIGH_RISK
-13.173706361268525,-0.7377616083447305,13.194348467570281,995.4013388599692,497.6137543198608,41.40317404298192,78.22921573149637,8.053250160191503,1.3406691643443358,MODERATE_RISK
-44.877199211590266,22.365521714653788,50.14159521440665,922.9177308795412,917.6705232847368,56.817404625582824,92.0513247611301,0.5539890835370826,1.7732190230994016,HIGH_RISK
-34.334340779396506,33.28223750988914,47.81792854589585,919.6253184469273,803.6671962327782,73.03036096562951,98.19602208105238,0.9334988291726796,2.479012727689132,HIGH_RISK
10.510801599563571,4.540400046391701,11.449549460422531,964.8441862034946,416.06073178314057,44.978046984944086,81.52768465856956,5.809480459778673,0.832022936018258,MODERATE_RISK
-1.5192466805016358,-0.9771270054216725,1.8063464952604096,1011.1338812695151,244.13923215335586,21.428849938032464,51.32045431690935,41.77829866489008,0.0042455416324984506,LOW_RISK
26.770678814446793,20.802887750398696,33.90323558219714,886.9348545857026,814.8437914762644,55.97281394179812,96.431430157283,2.874413422688819,2.9730787526924485,HIGH_RISK
0.86560819077081,-1.4975781587824373,1.7297450336947668,1002.2290599939661,245.18646171000324,26.89215312864086,47.43437328720721,49.11175235447877,0.029797988203366172,LOW_RISK
0.2971271411517824,-1.5098138479194616,1.538773015547908,1014.6247147183483,160.54789694936613,21.486946988706134,57.88191793301785,49.14661886291431,0.1958810510317734,LOW_RISK
-38.254282921360165,22.301498377818266,44.28032285026046,936.6037751663563,849.8601548849576,66.49483603518355,97.46534648730031,4.4094516316345445,2.6840953276190396,HIGH_RISK
25.75833156843512,19.05283669785929,32.03907351071087,904.395009731852,890.5621082024387,69.19117808237286,98.61117565008735,1.0329188291073694,4.345843702822169,HIGH_RISK
-9.392830342384784,3.825423892530785,10.141949013792646,961.3532367409946,488.58062857263076,45.74215558166359,82.59346371327341,8.88651412416432,1.1583730537417232,MODERATE_RISK
0.6715628400259724,0.3348583711937395,0.750417734906548,1004.3996519007069,277.3791890776595,20.65549480327436,54.80024764157142,40.98784980067582,0.05466461114545161,LOW_RISK
25.109493673237516,24.87310293143306,35.343428271236206,943.8358706390787,905.9631688514953,58.92360000195907,98.9942122075699,0.6734532006729079,2.220030728752212,HIGH_RISK
1.0222510460589367,-1.1940387852052337,1.5718542622466563,998.9630680645271,133.83231419832583,29.77245178340411,42.33137255175176,33.49264141165007,0.07685165241004849,LOW_RISK
1.6334258954510492,-0.19473104960013926,1.6449925038152708,1023.820432258184,111.26339414177217,25.794720038189627,51.6830404023302,44.469029549801235,0.1841344748331558,LOW_RISK
28.078034726733847,-21.534737619859307,35.385321228891726,912.2643625182355,955.076594715118,71.6695035425305,92.46299398494376,4.3896267788412695,6.295917758706825,HIGH_RISK
13.048726039867834,3.236187340096139,13.444038075062247,976.2249092537445,475.16495178779473,45.861154478031324,84.49580944617838,7.260408912209735,0.7635315695943059,MODERATE_RISK
-40.32168998361407,26.423027164731593,48.208039243292475,938.2453664411184,921.5065144636683,73.79394071908135,92.94989329622248,2.259841505848849,3.3490626906190233,HIGH_RISK
-31.31370569789616,21.980345304662556,38.25811997794267,906.8627565296265,912.4014400383519,69.8423831842647,92.78400144830782,1.6799295356892978,6.088525044824545,HIGH_RISK
-41.70469087720183,23.961027040331615,48.09794234674145,881.7055212708514,777.6178867530228,54.73712398652004,91.80364818490807,1.1540838047898356,5.639103853214115,HIGH_RISK
-42.0500743689688,-33.68456768574592,53.878185331462355,882.0996243394976,873.1336130379952,59.55547515305003,91.2366734691041,0.6419336205827899,4.663788834962338,HIGH_RISK
-8.850565135643476,-3.2595146576176477,9.431698628746156,967.3156448309651,507.8966057184891,40.397441729382585,80.81535040106894,5.713970813965699,1.3981183896112577,MODERATE_RISK
12.234962378617281,6.551107122674649,13.878447641538976,990.2463859648276,504.0484615869622,44.28279459065214,85.52948599663111,8.115958658813302,1.3279112297932292,MODERATE_RISK
-0.86372736096702,0.6669040023302111,1.0912313697869518,1011.5754894433651,270.9131857717622,30.697983284987792,47.51076188712567,49.08653101869163,0.041126730771429205,LOW_RISK
-0.1232267675888532,-0.8934919410652382,0.9019493805080884,1005.6586678334013,81.98213909823073,25.006476125427763,56.52071634084383,50.59843889276691,0.16681554798932882,LOW_RISK
19.729026951504533,39.884779094550694,44.497529233366436,889.1799190988207,813.1968562547265,73.8180339051917,96.42295627213963,1.2842174058188092,3.2476930103463233,HIGH_RISK
-1.9426181580954243,-1.6012993713814092,2.51752358180585,1016.4334163995745,246.12455208635825,21.622703851267715,64.5389048304746,41.701256793730174,0.08368804864270138,LOW_RISK
32.520575396035376,-44.23075798847666,54.89943329693316,930.3963837619726,973.6645969950314,54.96822788971634,92.22954925015915,1.789688664453815,5.930253244571716,HIGH_RISK
7.323423508926305,6.628978190924101,9.87805060459005,983.3699115463368,382.5807102599785,43.90986684968135,79.11216575002216,5.781746529527617,0.8261695776319714,MODERATE_RISK
-8.362767366200286,4.093295130914354,9.31079712215617,980.9485437339724,527.889109967554,46.26359210175004,83.27436084929228,6.205128174181702,1.2955265567908505,MODERATE_RISK
-9.512568307357919,-1.653834318528891,9.655264043789492,969.582267639884,440.08304127469916,45.74849846534099,82.36487349307707,9.3248848796634,0.7563127901600428,MODERATE_RISK
-30.458863128943367,-42.744164375749406,52.4862451627928,901.1649429632851,817.9462000231875,61.08604463630236,97.03685092509083,4.068093222844356,4.085329509741731,HIGH_RISK
-10.456852526370788,9.968377629989813,14.446948374392028,961.182308114323,413.1398147621475,39.601282401846404,86.90811894313804,7.853363026121194,1.2848993679137244,MODERATE_RISK
30.327917297824428,-24.31090127652238,38.86904280401687,934.7595232842134,786.671460609444,55.72851517489463,92.89650320878144,1.6852485537881758,5.639020390069817,HIGH_RISK
-13.321605360582756,3.183732961384381,13.696763302054707,981.0540450476275,424.2907857106315,42.98544878331293,84.16356323599025,9.317993369246206,0.5168522424149516,MODERATE_RISK
-30.855455134792813,35.69326367988208,47.18122702618915,937.8592718261928,839.1490254231702,69.57760085437592,96.08207310917541,0.5437894953254756,6.204936437500336,HIGH_RISK
-11.444841342409653,6.271991112235888,13.050757290858456,973.9794360937116,621.8306874122311,39.628465752790945,83.11515136083224,11.59270716031055,1.1604471074793103,MODERATE_RISK
-1.462022505340982,-3.7491085723103597,4.024093052241032,1004.3583363445038,85.7304855155309,23.880026792502083,43.64115773645859,44.275607190260565,0.026350976532288434,LOW_RISK
-13.577654917599233,-1.7324763547445667,13.68773857805429,982.6366814971899,419.44448893873323,47.31788543051174,86.75933925445325,9.206612812158097,0.5573509940198464,MODERATE_RISK
0.5140880195665563,-3.203511320968043,3.2444986169564443,1020.707532514083,172.14672004833477,31.417356433234385,68.78776442827701,43.303444064309204,0.22977944095280464,LOW_RISK
-32.35343267558089,42.36204179664955,53.303725864843905,934.6114593584953,870.9381911590115,61.522015706348675,92.72518641310303,4.080177151189936,6.236408835102711,HIGH_RISK
0.33568192745834774,-0.3138328106167917,0.4595360589135378,1007.9077635482489,206.27519552867534,24.36901206707406,41.408932672230016,42.693664747508464,0.01091138493085388,LOW_RISK
8.67074023031822,6.176100517769519,10.64546634710062,978.9329513816648,446.2120887225533,47.9788470822846,78.17293975767083,9.056223578298827,0.6184346693463592,MODERATE_RISK
8.352220450208975,7.736708146081306,11.384912796615083,979.8674150215807,600.6243661859392,44.41199633232148,78.51641797222757,9.17661743434378,1.2479480968076042,MODERATE_RISK
20.001997434160298,-36.363267985607266,41.50141154164814,891.3230980639714,781.2170378630052,58.12518325875342,91.53156671114102,2.9140031827002004,1.7526273297700048,HIGH_RISK
0.007670184963691335,1.3744915120537222,1.3745129131605511,1000.8199298718715,166.26034126820292,16.215488715600216,47.63991297669885,36.34868634757827,0.025183267087775674,LOW_RISK
-35.612654163111124,-37.72648071431668,51.880135732562074,905.1783018310174,909.4210756521055,64.22014004845379,93.77489496517828,2.9377990335210944,2.2335522187396513,HIGH_RISK
-28.297720240780034,-16.14921665974353,32.58156180340025,938.6788159733151,849.0135287870021,57.597153958120494,95.02841720813588,2.194309542326882,2.4925749892872453,HIGH_RISK
1.5486978908267202,0.5610848547713582,1.6472041073603865,1013.1532884172316,83.24007946789344,28.063513117922458,40.87898329310255,50.98455474380676,0.06261798769602503,LOW_RISK
-1.2034159038324284,-0.20938444223276065,1.221495674264115,1022.2534782753181,176.8041145018808,27.33028527523522,44.26544129162055,59.121652955015236,0.09346505381269651,LOW_RISK
-5.887916390595281,-2.622830299667661,6.445680584972801,967.2895784285879,448.6481487059268,42.4328598607924,84.7967586749064,5.579219081576326,0.6107790680629435,MODERATE_RISK
5.973110172293865,-5.76999076384708,8.304868364112766,976.1041804694612,427.09084666843205,40.391767948573765,85.15353212500206,7.924058861055599,0.7422677961545185,MODERATE_RISK
-7.218301186190626,2.9890858084350236,7.812714380082549,975.1002115174057,640.654949989126,39.927520104127126,87.93367500882088,10.09909681347558,0.7968450464823913,MODERATE_RISK
-0.6890413493103662,0.2646623329158378,0.7381220302388378,1002.6960224432098,99.60153695614821,28.97778950203563,49.618597196506805,44.20731153791772,0.010542161336479528,LOW_RISK
-0.18868038014947222,1.9215245426026692,1.9307658723101946,1018.8332261803122,239.50280905929716,27.435621425018528,64.0963636973228,42.617230992832376,0.005526594741299645,LOW_RISK
-10.063887077041784,-1.3434810224732234,10.153165238347809,981.8589045643791,640.3193648837007,38.290399022092195,78.73988884201906,9.049593614426552,0.6824047156765742,MODERATE_RISK
22.43060635339804,18.476039825741573,29.060215914949588,884.2887587025539,917.9919005158962,66.69740086531554,98.00628624767764,2.6020205726031764,4.745248767360103,HIGH_RISK
-18.54590431544956,24.428102946627675,30.67055233361229,936.1149008535666,833.7669845382571,58.80624765444056,92.7858394423515,3.441184192082045,5.032376549244084,HIGH_RISK
0.07047089064711308,1.0784299659976,1.080730002354974,1011.0767591173916,175.69821402143782,26.05420324781914,62.990538416721705,34.231347131042696,0.05621370740034358,LOW_RISK
-13.077579515975186,6.4308843839297944,14.57324123028662,979.5470439641678,530.7346615890573,42.960298942535445,83.34966705665404,9.103958981133156,0.6666583449605532,MODERATE_RISK
32.8759816058579,15.87262855766923,36.50712949381866,892.1861565040748,851.1999286258601,67.6351976292408,91.45547965549851,1.0862480112574588,2.577475478470778,HIGH_RISK
8.714867654739143,1.945987021628093,8.92948955584604,970.2144573328228,561.6151596467403,38.83989501389159,84.24739459906458,6.824659929449491,1.2408889479625722,MODERATE_RISK
37.18450756863983,-30.448160387619296,48.060150583538764,899.4568697173088,878.4428984923826,53.18373421904729,92.51595975071882,0.6597050044446022,3.458319564141304,HIGH_RISK
-27.05355735488277,33.316122819201965,42.9168848503486,937.1906899747726,849.920158828453,72.43380127032071,91.57898674414004,3.688420089336374,2.3875251094867087,HIGH_RISK
-1.4785890695033155,0.36112976923285245,1.5220513613807038,1012.7125736796052,112.38460132644275,17.63240890816857,69.42283523166554,57.460919993003436,0.04599808314622538,LOW_RISK
-42.05964282879468,-27.032079319703477,49.99746860824576,919.3006101931464,923.0048399547461,69.98825738301483,94.51811356022753,0.6246923292709234,2.212346228943984,HIGH_RISK
-9.118686870906576,1.4864069363295647,9.23903976774711,971.6448416796693,458.76544953869745,41.829670110643136,85.07538489614674,8.63009708132719,1.2169366172671174,MODERATE_RISK
44.84070389893576,24.643072359210514,51.16609953331715,915.2827082171272,853.9727022691422,64.91624194239878,93.13278061464334,4.107725836371726,5.525579670663948,HIGH_RISK
3.7903986388104327,1.4472774496461864,4.057306231645616,995.3441501334003,268.4116438977191,21.575320637353,44.09509036250746,43.63577726829935,0.06076312741958777,LOW_RISK
-41.800288584125745,-17.85786196876368,45.455113681648726,935.5670515924928,966.6226665138278,59.95702227138257,93.24162293711136,1.4601343374973208,5.900572038374229,HIGH_RISK
2.0181300692324666,-1.002216128308491,2.2532834140830804,1024.533673161628,158.62942589880305,24.755697314590495,42.18208785331589,49.787685816398835,0.08666424382732206,LOW_RISK
19.364479487977803,37.56238312588738,42.260095739790536,903.090785965673,938.9097771207865,57.41757349656428,94.30899682088634,2.275343299210065,5.905916551019997,HIGH_RISK
30.922775315574746,-19.231527632107095,36.41523978064703,890.3454128519447,851.286418325422,62.399697300810615,95.80490381528415,3.5364850381840967,3.8280915493072283,HIGH_RISK
9.722195708841296,4.99906651395674,10.932143221343914,988.9848399306932,543.844485806708,44.00472863250274,78.67185196523901,9.498052282169942,0.5118099130054702,MODERATE_RISK
-4.861901010103609,0.8081339886695538,4.92860649430338,1023.1362575345772,253.1124766344407,22.047771665354432,54.000494674925925,39.48407809383453,0.048052298622576095,LOW_RISK
7.6518401275625045,-2.0337320821245832,7.917494775472767,971.6539614546971,593.4121175861867,39.85580236783555,87.74532553662374,11.310283457694245,1.2886754267001144,MODERATE_RISK
8.685666322508425,-0.7399487165749905,8.717128172117123,979.9576557301551,458.74786803525296,44.71987871402326,86.85882737571744,10.201384664228307,0.7559782915134123,MODERATE_RISK
-27.315987793676303,25.858622149446866,37.61424635177657,910.837507628772,741.6708249994215,67.63735419741347,98.86574851836968,1.9711103724616632,4.054802800821225,HIGH_RISK
11.817588405366553,1.3921955061120566,11.899311074423284,975.3080713499795,503.55919079914906,38.7660361631371,81.83501881115907,5.590957166108007,0.9896110622267988,MODERATE_RISK
-41.85441476915183,-39.98271167613113,57.88271994857211,941.8502395391074,921.6477184304522,70.75649372338094,96.7591970910776,4.447321737224699,3.868572658186298,HIGH_RISK
-6.930124063917454,1.8833092030937575,7.181467335840595,977.4529174263694,561.6966080665195,45.4929036054925,86.51426394415006,5.527281545398674,0.6608481162853077,MODERATE_RISK
-0.5036770489351923,0.0363291850091371,0.5049855238593401,1027.7244507978648,124.93147952835332,25.409938568632832,67.89765289436994,49.91926171803073,0.08116641093116136,LOW_RISK
25.71198416259918,-19.863958358255104,32.49127530947722,881.0800547372654,901.2575831067002,55.25019312336568,96.6617732801738,0.7391263017813245,3.4479129892956353,HIGH_RISK
-27.0267995479988,-33.804108907364196,43.280084020582116,939.6083534826247,769.6553279404527,67.54198928703147,94.0089794473782,2.0124332178623487,2.5758208709485704,HIGH_RISK
35.546050200805425,15.64922069923754,38.83838041643374,884.2428350056077,885.8138732238866,70.22835620062943,94.95748119053266,1.4583504739761333,3.5943795515301833,HIGH_RISK
-12.535159995639134,0.3812165725466947,12.540955393886701,996.1732414437096,421.14986841022795,42.881559560873086,87.37467187813745,7.253160526536503,1.110977680176962,MODERATE_RISK
2.530712452608847,-2.288484471855142,3.411988671685707,1013.4531073643393,188.0557786374842,22.606249677675812,62.830179488486664,58.2100595524631,0.03361105941110536,LOW_RISK
-7.680626135240196,1.1707356159670217,7.76933972174138,975.1433642217576,615.809748705343,38.581511205664015,82.28047791942075,6.022100186981967,1.0159823701143698,MODERATE_RISK
-13.788344985807838,9.812238782159586,16.923311950258693,976.0311758244563,591.4058553855278,46.6618891526558,85.78535371003406,5.999271679659484,0.8416638197714401,MODERATE_RISK
-1.855426066317123,-1.6444126303428028,2.4792536752821337,1000.4427681721879,112.60382276297725,25.240343978460654,52.02910980065055,47.25247861889017,0.02107381704818932,LOW_RISK
6.60558426735723,6.86578954910832,9.52747656233288,973.8634315750096,519.2487708609922,45.15484179774389,79.95825048855157,9.934471448588942,0.9271833420036244,MODERATE_RISK
12.6665312793704,4.685080546821414,13.505221004540177,978.5430938151886,645.4795549596238,43.97687029943501,78.57997572472708,7.319542540766882,0.6301655043111027,MODERATE_RISK
7.980924331608092,2.5072987405398477,8.365506569309881,980.4773897873756,615.2159896294626,41.57270921996045,82.28149441992352,8.994559904857805,0.7732445423783831,MODERATE_RISK
29.29764536758904,-42.75259897458422,51.8279532990319,880.1736145688981,761.4547670212552,60.70485059071403,93.82894423361996,1.5744465596418435,2.9739835181643954,HIGH_RISK
-33.80687039432151,-18.607553204597302,38.589448326198855,934.6883739323566,976.8941597808324,54.16642651291215,95.92587066785717,1.6027079907037902,6.024257717348165,HIGH_RISK
-0.21654061788591372,1.709817841693568,1.7234752365404225,1017.6760097598783,183.9223351606015,25.39954781763685,42.68956693707037,41.84174237743178,0.0596159737726769,LOW_RISK
8.995504642940471,-6.645215545209448,11.183827315523825,981.943263811493,514.0183805659029,40.98588756288292,82.21229733685496,11.338772319201599,1.1139648495375,MODERATE_RISK
-15.381818450697617,-33.8522248931566,37.18297283794121,916.8899288898021,898.5759028954027,67.70858582352047,92.57754153897633,3.4060938876540656,2.751190207049685,HIGH_RISK
0.7098564368603173,-1.4737310903074645,1.6357810023016082,1001.8583427803989,147.4908557928458,26.422675794252918,50.124311371389155,47.85210586680398,0.09116625757730586,LOW_RISK
-12.342387659227658,3.6365636911039756,12.866978223736565,984.9262810297943,630.5174119836726,42.71368155701491,81.74325564612853,11.509906437741133,0.986992624808736,MODERATE_RISK
-2.668080373356418,0.48461890967404364,2.7117353053540056,1020.4265295750971,95.3516123777476,21.39731446995008,43.95128605619065,52.95700183881402,0.0256764529886428,LOW_RISK
-40.29550879972054,-16.365764993992304,43.492140591915444,891.3878605254805,862.3780763820159,71.63201425586172,97.99003033595024,0.7973154425317484,3.6706545866491695,HIGH_RISK
8.903272397962636,2.837395429338755,9.344467465551785,964.9189349323957,421.95830475953414,47.89548119294877,82.15482086699603,8.31657668651383,1.072522877385318,MODERATE_RISK
0.23058765891829186,0.8287349316257216,0.8602164002982668,1013.403182219326,112.27347167767662,16.67160518724405,69.24280244008585,44.600457736687254,0.16837431343277837,LOW_RISK
-24.77993755606808,-34.89953531023443,42.80213628024813,938.243684687369,961.7822157352279,68.96195885367675,96.18371443924327,2.6455251431097455,1.7258558889930802,HIGH_RISK
1.274403145531537,1.257736161677463,1.7905316611922373,1006.7838742268726,173.0673867878972,22.207201301555802,60.208294959900854,36.03039443404018,0.13242922908410887,LOW_RISK
-0.052482735745442544,3.2564140762467204,3.2568369737414105,1012.9810994823703,107.62505862804944,24.682446302377187,55.345769224284794,48.45455478696096,0.020149087661273785,LOW_RISK
-2.3916414881915506,-1.5703664740229093,2.861118639758624,1007.476099573302,105.10995797969542,23.33349877753815,56.14363030119439,49.87856688834625,0.045228696682175926,LOW_RISK
2.104191466404149,0.9580953330437769,2.3120485277105036,1013.0959169621249,278.0664607587297,19.33893123230325,44.0687984802194,46.658238335628816,0.4341684919728425,LOW_RISK
1.6245768647629155,0.18344625454842567,1.6349013786252522,1019.0080635371854,109.84989394829478,18.243267848130955,49.091972835253046,48.487934851696,0.0406071148237009,LOW_RISK
0.35132209880478116,0.5422552878091524,0.6461176473875196,1010.851294429801,212.462747746144,28.087184708942644,45.98714847687816,51.6848453677798,0.12793651038412496,LOW_RISK
39.063493414887006,-43.99961013983227,58.83810168787017,883.8282611528015,940.9769731239559,66.26660121823573,94.55306280606422,4.403544752079461,3.6528691868027168,HIGH_RISK
-8.37257920282184,5.2047270559527306,9.858461656591823,981.4438845353818,413.2790173867381,47.707281639857946,80.3468353288525,5.95934323700251,0.7405222775639471,MODERATE_RISK
13.108671464348873,3.628361533595327,13.601554138358921,973.2573296553308,461.93924846373113,43.60508734077973,78.1730012274097,7.791431033215034,0.5375523135681529,MODERATE_RISK
5.812867042691657,0.09843103114183105,5.8137003641314795,961.4829246797535,617.6786410136261,44.91910026619562,84.88512188409562,9.151790222199006,1.176072472806247,MODERATE_RISK
40.86877588662634,-28.01184839323829,49.54715423591003,893.2482142120174,785.8380599534813,67.3563942397376,93.67326180677705,3.18106137885514,5.785876141756219,HIGH_RISK
-6.433547336145127,-5.703911273780405,8.597972734638047,973.7528184176351,412.59935523142633,41.42499993008138,78.76393316795306,7.930806685302662,0.8424000065893651,MODERATE_RISK
-15.529044871570392,40.37287938353414,43.25645182329039,911.3624593662735,782.5625589496403,53.42949432404905,93.23422910318794,2.186304949482542,4.115670708095545,HIGH_RISK
12.718903894176446,0.6864989623327904,12.737417206583945,971.6897566579192,611.5020085957162,40.08667624511592,86.48094663801122,9.043740389086928,1.2546344215092415,MODERATE_RISK
-7.8620873433286835,1.245620683410047,7.960150016241402,973.0143081311904,599.9949666181935,47.47522980551238,80.10185103621544,8.391390174386734,1.0632794986538312,MODERATE_RISK
44.91448319274501,15.09501942415201,47.38322922603419,910.2470497375833,854.5276890923935,59.033096721761034,97.65269188538262,2.6066224646518203,6.472873452490408,HIGH_RISK
6.875453111079429,-2.3927455351125992,7.2799097987854955,995.604226984447,455.5966383526063,41.423817660091885,82.4136756031979,10.753383398357268,1.1513114312835269,MODERATE_RISK
2.1307563719847824,1.5008734770644674,2.6062892991587363,1022.9936732184444,247.28843849397396,24.097374477150993,68.03232383713645,42.247064664996465,0.10739078153484366,LOW_RISK
5.746344372587535,3.6674922503601612,6.816962157355744,971.0679899631781,474.6939975526478,41.88393180383887,78.59544138002497,11.425939528143283,1.36511123350297,MODERATE_RISK
16.529162064566698,-25.53413440786969,30.417186236005882,890.2901195399542,754.8615207082956,64.47290170255394,94.73249364114609,4.114849726521566,1.6278080529782728,HIGH_RISK
2.5035322879340893,2.118330833123144,3.2794815802636683,1011.505632836861,159.8665160398445,23.068689636772326,56.352502385796704,45.62943265288329,0.064492317395587,LOW_RISK
-0.20739645175677698,1.3869505243691531,1.4023712223406362,1012.0938506342759,276.7134413027326,30.213112149264255,50.021366452598784,42.334547989920836,0.05045259518286123,LOW_RISK
42.94595404228737,22.382224268304853,48.42849297468334,905.6410336638377,766.323840165938,52.04787478404817,94.69677459354216,1.3540454724841005,1.8116940353256528,HIGH_RISK
1.3860405288103514,0.7708617744883726,1.585981154639689,1018.2265599224484,199.85985740127774,26.682798524073917,63.78520135820581,49.835890612194746,0.012559070426426464,LOW_RISK
-9.38524604310906,8.14958692273716,12.429746992635964,977.725179902296,484.85905697131784,40.57864253644845,82.72664729364845,8.349660660335253,0.8078691163739636,MODERATE_RISK
9.142892510516585,-1.017192530428571,9.199302370442007,973.4372366329495,447.41388737161776,45.89004884560695,79.09624986330002,6.446697674172235,0.9032820015163279,MODERATE_RISK
18.794728779607627,28.524582343760276,34.159824762211116,936.1147786183005,832.4533734341022,67.38241377776822,94.82090855768877,4.07866288257785,3.1909949973400797,HIGH_RISK
17.644639327568974,35.658056289483326,39.784799551385895,887.2877512605754,883.5522183326332,56.910925280197375,96.07517807597668,3.9050078665370087,4.85507784127365,HIGH_RISK
-13.618971273280758,1.5704855263598185,13.709223294226124,993.4866306896655,586.387784691895,44.84432689581599,78.37351634815813,9.473794700038422,0.8187986102308483,MODERATE_RISK
-12.28525888653891,0.38144591983621456,12.291179231426208,969.7234622382166,519.9099344326396,47.59193486458521,83.17048354690134,9.376468912565377,1.2673601937285053,MODERATE_RISK
-13.555505972686012,11.382496647585763,17.700648917704324,976.2390681652107,528.9727383936788,46.852828290969,85.6585230403701,9.348696887561779,0.9549875510867655,MODERATE_RISK
37.858885166678675,-44.18573188454224,58.18654559463395,908.2248055045432,863.6551428954142,55.692740680770015,92.1229018510888,1.1160114941291992,3.1307466909492554,HIGH_RISK
-6.189903705382697,-5.233181313998058,8.10562116972468,972.34171634353,404.1591634052527,45.46746772512594,78.00330159259477,9.910523193639932,0.8621766448312838,MODERATE_RISK
12.691468064600341,-0.2984074327335642,12.69497572391066,973.9735142654937,639.7603520700502,38.04025278853971,82.31987592425158,9.731832260356654,0.8005581709604508,MODERATE_RISK
-0.8151371567006475,-0.9117329806416488,1.222990438320644,1005.6632159662064,159.20019327712305,23.009710006763143,64.21784947978752,32.56088971218834,0.03331107659066022,LOW_RISK
0.7340618418418771,0.4865389225824045,0.88066276794011,1019.1049656343064,228.45427845045737,30.135267439414246,52.236827103405716,46.509366903605056,0.038495911478731715,LOW_RISK
-6.513269773052723,2.3251657001699244,6.915857045212038,975.0180350635642,390.91848442741855,40.76669942179082,86.7622329313164,10.266308923139736,1.0000712814844728,MODERATE_RISK
-0.46540013489018406,-0.45783705653200146,0.6528491831117571,1008.3119745076247,222.9437667004072,25.972493834051573,47.399693405343335,40.82907575633688,0.16990284709051562,LOW_RISK
-0.34640179531301696,1.7810790773471268,1.8144522268607057,1013.3749466715968,164.00220085913259,29.69376910652978,65.71087084991734,43.67219743740729,0.023247649744799783,LOW_RISK
-10.61368020949587,1.9227267829126573,10.786430636275094,986.9421448301399,595.5094071852076,38.711767988636765,82.34959106351216,11.23693655423747,1.3617414779190988,MODERATE_RISK
-7.279208267362257,1.9700768130370134,7.541092470517857,994.8567641101484,419.5215034404024,41.994003017782944,82.441590723125,7.9437471640488,1.2580538888733943,MODERATE_RISK
2.5446845524350574,-1.4617939570059622,2.934665405824105,1025.757306870657,174.32989815011908,29.307392578630722,48.61773084631203,45.283708416484096,0.06337159719035819,LOW_RISK
-5.656714996331189,1.7191055177014973,5.912169511330836,969.5280821111751,380.3829194361572,41.71111663776588,85.74190491714324,8.070893885634224,1.0111014934748646,MODERATE_RISK
9.828992039097194,2.9010788880601868,10.248187313831874,980.1616302292647,565.4417283179199,40.69345879061105,87.44709050825412,10.709297484356192,0.7049288420832434,MODERATE_RISK
1.2609653234830862,0.9838511647946415,1.5993738341909238,1002.3034796893376,147.4661217691531,19.920005610424496,56.13076385772914,36.24512212797386,0.06482183265267805,LOW_RISK
-20.868269887565774,37.799501078962535,43.17738956813826,889.3431816412817,804.0640058769548,60.87479870685684,92.2488399810992,3.030197778474223,5.295811204034889,HIGH_RISK
-32.908541887854476,-31.137441005932164,45.30466158777239,932.0980442276759,913.4096088450506,55.692421991840476,95.28532086346722,0.5943788554528071,4.5507806043306385,HIGH_RISK
-12.721567508621026,3.111929760875689,13.096655554492758,978.2158454037276,480.7806676479026,39.85574602745048,81.05109190212082,9.517989886687122,1.1142053781713601,MODERATE_RISK
-9.27973869463574,3.841662599371296,10.043501469513908,964.2933359380983,533.4162520126225,46.59422590861304,81.71119691218732,11.063843092568433,1.1375356964204535,MODERATE_RISK
-11.291246726378855,4.134780992024772,12.024502754291778,975.6338339263772,593.4780720323149,42.797001625335454,78.3319648610547,8.208422472804347,0.8190154582662978,MODERATE_RISK
15.867354697996719,-19.384640468226408,25.05069322782185,932.9494344843698,979.6165293772941,66.37530472966905,95.12149567098093,2.839749994712948,2.299231763163819,HIGH_RISK
8.154231820861352,1.2658387119341377,8.251899431826525,972.7742507277515,595.6622702170403,44.75790963627985,85.99891304268817,10.78548280641882,0.5734684848662045,MODERATE_RISK
-30.40170220584543,-36.19137629709125,47.26604717226273,940.6935962912326,740.273350115671,59.34554832808002,94.28110388577153,2.2068196032205107,4.527667355280805,HIGH_RISK
13.140265345531589,-0.31013705607685127,13.143924769433612,990.0614724077494,413.17640657142124,42.231134309957866,78.71538821890377,11.106830068718864,0.8466266626804215,MODERATE_RISK
8.885595414585643,-4.119096320437345,9.793914455862165,979.303626415065,446.09889981644324,47.188528558831045,82.17818806106254,11.012885880470659,0.7277759628992841,MODERATE_RISK
11.456910057904283,1.3885800327430982,11.540751387246896,981.5438813406076,635.7512973836119,47.15516728716697,87.22120435961219,10.28112828874146,1.167604997800733,MODERATE_RISK
-33.20579110808843,-39.205518034162964,51.37798368407505,887.4953139418305,959.3789947041208,59.01664766202503,92.64616417563496,2.7500456644190647,2.9638384397701394,HIGH_RISK
-31.23212762395849,33.38695310944554,45.71798807746844,944.0312090170869,761.5192732401418,60.7996508335231,95.61096487884436,3.8923024655023313,1.7153473929699905,HIGH_RISK
12.638774305087114,0.8689626894825266,12.668611292901955,975.5517063787146,588.5821342539004,42.685469497914724,87.8992149127494,6.253043050524469,1.1711670228962623,MODERATE_RISK
-11.470162501443113,4.326893459882024,12.259144946638063,981.3572652644056,439.43494362565633,43.38339490350016,84.86419893997642,7.175684804066819,0.660823657057682,MODERATE_RISK
1.5797292799993552,-1.1279539976082287,1.9410885654208736,1006.4625709264735,126.44493818026862,28.136011117242994,67.27016766507109,53.93673207214913,0.031195030772823755,LOW_RISK
-20.572771686186304,26.393707844338657,33.46441017893865,924.6024475314991,883.9081673889708,68.84070452624505,93.1549182203884,4.299579920074496,4.283977249838034,HIGH_RISK
8.099852415954693,4.295068439607603,9.16816350536793,968.7732823344762,631.2920300297867,41.32227764066284,82.87565363278925,7.040216356823019,0.8611069996505226,MODERATE_RISK
24.579009609802714,-23.82089214465313,34.22809687911339,921.7533885415905,906.4293396125379,58.33005823907597,98.09892412482374,2.882077639513737,4.804464395982755,HIGH_RISK
35.80191078817604,34.13618499220429,49.46772626578373,900.3494193053168,839.5943615129291,57.52716107574236,97.84346282642463,1.4191858207144001,3.874282091633745,HIGH_RISK
-22.26917050999264,19.528949793908847,29.619180192168358,909.778993590069,741.7365930663476,73.00600844405186,93.61989607098505,1.9166787140810286,3.2102882657459633,HIGH_RISK
5.431708027215283,2.628583134810138,6.034310349122196,973.533682259564,549.3776067712563,43.51782228394104,84.4568532517424,6.781838332001505,1.3225299791596736,MODERATE_RISK
-5.419219478778874,-1.37319324513981,5.590491878866651,985.4219057698301,493.4363296294371,42.57002309376941,84.90131347936892,11.754716507228618,0.6150252585156916,MODERATE_RISK
6.369330982275649,5.539370331204633,8.441149259905703,976.8794177643275,438.43963252115134,46.50780382630682,78.62721590901388,11.763966578718232,1.1605428092599557,MODERATE_RISK
19.888093169071382,-39.51119335827538,44.23427009114865,930.1520610814947,798.3937791622787,60.00494462032225,95.26466128539842,4.430471015085732,2.2590605232496594,HIGH_RISK
8.357063898907047,8.337977500628234,11.805184700435571,968.5212771035348,468.7198840175748,38.88278192968409,80.85447787199865,9.380241864495932,0.7509837640921007,MODERATE_RISK
1.2535381680977127,-0.041272357575954384,1.2542174238853672,1007.5733611620066,244.09751689605497,31.797743932034837,43.87195374487189,50.204770868988945,0.00278185843882507,LOW_RISK
-9.807709026277573,-1.3534475200032308,9.900655358789612,959.9425219943583,626.042843025548,41.550947663631895,83.66950475638811,8.920188265681592,0.5276776464587447,MODERATE_RISK
-29.293372088814856,28.71959868632133,41.023371351427315,894.7859170320089,882.0763976574333,72.58817459711487,96.8304495921551,4.202604827733039,5.3916363231126585,HIGH_RISK
-35.17303205887029,30.92568952199202,46.83524801498295,916.7283531088763,769.573831065505,72.46128842315291,96.64491970200581,2.186616027287354,3.023911386448076,HIGH_RISK
-32.117121273911636,31.43004703537039,44.93725999177901,935.9133664184372,960.6584565728037,54.712463482589015,91.6545512365179,3.891176892112066,2.8078133728443753,HIGH_RISK
-9.265277848200729,-1.9890598318736616,9.47637761062382,958.3128613765386,410.7697349667011,42.68300947599958,81.80566132947216,7.609746181590888,1.3954549875097477,MODERATE_RISK
-10.677017597944388,3.100009193167243,11.117947732586963,981.1217161861858,397.5870544411419,44.913864452150186,86.44805667036,11.2406438089931,0.9149479974744694,MODERATE_RISK
-2.195272422198178,-0.12107487016287348,2.198608680927284,1012.6438857077163,246.5859431148456,21.438728607920513,49.035267609920766,37.81873067535941,0.0017906475110579518,LOW_RISK
-13.3994877114116,2.695788833651245,13.667975283995403,989.6644239118858,397.23302937162265,38.0855477011817,79.49597656147559,7.13393104738769,1.178259692525923,MODERATE_RISK
-0.48903529825176173,1.3260680945415746,1.4133690651409176,1015.2930700453945,213.30439533860698,25.189973873006572,60.98583611207716,45.17403770249916,0.0788477958623884,LOW_RISK
-44.18777131226699,16.956979838024605,47.329676723725655,905.7240002645336,964.2044079475284,74.94263094299053,94.31276746194106,2.6770875772033027,3.5346559831125703,HIGH_RISK
2.6938165096432827,-2.6227979598572713,3.7597495296705845,1018.7008760835436,221.87776436487724,27.506454549052282,59.14419707548808,38.30265112521122,0.006330792574273631,LOW_RISK
8.726610431910348,0.7938948169226114,8.76264792232708,966.717062396516,457.14748571276095,42.68324307368555,80.30634645661414,10.090483104726829,0.581066476652202,MODERATE_RISK
12.990363034684988,0.9955286614302365,13.028453825709299,969.5837923669081,611.0194740145131,43.17014723886716,82.11764550226377,9.364591655346162,0.5605057720137294,MODERATE_RISK
-8.805888216201009,-2.2740830163297554,9.094785365328157,980.6975891970418,429.7151062319199,46.061118176584046,81.17785408586865,8.725528630154681,0.5993909341778448,MODERATE_RISK
0.7725529008129897,-1.0529875317101332,1.3059941525487637,1025.1229282282877,215.93944336666905,16.739667814974716,41.96878264533453,47.26033919129836,0.039297717994993035,LOW_RISK
-1.9803498105309632,3.0200808712899345,3.6114642239957733,1001.2777659592793,203.83454707316736,26.113394538578678,41.23247094866666,45.174439735447045,0.03900251704672715,LOW_RISK
-28.9877022335212,-36.18007228701573,46.36037652427959,888.9569851828594,872.3878506636779,68.67632250626276,93.01818903515968,1.792934308271417,3.8745597465602417,HIGH_RISK
-0.2654208412410741,-1.6585570027289036,1.679660547332765,1008.1515380237696,225.0743200469715,25.984334461265636,49.51777523070603,35.501648595705596,0.0053184728876769114,LOW_RISK
2.0308085612481195,-1.4574210577659774,2.4996518861750245,1005.218341023348,203.42118888573125,26.437903190188504,48.041415621359135,51.119279592712964,0.07147505247014825,LOW_RISK
17.88033036340954,-24.19148681477113,30.08212506146982,936.9945613948871,740.167915888155,60.68960930994597,94.09196792701378,3.4256877894457314,1.9613703393446236,HIGH_RISK
-16.574330424882117,-18.81531594575632,25.07438021510811,919.9437141788652,954.6945042715096,60.8615532987816,93.58890374201165,4.375793967013285,1.9938293556649176,HIGH_RISK
7.57454046493357,-0.7984032348094554,7.616502542523718,954.4083951630768,392.3800449611694,45.733922246287726,83.29482882379394,5.795777545636925,0.6449667602625218,MODERATE_RISK
-25.540770429953426,-28.14302066373147,38.00474399643812,909.8955927806503,854.7389923034682,68.99410722206657,91.56744854696808,2.3421464873479025,3.8706435683694003,HIGH_RISK
7.094572176830482,-3.937756272773705,8.114116023081372,976.2019855874605,614.7539614652296,46.618281308246026,80.91402266288245,11.960427923506582,1.396905277562471,MODERATE_RISK
-38.714770687449914,-24.270804378612944,45.69360365047528,883.5945446113426,778.0573627665374,74.01847151612569,95.30051853266171,2.9484376376253483,5.783270326025477,HIGH_RISK
0.9640841398013158,-0.08234100092442959,0.9675940621198953,1006.6538867077786,230.91387224114732,21.52695615360667,41.202072590448,47.894643242856176,0.14994235584862606,LOW_RISK
7.13585933783502,6.88220241572493,9.913889175312448,978.2434571119493,420.69774997004697,42.85372895169194,82.36049220621891,10.240137825334696,1.0799874441631565,MODERATE_RISK
-29.504071929700533,32.24490080567072,43.706108136054475,933.9593187284186,952.0799868631482,57.18111290998627,97.87899800056215,3.9909219362413983,3.8313017518808565,HIGH_RISK
-9.377681890919778,-0.9291981989483538,9.423604774194088,970.0912710510644,436.54566425751204,40.97957428958359,85.82194036046452,6.651945491492053,1.2090498693669471,MODERATE_RISK
16.755214543483092,16.75437790847734,23.694860064963898,932.6885554570056,786.1410901535927,66.28983178698616,98.20698874029742,3.911100816660917,2.9473313602293145,HIGH_RISK
15.276668207616808,24.37740776579282,28.76863919105918,892.9129412861357,810.3897663716572,65.4757974194335,94.86962886652138,4.332602991039526,4.763634626838593,HIGH_RISK
-0.6517443411484733,-2.7047095143839175,2.782125849672862,1012.4862860232874,249.2248421060463,27.183146854129422,55.092178008148274,44.14163173037608,0.03509674146933113,LOW_RISK
-7.286190341860065,-1.8121618534593993,7.508162243914838,969.7758527162249,480.23146489450625,38.35674416360532,84.79551862285184,8.928057841571007,1.375364967256777,MODERATE_RISK
21.730415591152937,-33.56839488416452,39.988099440501365,899.2389088915535,759.1560710911741,52.78651916812916,96.28646354342023,3.049868235256518,5.574290989304801,HIGH_RISK
-2.0978513607287117,-1.2272983251334608,2.430481744549155,1010.5995329345334,245.68773418779816,27.03443349293377,51.59387692983806,45.92485287536578,0.0015381656336478002,LOW_RISK
0.9310081463260169,-1.038631469810784,1.3948231065646695,1017.0855321446885,140.67710872582663,20.083265608798335,45.80871429386382,41.39514945765052,0.050466267181092324,LOW_RISK
10.302905511073583,2.459380361111012,10.59237526387396,974.8671691104098,621.5728082840155,42.63731735931321,80.80265300174429,10.44787484857558,0.7872255639807739,MODERATE_RISK
0.5366810405224249,0.1878367539718609,0.5686028362564841,1027.6847848782938,232.03218595803182,32.693783179299814,69.44264274766076,54.44218469807129,0.130477914280884,LOW_RISK
44.107051872840614,16.346023891877994,47.03854294073424,916.9759518284766,913.1997950434958,60.55169607740529,96.17114441206462,4.095036903919899,1.7143595458701708,HIGH_RISK
26.665095511422,26.582038003551773,37.65145499254349,923.0690326872185,889.8619584399781,57.643327287688024,91.07780700104955,1.1498825464569595,2.3346603787460523,HIGH_RISK
-20.189085738092253,-15.305250077678025,25.334756025671595,941.6054420453856,892.6140239502357,62.88131981427209,95.99646002009673,3.91165168105914,2.9493165481961876,HIGH_RISK
11.75730243236995,4.641372218250726,12.64027280380301,979.9982163597381,463.88995136072504,38.473499773268394,82.76232813517163,9.838282039045431,1.3852384959903383,MODERATE_RISK
3.2847043998265084,-0.9084233096052962,3.4080076149671177,1009.9422787110138,160.54074419891202,23.810495683027575,57.85830523312164,36.66618296605401,0.030062882580660717,LOW_RISK
43.595477907326554,38.24292629196726,57.99212968447562,938.5815618116906,864.8846234208218,55.346301221511325,96.84400134313282,2.9498057938293,3.121121660693695,HIGH_RISK
1.7689457760957397,2.2927026396187973,2.8957994668971745,1016.3755673674251,141.5541810586298,26.976255675902078,45.845214749660926,47.17470519183949,0.00158442963389446,LOW_RISK
5.940990123359218,13.073494422503773,14.360070336216639,970.6428916761527,595.6502349375126,39.40707830825574,78.92899714494119,10.359689981879026,1.0847595638816516,MODERATE_RISK
0.7378787572597586,-1.016573054628159,1.2561392581283461,1005.8139131184607,226.04983790591425,23.628484553769745,52.17143272542843,55.52648714729156,0.04843544577640017,LOW_RISK
31.463769371096536,-34.2345938658047,46.497055822859856,943.7482771396378,977.7641408035553,62.48955779913787,98.23914160398333,2.133144479350496,2.5049995060373984,HIGH_RISK
5.019268274109277,1.433349472511027,5.219918075777393,977.736601192125,458.88773691315214,38.92859472943521,86.54422960327618,5.550035719205633,1.3471609553548491,MODERATE_RISK
-9.28961744457766,3.110063435527561,9.796401729186439,976.0307822153085,486.2925696500358,38.599792721915165,87.112451557543,7.556093370561625,0.9213599865921802,MODERATE_RISK
-8.753438554888108,-0.7611049329488186,8.786465003239963,979.3354161047253,560.8252121144106,38.42837321188998,78.76867103381755,9.616700781976832,0.5558407343796467,MODERATE_RISK
41.75909738326816,32.405632899135966,52.85780224204216,897.8675309544809,757.7363202491965,68.71595270417116,93.22920272418254,3.675802748420609,3.332774725943365,HIGH_RISK
32.334645188148414,27.505219777811032,42.45075257835998,880.9338783469203,722.4060192564106,61.50477307436536,94.51383581735351,2.176798839559797,4.114300557746744,HIGH_RISK
6.121527869367691,-2.671461229166841,6.679057460030342,962.1527223358253,414.87965780836237,46.769888309739855,81.63938883404043,10.933033587669703,0.86898175329791,MODERATE_RISK
-10.664194483660445,0.7994848526872,10.694120815429857,972.6542097038081,603.5250024666669,46.88080382258805,85.51032961537608,9.045582512798283,0.9060721524984556,MODERATE_RISK
-36.30312283778494,-17.259601276336625,40.197146217031666,928.5387423634976,750.9785303028744,58.49223454672931,92.36039914321327,2.656630893475398,3.9237834076744944,HIGH_RISK
1.218788733591297,-0.5436614121046982,1.334546255526856,1015.372898795197,162.6345034415439,30.184252247125585,51.279136657874176,41.08700701290705,0.00029812767674266476,LOW_RISK
-29.986869334207064,-29.056841284002374,41.75538717184302,911.4177931202775,725.048045567907,69.44653318062211,92.26924135970475,2.405930536698859,2.914181774232274,HIGH_RISK
-13.183737317654444,-1.0053818784134814,13.222016577752298,966.858467434024,473.6975668379217,41.0774951660782,82.91138535695826,6.538606153738208,0.8704857171214682,MODERATE_RISK
0.11605246147142745,-0.846371397986083,0.8542907684989306,1009.3050174208018,159.2625250996441,33.37279172883978,62.647976193551514,43.17359570898058,0.22997356747960568,LOW_RISK
-1.212447428032727,2.7390145703204043,2.995368021157107,1015.3322440526631,214.50145253472982,24.01446638994181,56.17581382381943,37.52621926775178,0.11208540001550825,LOW_RISK
-23.610005372369095,36.05024750954299,43.093534308322965,934.443971887875,973.7289413773101,63.395583062964285,94.62829685412575,3.5945606215981374,2.113896752910105,HIGH_RISK
-0.1440898495869748,-2.402948717845753,2.407264926290944,1008.1973781666774,259.477143492743,28.35739645692641,52.15003295762645,43.55712441422949,0.02754513202379357,LOW_RISK
24.149865549080573,-19.03108841676071,30.74733049169037,897.6043424502183,812.6112626189213,73.86724093897195,93.4231595428943,2.6702841968152553,6.2155594279407005,HIGH_RISK
0.3115315307446667,0.17253911872112576,0.35612026358686466,1008.7906155751334,142.43794731382587,28.326467144721615,48.255706353204275,50.62388359992906,0.02501889407095774,LOW_RISK
-5.2658777175034395,7.098735398717945,8.8386374739951,974.237609826794,484.6470502079449,46.94054612702145,82.67814296180971,10.873460973864434,0.6256745593069211,MODERATE_RISK
-0.024634344109128112,-2.5251572883314255,2.5252774464844463,1015.587541826611,134.11185129759826,22.43333271947847,56.989686404995965,33.73603302634331,0.007811705493441233,LOW_RISK
-0.48207876247949016,-0.4537045297321925,0.6620028198831683,1013.6481894974477,191.31568570043066,20.61792244461775,66.20083353524313,30.50243060065759,0.012423323721889071,LOW_RISK
18.97646337314623,-33.45796103912919,38.46480623957759,891.2392021943839,938.5940002185719,65.63393296146522,98.6101183918698,2.898617700185917,4.890475327585284,HIGH_RISK
-22.485655727584568,30.48947966547354,37.8842062576317,883.052012550106,957.3089227829834,64.65941719310517,93.12034822969073,1.1473282703448855,3.915592557652854,HIGH_RISK
7.988665017414384,2.0654969677251747,8.25136634043976,958.897368812082,543.9862235389908,46.14507968130532,80.31436630463425,5.765026283218915,1.0602349871261336,MODERATE_RISK
10.513335274482888,1.9235112805851702,10.687848906128144,985.5462062848732,545.4707889701083,41.34263374779209,87.39197432825762,11.847817704802498,1.2692064832252714,MODERATE_RISK
-1.1893092483935161,-2.6411441387337264,2.896566734926345,1025.1479692426874,170.34789519628876,27.794755254068175,46.35394449644508,45.58289256006232,0.0565423811875675,LOW_RISK
-2.228340559555458,-1.336788338122931,2.5985581983672024,1019.7632140969462,255.0977300791793,30.246773797090643,46.17661932299798,51.339802435515445,0.07429943784756078,LOW_RISK
-32.21232727633759,-24.485341526286252,40.461907743169505,942.5723891147828,771.2365188515222,62.92755204511725,97.80639502655691,1.5926522243209082,3.4948187787422866,HIGH_RISK
-0.4216504393289323,1.6052253574746411,1.6596799514562652,1013.869844148151,236.63228618473943,21.086001816533575,55.6069146730927,48.53615686902138,0.2984225480254207,LOW_RISK
-6.157195347171906,-0.2952796556404751,6.16427162106526,976.8411939832816,503.2581743148834,42.886438970987584,85.55499068696787,10.184396334101368,1.3000570301215761,MODERATE_RISK
0.8411767895523516,-0.6441083116878794,1.0594592528582738,1011.7227696661816,110.77998093875473,21.901540119925674,42.921301873240125,44.17879007483984,0.08610632386285244,LOW_RISK
1.180626905613678,3.4364138588861124,3.633568507652425,1015.222038227456,196.65047846251136,19.883877055120855,69.57802505874753,45.21520435425194,0.2867030805260162,LOW_RISK
9.034039238974021,5.18536007899533,10.416420888201511,962.0395130717607,622.6471245265834,41.00631928581676,85.7198907025469,7.76862163152588,0.7372170393812454,MODERATE_RISK
-40.00603701327772,-38.216960069004685,55.326476793879124,919.0970419433712,824.8728126518475,52.97850015338772,98.5997287047259,0.9160339562356787,4.795628722749609,HIGH_RISK
-44.884523715904095,21.288896638540386,49.677334764357205,941.3904819327502,955.7652450103665,70.52688245971044,94.26634715031373,2.6959305960994775,5.137375411627996,HIGH_RISK
-1.056515535814139,0.9520822028426549,1.4222115167535239,1029.3481635656062,179.2478443801628,26.581683941552154,66.43892636842276,44.54015766898477,0.048723191955716255,LOW_RISK
6.27855448498756,1.5915877644342442,6.477144280688381,976.3982135851821,591.2592415040522,39.94232929695582,81.25768119643368,9.85708042790008,0.5403346796037265,MODERATE_RISK
-13.784717175993208,2.588307309783896,14.02561094398397,977.9328442900485,571.417613325674,42.51205408212397,86.5624404169162,11.261834359810038,1.3409381116763788,MODERATE_RISK
-44.898027361647316,38.07973511711042,58.87188707317376,919.2481192329377,745.5917659372285,67.0663573988334,95.01921775765747,4.355765067934614,4.790899403783618,HIGH_RISK
-12.254148541427622,-0.47270016840067575,12.263262287196614,960.9078420197549,469.1965759487465,46.3360755868824,86.25973669583487,7.510624032409277,1.2788368808835417,MODERATE_RISK
12.547914390432116,-4.819143623160458,13.441514081764058,986.1793382272715,570.9630960050029,45.15639236066959,86.10303137333472,8.562951650874332,1.1797128780799566,MODERATE_RISK
-8.138325297586805,-3.3871426484617384,8.81504815473913,984.6613966086105,619.4717470056364,43.533924402297636,80.34530871985274,10.727519628709473,0.7764086253848548,MODERATE_RISK
44.39161930361432,-35.810311093557665,57.03502647509163,917.1168454312794,744.700718073962,53.65684927542596,98.30906196942804,2.037122273839021,2.0633487788105933,HIGH_RISK
1.2338173681547835,-0.724779693449061,1.4309475538944505,1021.731679259991,266.5109756838624,24.82042787950985,50.57587723901552,47.093799800637484,0.01497968017094111,LOW_RISK
-2.3553370798356847,-1.9800337668310588,3.077035338997601,1010.9709960530427,121.93805548604017,25.877209348801745,45.008505371034076,45.37836770306693,0.34144769141430475,LOW_RISK
-15.243564211109845,-27.15439315074269,31.14044503926253,883.177734917837,764.0088351860089,57.83455148668799,93.47276390959767,1.9925941478118405,3.4883705910468503,HIGH_RISK
9.975576163862915,5.09609109628421,11.201886638538044,981.1855635697792,523.4090507924592,43.93854364705801,79.49816286046104,7.630225218433461,0.8201846434948723,MODERATE_RISK
-12.744603379287005,2.9505706251998367,13.081696461454298,983.6780545954244,383.6876158350416,43.70644182545045,79.0701067260442,5.904628834619452,1.076660023376701,MODERATE_RISK
19.286638025768017,22.530185363231197,29.657775689329068,903.7457716057148,799.2514149997533,60.44045658811835,95.67009136702389,3.7434438780751655,4.757701240747144,HIGH_RISK
6.846645500556447,1.5044305470591963,7.009983301065322,985.4695453442821,593.0499753780573,44.76736698679886,81.76165110431077,9.649302981755605,0.9316523787476749,MODERATE_RISK
-34.37081605151754,-19.23236764558123,39.38574566136911,918.3229787039678,954.9697938155458,68.96220298182143,96.30359418743689,1.2676872323632615,1.8384133317957447,HIGH_RISK
-36.5521883309508,-39.26125934462232,53.642417517362034,894.9619269367101,823.7533168545001,74.13455034897778,96.41348506742919,1.095074304761623,4.434655643090611,HIGH_RISK
-31.91106658254575,-36.70677875983256,48.63850097771274,901.1404850869362,741.1105936132843,59.86430500529547,93.39418314195224,2.156268666307345,1.7316459587595339,HIGH_RISK
-0.17210466220034853,-0.30537054015354265,0.3505298582785245,1017.9253038437798,203.8779938733004,28.208513834472477,51.0202154583184,52.209712009763,0.020033693241527314,LOW_RISK
42.655035299013214,-27.251599800531018,50.61720782548525,937.20407538288,854.2384734278271,63.42619894388301,94.58037185131379,0.6022171385975179,2.080820323275763,HIGH_RISK
31.909760989050454,28.47415611433395,42.76693129979971,943.023371869549,777.4607520044084,70.0066256794637,92.00366471632786,2.7147803442693177,5.56184510181517,HIGH_RISK
1.1354829249680278,-0.27434466165726024,1.1681551550516671,998.237578351665,129.16948849868007,25.583345880861536,49.96002106353038,40.5800057162678,0.1593595959277858,LOW_RISK
31.542134247177017,-20.34879784909657,37.53637977709537,886.7384938063454,860.7051958359074,68.69104698001223,97.23365392214583,2.16815983587693,6.29194325118257,HIGH_RISK
9.980866050473548,2.5303906881044043,10.29662877605777,971.1520797639593,456.9253282212766,43.53037843989601,78.32196422087337,11.355440371835103,0.9762467908600961,MODERATE_RISK
42.71539872578088,-28.56518866771323,51.38652831165475,888.6616728791457,866.4411179075468,66.2178766423247,92.93186428965979,3.0726304122360686,5.839205509045236,HIGH_RISK
-34.46395873736665,-30.333129195428533,45.91147110077687,886.962313495483,755.30984744799,73.85516592864894,91.39483234559331,2.7461162922177706,4.479365824394035,HIGH_RISK
-16.014649251575975,-19.974899281184815,25.602062259600896,900.1991795332312,798.5645284593749,53.48459951554931,91.37525128304921,1.714959290519392,4.5375981641672825,HIGH_RISK
-4.045329964412358,-0.2807163975068232,4.0550581027652,1010.2859352112798,146.838542834622,22.78764073234347,61.267000187547474,45.06111774207585,0.13629319360047698,LOW_RISK
8.285227736349407,1.4755546452780695,8.415596244733656,982.7005010891759,640.0409580339176,38.07730267340349,78.41066373746611,11.57998469476311,0.9649944462217462,MODERATE_RISK
34.07210334765807,19.901443693936514,39.458531240232674,881.8610608076867,803.8791359747686,68.4863546739909,92.82050128942949,2.1121293381701953,5.424075977960236,HIGH_RISK
-6.50859407456526,3.3433890588802764,7.31710647910131,968.9925206936143,501.41621180972174,42.08986503733834,78.96075975638357,5.994656862916855,0.6566577236665776,MODERATE_RISK
11.994450765850356,1.194320399692106,12.053764988232055,991.7762544215614,462.199731227401,38.799151093466065,81.37474695036673,8.257542094419277,1.0784601907432738,MODERATE_RISK
1.3066870551475385,-3.636360390409412,3.8640067221769474,1005.8466029915234,125.35452506392915,16.855117988576254,56.67612442596878,54.34301609581501,0.07465859072879197,LOW_RISK
44.94755370558768,16.98136611918021,48.048406626966624,885.3504943886763,822.8951573743568,60.612031619027334,96.06495164228029,2.6770400872379314,4.7724466931311,HIGH_RISK
-2.272270837028797,-1.452516682295453,2.6968536239770486,1017.9584261581657,122.22518851160748,30.789222797567227,56.49630763468632,49.26600772525777,0.001455725417785709,LOW_RISK
13.933308883404603,0.7076970292919018,13.951269889355242,964.8433676912017,466.233711545095,41.26756047243031,83.75370064825717,8.265972935187797,0.7487414107843096,MODERATE_RISK
-2.8343110964182965,-0.5827776796333287,2.893604882349816,1014.0960303301719,141.56383000522382,26.536808288023586,51.844218486347685,43.153406149209054,0.0369486952428491,LOW_RISK
23.664833400932338,39.07031996945859,45.678378281302386,900.631346395333,888.6575916751008,64.85241919014192,93.45548595033881,2.2942763913230495,6.054954063824438,HIGH_RISK
39.38858950941618,43.44488415060917,58.64229653075621,944.8109811446661,887.5109451521159,74.04672326219041,95.51219034881746,4.210550872212746,5.48828206320497,HIGH_RISK
-26.070892691477937,16.454921066818144,30.829464365210324,911.4015709861042,892.4357250975986,54.294664778568546,95.46970362075618,2.6901522681969325,2.897337293860409,HIGH_RISK
-9.787196271931723,6.573446120823313,11.789800879093814,977.6448168495137,621.2022432934542,42.73215029918105,87.88656554914013,5.640671664953532,0.9867308637182679,MODERATE_RISK
2.4674515702519253,-1.17734746962336,2.733946655618434,1015.680548764839,160.29235581780864,28.038059549944432,45.654995583866835,45.54785790038929,0.07058638968032992,LOW_RISK
36.300681945005536,34.55799178427252,50.11979953904742,940.5529376601671,754.3606112991239,61.964028609090434,94.76095812853175,2.40280008502197,3.100152454447294,HIGH_RISK
-1.1330743985299838,0.7516412549097679,1.3597140025337737,1004.041887331044,239.73115607132732,22.449649831696146,63.86633175779944,42.355266186376504,0.07577271502315655,LOW_RISK
-37.118090493771135,17.331359270666717,40.96496864483981,911.0205918625805,972.2264587262059,63.341503509709625,91.23425107814516,2.6427646825717424,1.6359543635933598,HIGH_RISK
-0.3386644507298035,-0.8605500059078686,0.9247918267675986,1015.4690155036656,145.6358965595224,28.24319458236684,46.179645525654195,43.73024146801382,0.04831873841117169,LOW_RISK
-1.7968168388832728,1.0097720269049375,2.061113849066612,1017.0260181673542,256.65472028524476,33.7848925686112,69.95682419756886,42.064423646899264,0.023900990141809336,LOW_RISK
-13.2100665979964,10.204987773077853,16.692741984831873,980.7247141177974,596.7910571710546,40.570062322224324,81.48866721795177,11.654133548713535,1.3291577705120965,MODERATE_RISK
-35.510175652185204,35.76701623936262,50.40091294327788,892.9628757897572,914.4364138430709,67.98801412742363,96.47358194779744,1.6035952676873912,2.4370186688097433,HIGH_RISK
1.6759437473821914,2.061657139756226,2.656918818160857,1027.2289055833244,235.60926129663983,26.659091563155165,64.50380108723043,46.41526581129327,0.129323774242118,LOW_RISK
-11.976716923645151,-3.5091819570883995,12.480228614776372,990.8740060241554,385.77498860227155,41.54941964489242,80.88851123331631,11.016346391521612,0.7387916630582004,MODERATE_RISK
22.781441202251713,-23.46334818310793,32.703558999188544,937.6426412678611,898.154794048002,65.67971384737461,98.93422857412831,3.2843065030705545,3.7004007674761152,HIGH_RISK
28.09893962682481,-35.349786138937894,45.157034758945265,921.0309718495052,777.2961195472877,71.80574087234373,97.47990300013672,3.382737001085261,2.276271566830765,HIGH_RISK
8.39254974517645,8.171227095078727,11.713404435287378,971.8960386352448,628.1244178851076,46.89713720124398,80.0445132623253,8.277489281024184,0.980156896264838,MODERATE_RISK
-44.90960702672585,17.609362531926337,48.23859919271864,905.4817586451335,958.6350339768707,58.11040438469816,93.75330821401442,2.9129652855792463,3.803325299769438,HIGH_RISK
2.718672836995393,0.8272280640607013,2.8417403584047216,1011.6782673325753,214.97864061083095,26.44065673578307,44.69587640247224,44.77438554837974,0.06002350415275204,LOW_RISK
-5.639061022003297,-1.0538612132364467,5.736691787663084,969.8016585427478,608.7465616448148,45.43862144885998,85.61813096875863,6.04946199940822,1.1006587621047268,MODERATE_RISK
-2.3259951465991993,0.4820358231754096,2.3754182698689985,1016.7578059104778,204.55068064796822,28.798378285457954,47.30327850296232,44.872529357074,0.04690138256973467,LOW_RISK
-33.342924216836664,-22.709509874624473,40.3419438559346,905.169922675493,828.8270555157133,61.57741342798954,94.26434399054457,3.6895014990807216,1.9908720089759502,HIGH_RISK
-28.34408973109899,36.3763279585978,46.11534081448445,897.0502697329885,881.3436912346691,56.71402623134245,92.00512781687677,1.7362206298904703,2.0087792768346526,HIGH_RISK
-6.797554521001129,3.613198416667296,7.698178373108144,972.4077818699591,645.9526319139504,45.49275336824105,79.57946372421767,10.042333778087833,1.0521632144457613,MODERATE_RISK
-0.018370159270371934,2.296126248515546,2.2961997325741708,1010.8982644186865,212.36691702279964,23.180821130489228,54.94567897521937,44.64889819241192,0.05507658434021636,LOW_RISK
-10.295902007747824,7.024789757654729,12.464079159424353,973.8481167122352,441.6729833446227,43.13966512522646,84.80977929211764,6.807696924083237,0.8795134821676049,MODERATE_RISK
0.9212500500651378,2.5048567565271096,2.668896593250576,1007.1437111665714,242.74466874444548,25.935392103158392,67.7857895924388,49.31271742307585,0.0033082018965218812,LOW_RISK
-15.76322703397318,-37.48486516385027,40.66441248655412,933.1342184409596,722.8328229865892,66.7116788139804,97.11641171416392,2.5778904674373027,3.16679680457236,HIGH_RISK
7.2636173570876075,-7.9498270348245175,10.768467253690803,987.9146888906537,515.1880895047336,43.039657798253934,83.22048416171259,11.563278097306668,1.0206606131685008,MODERATE_RISK
-11.094147397165116,-2.6968091828805862,11.417218848690542,988.0496268879042,536.903047980845,41.404506955436055,84.38525046191664,5.944945601269278,1.048515427409688,MODERATE_RISK
-13.612925919833973,4.042141513804945,14.20037535125438,979.8473464796892,441.01642672860294,45.48558985670677,87.60600810012521,7.463317625680711,0.7164939633931282,MODERATE_RISK
6.0730572003607275,1.3981274340200711,6.231916565601053,969.3064857641887,507.2339055687449,39.37103188074329,84.9488708580728,6.991221397352136,1.0851603133649106,MODERATE_RISK
0.30438453127694953,-0.2014631122058217,0.3650168879111537,1009.0002856431393,172.17966764131637,18.53314650020794,52.09116273721396,41.8566487648457,0.07316209642746824,LOW_RISK
